motif	n_ELAP	n_BID	fingerprint_logratio_ELAP_vs_BID
AAUAA	5	0	1.530756761578413
AAUAC	2	0	0.7422994012141428
AAUAG	3	0	1.0787716378353558
AAUAU	2	0	0.7422994012141428
AAUCA	3	0	1.0787716378353558
AAUCC	8	0	1.9660748328362585
AAUCG	1	0	0.23147377744815234
AAUCU	3	0	1.0787716378353558
AAUGA	1	0	0.23147377744815234
AAUGC	3	0	1.0787716378353558
AAUGG	6	2	0.08837293380747901
AAUGU	2	0	0.7422994012141428
ACUAC	2	0	0.7422994012141428
ACUAU	7	1	0.7422994012141437
ACUCA	6	0	1.6978108462415795
ACUCG	1	0	0.23147377744815234
ACUCU	8	0	1.9660748328362585
ACUGA	4	0	1.3300860661162623
ACUGC	1	0	0.23147377744815234
ACUGU	4	0	1.3300860661162623
AGUAA	1	0	0.23147377744815234
AGUAC	1	0	0.23147377744815234
AGUAU	0	1	-1.9657507998880668
AGUCA	2	0	0.7422994012141428
AGUCC	0	4	-3.064363088556177
AGUCG	0	5	-3.265033784018328
AGUCU	3	0	1.0787716378353558
AGUGA	3	0	1.0787716378353558
AGUGC	2	0	0.7422994012141428
AGUGG	0	7	-3.5751887123221673
AGUGU	1	0	0.23147377744815234
CAUAA	2	0	0.7422994012141428
CAUAG	7	0	1.8409116898822528
CAUAU	7	0	1.8409116898822528
CAUCA	1	0	0.23147377744815234
CAUCC	10	0	2.177383926503466
CAUCU	6	0	1.6978108462415795
CAUGA	5	0	1.530756761578413
CAUGC	5	0	1.530756761578413
CAUGG	6	0	1.6978108462415795
CAUGU	4	0	1.3300860661162623
CCUAC	1	0	0.23147377744815234
CCUAU	1	2	-1.3779641349859482
CCUCG	0	1	-1.9657507998880668
CCUCU	1	1	-0.8671385112199568
CCUGA	2	0	0.7422994012141428
CCUGC	2	0	0.7422994012141428
CCUGG	1	0	0.23147377744815234
CCUGU	5	0	1.530756761578413
CGUAA	2	2	-0.8671385112199577
CGUAC	2	0	0.7422994012141428
CGUAU	0	1	-1.9657507998880668
CGUCA	1	0	0.23147377744815234
CGUCC	1	1	-0.8671385112199568
CGUCG	2	1	-0.3563128874539663
CGUGA	5	1	0.4321444729103039
CGUGC	7	1	0.7422994012141437
CGUGG	0	7	-3.5751887123221673
CGUGU	2	0	0.7422994012141428
GAUAA	4	0	1.3300860661162623
GAUAC	3	0	1.0787716378353558
GAUAG	2	0	0.7422994012141428
GAUAU	6	0	1.6978108462415795
GAUCA	2	1	-0.3563128874539663
GAUCC	7	1	0.7422994012141437
GAUCG	4	1	0.23147377744815323
GAUCU	5	0	1.530756761578413
GAUGA	2	1	-0.3563128874539663
GAUGC	2	2	-0.8671385112199577
GAUGG	4	0	1.3300860661162623
GAUGU	5	0	1.530756761578413
GCUAA	4	0	1.3300860661162623
GCUAC	7	0	1.8409116898822528
GCUAG	1	1	-0.8671385112199568
GCUAU	5	0	1.530756761578413
GCUCA	1	0	0.23147377744815234
GCUCC	3	0	1.0787716378353558
GCUCG	2	1	-0.3563128874539663
GCUCU	3	3	-0.8671385112199568
GCUGA	13	2	0.8192604423502714
GCUGC	5	4	-0.6664678157578061
GCUGG	3	0	1.0787716378353558
GCUGU	5	2	-0.0786811508556875
GGUAA	12	0	2.3517373136482433
GGUAC	11	0	2.2683557047091925
GGUAG	1	0	0.23147377744815234
GGUAU	20	0	2.8464335554843503
GGUCA	2	2	-0.8671385112199577
GGUCC	0	10	-3.9116609489433802
GGUCG	0	5	-3.265033784018328
GGUCU	3	1	-0.019840650832753326
GGUGA	16	1	1.530756761578414
GGUGC	13	7	-0.2793518463178377
GGUGG	1	34	-4.0026327271491065
GGUGU	11	3	0.3224455556538799
UAUAA	1	0	0.23147377744815234
UAUAC	4	0	1.3300860661162623
UAUAG	9	0	2.0773004679464835
UAUAU	1	0	0.23147377744815234
UAUCA	3	0	1.0787716378353558
UAUCC	10	0	2.177383926503466
UAUCG	0	1	-1.9657507998880668
UAUCU	1	0	0.23147377744815234
UAUGA	1	0	0.23147377744815234
UAUGC	5	0	1.530756761578413
UAUGG	1	0	0.23147377744815234
UCUAC	1	0	0.23147377744815234
UCUAG	8	3	0.020164683780945936
UCUCU	2	0	0.7422994012141428
UCUGA	0	1	-1.9657507998880668
UCUGC	1	0	0.23147377744815234
UCUGU	1	0	0.23147377744815234
UGUAA	2	0	0.7422994012141428
UGUAC	4	0	1.3300860661162623
UGUAG	30	12	0.02485952808515357
UGUAU	2	0	0.7422994012141428
UGUCA	4	1	0.23147377744815323
UGUCC	0	5	-3.265033784018328
UGUCG	1	0	0.23147377744815234
UGUCU	4	1	0.23147377744815323
UGUGA	3	1	-0.019840650832753326
UGUGC	1	1	-0.8671385112199568
UGUGG	2	13	-2.553537464790186
UGUGU	1	0	0.23147377744815234
