term	beta	SE_gene_cluster	z	p	OR	OR_CI_low	OR_CI_high	n	n_gene_clusters	analysis
intercept	-0.8356298992244777	0.13809885471686612	-6.050954592908884	1.4399003302611471e-09	0.4336012702903926	0.3307793790216506	0.5683850733184193	856	734	sensitivity_PRAISE_point_sites_only
ELAP_support	-0.6361090662428136	0.1852601375940459	-3.4335992324301157	0.0005956241377778407	0.5293480805538779	0.36816689082977083	0.7610933991227233	856	734	sensitivity_PRAISE_point_sites_only
BID_support	0.18084976949156437	0.2194278266020051	0.8241879450393818	0.4098327755968033	1.1982351542944596	0.7794016487672332	1.8421406822246236	856	734	sensitivity_PRAISE_point_sites_only
source_signal_rank	1.1932179012017265	0.27335587080188267	4.365071427591627	1.2708122653243384e-05	3.297675746899145	1.9298463617360937	5.634990197822776	856	734	sensitivity_PRAISE_point_sites_only
intercept	-1.4561661285543974	0.10758874040646503	-13.534558756363097	9.776772817821214e-42	0.23312834770595092	0.18880509115875585	0.2878567848491321	2200	1700	sensitivity_no_external_strand_ambiguity
ELAP_support	-0.1677539836475644	0.09707321457538262	-1.7281181465078022	0.08396704474460663	0.8455618311358004	0.6990608523692138	1.0227647676887919	2200	1700	sensitivity_no_external_strand_ambiguity
BID_support	0.22263011625217305	0.15183585054256069	1.4662552714437374	0.14257875597740072	1.2493583709039868	0.9277730346765073	1.6824118406201705	2200	1700	sensitivity_no_external_strand_ambiguity
source_signal_rank	2.2177065148881123	0.17818792749814574	12.445885341537464	1.4724255938722785e-35	9.186238186739672	6.47830030270002	13.026097599758295	2200	1700	sensitivity_no_external_strand_ambiguity
source_interval_flag	0.36143814714630695	0.1014342137130598	3.563276471672115	0.00036625457986090424	1.435392236132548	1.1765978407297712	1.7511088327951436	2200	1700	sensitivity_no_external_strand_ambiguity
intercept	-0.613140702645207	0.33460500940231946	-1.8324313307216038	0.06688718378349866	0.5416470425694746	0.28112200536812565	1.0436092270332198	1100	956	sensitivity_top_half_PRAISE_signal
ELAP_support	-0.23328490165499	0.1316700076354144	-1.7717391063038483	0.07643787490185902	0.7919279198062958	0.6117949408294874	1.0250980979319984	1100	956	sensitivity_top_half_PRAISE_signal
BID_support	0.43928133899175315	0.16329211626181608	2.6901564450755657	0.007141852933494438	1.5515917492463112	1.1266276512042852	2.1368523608983394	1100	956	sensitivity_top_half_PRAISE_signal
source_signal_rank	0.5065318891758098	0.4605236692498138	1.0999041373941598	0.2713738918497166	1.6595257838483455	0.6729430980910057	4.092509210763945	1100	956	sensitivity_top_half_PRAISE_signal
source_interval_flag	0.8857564574731397	0.13654966677030347	6.486698052241399	8.773792377978072e-11	2.4248179695602734	1.8554348899492938	3.168929406982904	1100	956	sensitivity_top_half_PRAISE_signal
