TE_dataset	repeat	model	n_genes	R2	RMSE	Spearman
raw__HeLa_TE_GSE143301	0	R0_sequence	805	0.35636826335629757	0.8031532975995833	0.5714130900603864
raw__HeLa_TE_GSE143301	0	R1_sequence_plus_naivePsi_residual	805	0.3612191966009478	0.8001209644010633	0.5587349766893842
raw__HeLa_TE_GSE143301	0	R2_plus_confirmation_residual	805	0.35868760503279995	0.801704900955312	0.5604710292533448
raw__HeLa_TE_GSE143301	1	R0_sequence	805	0.355209895954713	0.803875704782986	0.5566828327729292
raw__HeLa_TE_GSE143301	1	R1_sequence_plus_naivePsi_residual	805	0.36043234892529585	0.8006136056643596	0.5430991168719079
raw__HeLa_TE_GSE143301	1	R2_plus_confirmation_residual	805	0.36053308244486004	0.8005505538495791	0.5440078018734525
raw__HeLa_TE_GSE143301	2	R0_sequence	805	0.3552151308634065	0.8038724415315569	0.5716809430338559
raw__HeLa_TE_GSE143301	2	R1_sequence_plus_naivePsi_residual	805	0.36077130961742065	0.8004014213025571	0.5581108912230304
raw__HeLa_TE_GSE143301	2	R2_plus_confirmation_residual	805	0.3588319106235295	0.8016146976401893	0.5583954677547024
raw__HeLa_TE_GSE143301	3	R0_sequence	805	0.33826123167696487	0.8143723333900247	0.5593748425696679
raw__HeLa_TE_GSE143301	3	R1_sequence_plus_naivePsi_residual	805	0.34414300981131685	0.8107450344410683	0.5468388449381102
raw__HeLa_TE_GSE143301	3	R2_plus_confirmation_residual	805	0.3417620994098387	0.8122152959610547	0.5450446854855386
raw__HeLa_TE_GSE143301	4	R0_sequence	805	0.34667236637670173	0.8091801778806486	0.5710282411900548
raw__HeLa_TE_GSE143301	4	R1_sequence_plus_naivePsi_residual	805	0.35163527866307376	0.8061009067137429	0.5552617213855204
raw__HeLa_TE_GSE143301	4	R2_plus_confirmation_residual	805	0.3521186924635097	0.8058003405721255	0.5571633762816698
raw__HeLa_TE_GSE188692	0	R0_sequence	736	0.014654042359287023	0.9936127018989511	0.12125610553347642
raw__HeLa_TE_GSE188692	0	R1_sequence_plus_naivePsi_residual	736	0.013232277506499024	0.9943292900067248	0.11208781253047499
raw__HeLa_TE_GSE188692	0	R2_plus_confirmation_residual	736	0.011246540733364396	0.9953292638847322	0.09729087080528631
raw__HeLa_TE_GSE188692	1	R0_sequence	736	0.011700898222311462	0.9951005479868831	0.12035949357030286
raw__HeLa_TE_GSE188692	1	R1_sequence_plus_naivePsi_residual	736	0.0008904170203236639	1.0005281851543997	0.06022090683952184
raw__HeLa_TE_GSE188692	1	R2_plus_confirmation_residual	736	-0.0009402100744777542	1.0014443788409255	0.0639393076562818
raw__HeLa_TE_GSE188692	2	R0_sequence	736	-0.00520406173595811	1.0035751117750549	0.07383590035624892
raw__HeLa_TE_GSE188692	2	R1_sequence_plus_naivePsi_residual	736	-0.008009055974552037	1.004974360663018	0.05793403314957036
raw__HeLa_TE_GSE188692	2	R2_plus_confirmation_residual	736	-0.010364460968420586	1.0061478324783213	0.044909125823652564
raw__HeLa_TE_GSE188692	3	R0_sequence	736	0.008310043079838625	0.9968061816873134	0.08718442955024024
raw__HeLa_TE_GSE188692	3	R1_sequence_plus_naivePsi_residual	736	0.006248328501758271	0.9978418192783348	0.0746475736185572
raw__HeLa_TE_GSE188692	3	R2_plus_confirmation_residual	736	-0.0021428467111606064	1.0020458194358763	0.027257858485261837
raw__HeLa_TE_GSE188692	4	R0_sequence	736	0.0047247437278093996	0.9986064541344715	0.0991556394842758
raw__HeLa_TE_GSE188692	4	R1_sequence_plus_naivePsi_residual	736	-0.0040250920868396545	1.0029864095526473	0.06423319194942444
raw__HeLa_TE_GSE188692	4	R2_plus_confirmation_residual	736	-0.010279136140674439	1.006105347213661	0.04396820848568322
raw__HeLa_TE_GSE21992	0	R0_sequence	798	0.16819042769869763	0.9111331296794463	0.41279815777117557
raw__HeLa_TE_GSE21992	0	R1_sequence_plus_naivePsi_residual	798	0.1643213774209935	0.9132496778896219	0.4089082376829303
raw__HeLa_TE_GSE21992	0	R2_plus_confirmation_residual	798	0.16094719844550787	0.9150915125194431	0.4036135560106826
raw__HeLa_TE_GSE21992	1	R0_sequence	798	0.1742190155321992	0.907825380560639	0.41378726219068074
raw__HeLa_TE_GSE21992	1	R1_sequence_plus_naivePsi_residual	798	0.1711926480716477	0.9094873833359807	0.41215670161753387
raw__HeLa_TE_GSE21992	1	R2_plus_confirmation_residual	798	0.1704055188830097	0.909919156880221	0.41098756253025653
raw__HeLa_TE_GSE21992	2	R0_sequence	798	0.15107322178634885	0.9204601643906161	0.3942085865272554
raw__HeLa_TE_GSE21992	2	R1_sequence_plus_naivePsi_residual	798	0.14949534987796143	0.9213151815916147	0.3923095797181124
raw__HeLa_TE_GSE21992	2	R2_plus_confirmation_residual	798	0.14671623707119552	0.9228192007670889	0.38669964846365595
raw__HeLa_TE_GSE21992	3	R0_sequence	798	0.15538980808437786	0.9181170239310252	0.3808698217702837
raw__HeLa_TE_GSE21992	3	R1_sequence_plus_naivePsi_residual	798	0.15327805853334608	0.9192640754613938	0.3767568891686018
raw__HeLa_TE_GSE21992	3	R2_plus_confirmation_residual	798	0.15176775869276415	0.9200835569009449	0.37533014276354804
raw__HeLa_TE_GSE21992	4	R0_sequence	798	0.1698955936697094	0.9101987630327182	0.40749615569664444
raw__HeLa_TE_GSE21992	4	R1_sequence_plus_naivePsi_residual	798	0.16777080184557536	0.9113629219433678	0.40356613869524627
raw__HeLa_TE_GSE21992	4	R2_plus_confirmation_residual	798	0.16639565787513488	0.9121155619307635	0.40085130847290873
raw__HeLa_TE_GSE79664	0	R0_sequence	807	0.13433332221596628	0.9305128028322013	0.45221740457920445
raw__HeLa_TE_GSE79664	0	R1_sequence_plus_naivePsi_residual	807	0.1401246504923117	0.927395004439165	0.4622092925021192
raw__HeLa_TE_GSE79664	0	R2_plus_confirmation_residual	807	0.13902354005898165	0.9279886007161253	0.4627315040395532
raw__HeLa_TE_GSE79664	1	R0_sequence	807	0.14157760979578116	0.9266111484438433	0.4573754279686919
raw__HeLa_TE_GSE79664	1	R1_sequence_plus_naivePsi_residual	807	0.14657476850702666	0.9239101579322754	0.46462809706764213
raw__HeLa_TE_GSE79664	1	R2_plus_confirmation_residual	807	0.14622601834145454	0.924098915480923	0.4662368355702433
raw__HeLa_TE_GSE79664	2	R0_sequence	807	0.12685675188502876	0.9345224797105016	0.42502669395778125
raw__HeLa_TE_GSE79664	2	R1_sequence_plus_naivePsi_residual	807	0.13295984427355134	0.9312506920834253	0.43517580931486005
raw__HeLa_TE_GSE79664	2	R2_plus_confirmation_residual	807	0.1315601804183506	0.9320020484733699	0.43604521811687474
raw__HeLa_TE_GSE79664	3	R0_sequence	807	0.13867412141043256	0.9281768890407355	0.46063665283387956
raw__HeLa_TE_GSE79664	3	R1_sequence_plus_naivePsi_residual	807	0.14623318138761043	0.9240950389414582	0.4758576658352138
raw__HeLa_TE_GSE79664	3	R2_plus_confirmation_residual	807	0.145777517089683	0.9243416056500895	0.4765337940345272
raw__HeLa_TE_GSE79664	4	R0_sequence	807	0.12251009259163115	0.9368456998551494	0.4342166215016439
raw__HeLa_TE_GSE79664	4	R1_sequence_plus_naivePsi_residual	807	0.1289043686585587	0.9334260576206297	0.4465576507746248
raw__HeLa_TE_GSE79664	4	R2_plus_confirmation_residual	807	0.12810094407750972	0.9338564148468428	0.4458597856427926
raw__HeLa_TE_SRA099816	0	R0_sequence	810	0.31889573268712923	0.8252500182211864	0.6205204126545267
raw__HeLa_TE_SRA099816	0	R1_sequence_plus_naivePsi_residual	810	0.321295582299023	0.8237948639610072	0.6195642335593777
raw__HeLa_TE_SRA099816	0	R2_plus_confirmation_residual	810	0.32091470179400505	0.8240259832725867	0.6192318085690885
raw__HeLa_TE_SRA099816	1	R0_sequence	810	0.3143765757796929	0.8279832770603927	0.6027485915207129
raw__HeLa_TE_SRA099816	1	R1_sequence_plus_naivePsi_residual	810	0.3172428628051287	0.8262507492602574	0.6033149694606275
raw__HeLa_TE_SRA099816	1	R2_plus_confirmation_residual	810	0.31287511924399436	0.8288893874616844	0.5997939561176209
raw__HeLa_TE_SRA099816	2	R0_sequence	810	0.31507698157357256	0.8275602514995468	0.6163819450689267
raw__HeLa_TE_SRA099816	2	R1_sequence_plus_naivePsi_residual	810	0.3178749436803039	0.8258681987179894	0.6160800032831542
raw__HeLa_TE_SRA099816	2	R2_plus_confirmation_residual	810	0.3166709708276211	0.8265967194750581	0.615637748436
raw__HeLa_TE_SRA099816	3	R0_sequence	810	0.31157863828600674	0.8296710014754811	0.6178532225799483
raw__HeLa_TE_SRA099816	3	R1_sequence_plus_naivePsi_residual	810	0.31486790528553255	0.8276865503819141	0.6167474725613057
raw__HeLa_TE_SRA099816	3	R2_plus_confirmation_residual	810	0.31337573992756906	0.8285873792001964	0.6151814713147684
raw__HeLa_TE_SRA099816	4	R0_sequence	810	0.3074928731592401	0.8321293985023577	0.6110998605506296
raw__HeLa_TE_SRA099816	4	R1_sequence_plus_naivePsi_residual	810	0.3107906923389606	0.8301456736637713	0.6094597964071932
raw__HeLa_TE_SRA099816	4	R2_plus_confirmation_residual	810	0.30913855877621466	0.8311400672176564	0.6089904905385498
