TE_dataset	repeat	R2_M0	R2_M1	R2_M2	delta_R2_M1_minus_M0	delta_R2_M2_minus_M1	family
raw__HeLa_TE_GSE143301	0	0.35636826335629757	0.3572049785735365	0.3564699440944342	0.0008367152172389369	-0.0007350344791022811	joint
raw__HeLa_TE_GSE143301	1	0.355209895954713	0.35680427411213367	0.35661454130503867	0.001594378157420695	-0.00018973280709499996	joint
raw__HeLa_TE_GSE143301	2	0.3552151308634065	0.3565609816608649	0.35582967534606036	0.0013458507974584144	-0.0007313063148045584	joint
raw__HeLa_TE_GSE143301	3	0.33826123167696487	0.33980501896037885	0.3391482504973077	0.0015437872834139776	-0.0006567684630711668	joint
raw__HeLa_TE_GSE143301	4	0.34667236637670173	0.34727851449611635	0.3472289220537895	0.0006061481194146179	-4.959244232682902e-05	joint
raw__HeLa_TE_GSE188692	0	0.014654042359287023	0.014596950850119694	0.01449487052667675	-5.7091509167328525e-05	-0.00010208032344294349	joint
raw__HeLa_TE_GSE188692	1	0.011700898222311462	0.011216180753073846	0.011166652414014933	-0.0004847174692376166	-4.952833905891296e-05	joint
raw__HeLa_TE_GSE188692	2	-0.00520406173595811	-0.005561547174469883	-0.005688542403996966	-0.00035748543851177317	-0.00012699522952708264	joint
raw__HeLa_TE_GSE188692	3	0.008310043079838625	0.008221567047087541	0.0040431669938018056	-8.847603275108362e-05	-0.004178400053285736	joint
raw__HeLa_TE_GSE188692	4	0.0047247437278093996	0.004319506279617524	0.0031680717049060725	-0.00040523744819187524	-0.0011514345747114518	joint
raw__HeLa_TE_GSE21992	0	0.16819042769869763	0.16739404583184447	0.16651779489029306	-0.0007963818668531575	-0.0008762509415514153	joint
raw__HeLa_TE_GSE21992	1	0.1742190155321992	0.17326661206857363	0.17313305948408098	-0.0009524034636255729	-0.00013355258449265772	joint
raw__HeLa_TE_GSE21992	2	0.15107322178634885	0.15040254015622634	0.14964811209248008	-0.000670681630122516	-0.0007544280637462597	joint
raw__HeLa_TE_GSE21992	3	0.15538980808437786	0.15495656429382254	0.15439492857847248	-0.0004332437905553155	-0.0005616357153500617	joint
raw__HeLa_TE_GSE21992	4	0.1698955936697094	0.16957809830875137	0.16899504117832842	-0.0003174953609580422	-0.0005830571304229482	joint
raw__HeLa_TE_GSE79664	0	0.13433332221596628	0.13627242535017936	0.13591606099085607	0.0019391031342130827	-0.00035636435932329125	joint
raw__HeLa_TE_GSE79664	1	0.14157760979578116	0.14363639749151924	0.1433540581856786	0.0020587876957380846	-0.0002823393058406509	joint
raw__HeLa_TE_GSE79664	2	0.12685675188502876	0.12888981251534826	0.12833010848869697	0.0020330606303194942	-0.0005597040266512865	joint
raw__HeLa_TE_GSE79664	3	0.13867412141043256	0.14160417857282537	0.14118566165674884	0.0029300571623928073	-0.00041851691607652786	joint
raw__HeLa_TE_GSE79664	4	0.12251009259163115	0.12486425572253068	0.12391610708706124	0.0023541631308995337	-0.0009481486354694368	joint
raw__HeLa_TE_SRA099816	0	0.31889573268712923	0.3193856302268193	0.3192174190569902	0.0004898975396900873	-0.00016821116982912443	joint
raw__HeLa_TE_SRA099816	1	0.3143765757796929	0.31571603047121755	0.3140913549314699	0.001339454691524633	-0.0016246755397476553	joint
raw__HeLa_TE_SRA099816	2	0.31507698157357256	0.316103612587331	0.31534563565968643	0.001026631013758439	-0.0007579769276445658	joint
raw__HeLa_TE_SRA099816	3	0.31157863828600674	0.31277591275591454	0.31221973103168366	0.0011972744699078053	-0.0005561817242308864	joint
raw__HeLa_TE_SRA099816	4	0.3074928731592401	0.3083616533893775	0.30779559377968957	0.000868780230137367	-0.0005660596096879189	joint
