outer_fold	alpha	inner_mean_MSE	inner_folds_used	model	TE_dataset
0	0.001	1.3883892742473498	4	M0_sequence	raw__HeLa_TE_GSE143301
0	0.01	1.3530816027313717	4	M0_sequence	raw__HeLa_TE_GSE143301
0	0.1	1.2834685569752424	4	M0_sequence	raw__HeLa_TE_GSE143301
0	1.0	1.1873078944747544	4	M0_sequence	raw__HeLa_TE_GSE143301
0	10.0	1.0619864464952176	4	M0_sequence	raw__HeLa_TE_GSE143301
0	100.0	0.8155178466341211	4	M0_sequence	raw__HeLa_TE_GSE143301
0	1000.0	0.7153645021504798	4	M0_sequence	raw__HeLa_TE_GSE143301
1	0.001	1.376089156018582	4	M0_sequence	raw__HeLa_TE_GSE143301
1	0.01	1.3502081582665388	4	M0_sequence	raw__HeLa_TE_GSE143301
1	0.1	1.296652556640813	4	M0_sequence	raw__HeLa_TE_GSE143301
1	1.0	1.1983008362291157	4	M0_sequence	raw__HeLa_TE_GSE143301
1	10.0	1.0622443971702724	4	M0_sequence	raw__HeLa_TE_GSE143301
1	100.0	0.8161593771271864	4	M0_sequence	raw__HeLa_TE_GSE143301
1	1000.0	0.6953918174488392	4	M0_sequence	raw__HeLa_TE_GSE143301
2	0.001	1.0111496136897271	4	M0_sequence	raw__HeLa_TE_GSE143301
2	0.01	0.9844494738390901	4	M0_sequence	raw__HeLa_TE_GSE143301
2	0.1	0.9508557578536203	4	M0_sequence	raw__HeLa_TE_GSE143301
2	1.0	0.910712703764246	4	M0_sequence	raw__HeLa_TE_GSE143301
2	10.0	0.8491023880718129	4	M0_sequence	raw__HeLa_TE_GSE143301
2	100.0	0.6777364090110038	4	M0_sequence	raw__HeLa_TE_GSE143301
2	1000.0	0.6100638989600534	4	M0_sequence	raw__HeLa_TE_GSE143301
3	0.001	0.9948512727867462	4	M0_sequence	raw__HeLa_TE_GSE143301
3	0.01	1.0076304330614128	4	M0_sequence	raw__HeLa_TE_GSE143301
3	0.1	1.0143821203260996	4	M0_sequence	raw__HeLa_TE_GSE143301
3	1.0	0.9823886515800759	4	M0_sequence	raw__HeLa_TE_GSE143301
3	10.0	0.8959410517639882	4	M0_sequence	raw__HeLa_TE_GSE143301
3	100.0	0.7152462183672254	4	M0_sequence	raw__HeLa_TE_GSE143301
3	1000.0	0.6324249666712499	4	M0_sequence	raw__HeLa_TE_GSE143301
4	0.001	1.2457088108359948	4	M0_sequence	raw__HeLa_TE_GSE143301
4	0.01	1.2294094674715148	4	M0_sequence	raw__HeLa_TE_GSE143301
4	0.1	1.1757167143013676	4	M0_sequence	raw__HeLa_TE_GSE143301
4	1.0	1.0975601492664344	4	M0_sequence	raw__HeLa_TE_GSE143301
4	10.0	0.9846066261616438	4	M0_sequence	raw__HeLa_TE_GSE143301
4	100.0	0.7620134256216943	4	M0_sequence	raw__HeLa_TE_GSE143301
4	1000.0	0.686586464897275	4	M0_sequence	raw__HeLa_TE_GSE143301
0	0.001	1.3933637636045835	4	M1_sequence_plus_naivePsi	raw__HeLa_TE_GSE143301
0	0.01	1.3572658492146787	4	M1_sequence_plus_naivePsi	raw__HeLa_TE_GSE143301
0	0.1	1.2862753747294913	4	M1_sequence_plus_naivePsi	raw__HeLa_TE_GSE143301
0	1.0	1.1879906940799263	4	M1_sequence_plus_naivePsi	raw__HeLa_TE_GSE143301
0	10.0	1.062817302274829	4	M1_sequence_plus_naivePsi	raw__HeLa_TE_GSE143301
0	100.0	0.817957741397376	4	M1_sequence_plus_naivePsi	raw__HeLa_TE_GSE143301
0	1000.0	0.7142792004235397	4	M1_sequence_plus_naivePsi	raw__HeLa_TE_GSE143301
1	0.001	1.3883033797885656	4	M1_sequence_plus_naivePsi	raw__HeLa_TE_GSE143301
1	0.01	1.3620612465291102	4	M1_sequence_plus_naivePsi	raw__HeLa_TE_GSE143301
1	0.1	1.3071938196010184	4	M1_sequence_plus_naivePsi	raw__HeLa_TE_GSE143301
1	1.0	1.208730226843108	4	M1_sequence_plus_naivePsi	raw__HeLa_TE_GSE143301
1	10.0	1.0719368995028433	4	M1_sequence_plus_naivePsi	raw__HeLa_TE_GSE143301
1	100.0	0.8220275873034077	4	M1_sequence_plus_naivePsi	raw__HeLa_TE_GSE143301
1	1000.0	0.6943189875335425	4	M1_sequence_plus_naivePsi	raw__HeLa_TE_GSE143301
2	0.001	1.0164645170999258	4	M1_sequence_plus_naivePsi	raw__HeLa_TE_GSE143301
2	0.01	0.9896942176281762	4	M1_sequence_plus_naivePsi	raw__HeLa_TE_GSE143301
2	0.1	0.9557657330856624	4	M1_sequence_plus_naivePsi	raw__HeLa_TE_GSE143301
2	1.0	0.914010090492181	4	M1_sequence_plus_naivePsi	raw__HeLa_TE_GSE143301
2	10.0	0.8510239985355306	4	M1_sequence_plus_naivePsi	raw__HeLa_TE_GSE143301
2	100.0	0.680248546295371	4	M1_sequence_plus_naivePsi	raw__HeLa_TE_GSE143301
2	1000.0	0.6087357177516066	4	M1_sequence_plus_naivePsi	raw__HeLa_TE_GSE143301
3	0.001	1.0063754912590381	4	M1_sequence_plus_naivePsi	raw__HeLa_TE_GSE143301
3	0.01	1.018008312631098	4	M1_sequence_plus_naivePsi	raw__HeLa_TE_GSE143301
3	0.1	1.0252036402862168	4	M1_sequence_plus_naivePsi	raw__HeLa_TE_GSE143301
3	1.0	0.9923827343201623	4	M1_sequence_plus_naivePsi	raw__HeLa_TE_GSE143301
3	10.0	0.9053625581316953	4	M1_sequence_plus_naivePsi	raw__HeLa_TE_GSE143301
3	100.0	0.719187011433333	4	M1_sequence_plus_naivePsi	raw__HeLa_TE_GSE143301
3	1000.0	0.6295831677986898	4	M1_sequence_plus_naivePsi	raw__HeLa_TE_GSE143301
4	0.001	1.2478272775964243	4	M1_sequence_plus_naivePsi	raw__HeLa_TE_GSE143301
4	0.01	1.2309326437283694	4	M1_sequence_plus_naivePsi	raw__HeLa_TE_GSE143301
4	0.1	1.1782589175847225	4	M1_sequence_plus_naivePsi	raw__HeLa_TE_GSE143301
4	1.0	1.0999736884550275	4	M1_sequence_plus_naivePsi	raw__HeLa_TE_GSE143301
4	10.0	0.9862846929267786	4	M1_sequence_plus_naivePsi	raw__HeLa_TE_GSE143301
4	100.0	0.7642485070215622	4	M1_sequence_plus_naivePsi	raw__HeLa_TE_GSE143301
4	1000.0	0.6854967051423206	4	M1_sequence_plus_naivePsi	raw__HeLa_TE_GSE143301
0	0.001	1.4039216600673285	4	M2_plus_confirmation	raw__HeLa_TE_GSE143301
0	0.01	1.3662288497677173	4	M2_plus_confirmation	raw__HeLa_TE_GSE143301
0	0.1	1.293064794275201	4	M2_plus_confirmation	raw__HeLa_TE_GSE143301
0	1.0	1.1919482349790451	4	M2_plus_confirmation	raw__HeLa_TE_GSE143301
0	10.0	1.0649795735850294	4	M2_plus_confirmation	raw__HeLa_TE_GSE143301
0	100.0	0.8187740564093074	4	M2_plus_confirmation	raw__HeLa_TE_GSE143301
0	1000.0	0.7153267723018218	4	M2_plus_confirmation	raw__HeLa_TE_GSE143301
1	0.001	1.388613677992373	4	M2_plus_confirmation	raw__HeLa_TE_GSE143301
1	0.01	1.361942490657043	4	M2_plus_confirmation	raw__HeLa_TE_GSE143301
1	0.1	1.3076890582989604	4	M2_plus_confirmation	raw__HeLa_TE_GSE143301
1	1.0	1.2106241636523634	4	M2_plus_confirmation	raw__HeLa_TE_GSE143301
1	10.0	1.0745918477766931	4	M2_plus_confirmation	raw__HeLa_TE_GSE143301
1	100.0	0.8214938350489929	4	M2_plus_confirmation	raw__HeLa_TE_GSE143301
1	1000.0	0.6937373654186834	4	M2_plus_confirmation	raw__HeLa_TE_GSE143301
2	0.001	1.033290803372687	4	M2_plus_confirmation	raw__HeLa_TE_GSE143301
2	0.01	1.0063565962810432	4	M2_plus_confirmation	raw__HeLa_TE_GSE143301
2	0.1	0.9718803927491084	4	M2_plus_confirmation	raw__HeLa_TE_GSE143301
2	1.0	0.9269954994859364	4	M2_plus_confirmation	raw__HeLa_TE_GSE143301
2	10.0	0.8587347264954168	4	M2_plus_confirmation	raw__HeLa_TE_GSE143301
2	100.0	0.6821621545409207	4	M2_plus_confirmation	raw__HeLa_TE_GSE143301
2	1000.0	0.6098248844681674	4	M2_plus_confirmation	raw__HeLa_TE_GSE143301
3	0.001	1.0127972347552332	4	M2_plus_confirmation	raw__HeLa_TE_GSE143301
3	0.01	1.0238007282801185	4	M2_plus_confirmation	raw__HeLa_TE_GSE143301
3	0.1	1.0269017557235813	4	M2_plus_confirmation	raw__HeLa_TE_GSE143301
3	1.0	0.9921366658496401	4	M2_plus_confirmation	raw__HeLa_TE_GSE143301
3	10.0	0.906887293457782	4	M2_plus_confirmation	raw__HeLa_TE_GSE143301
3	100.0	0.7198643607663191	4	M2_plus_confirmation	raw__HeLa_TE_GSE143301
3	1000.0	0.6307708945390338	4	M2_plus_confirmation	raw__HeLa_TE_GSE143301
4	0.001	1.241400092226552	4	M2_plus_confirmation	raw__HeLa_TE_GSE143301
4	0.01	1.225343024678993	4	M2_plus_confirmation	raw__HeLa_TE_GSE143301
4	0.1	1.1724097911676206	4	M2_plus_confirmation	raw__HeLa_TE_GSE143301
4	1.0	1.0955615035570498	4	M2_plus_confirmation	raw__HeLa_TE_GSE143301
4	10.0	0.9837930263232415	4	M2_plus_confirmation	raw__HeLa_TE_GSE143301
4	100.0	0.7639310054641311	4	M2_plus_confirmation	raw__HeLa_TE_GSE143301
4	1000.0	0.6866642857889962	4	M2_plus_confirmation	raw__HeLa_TE_GSE143301
0	0.001	2.3708046595804895	4	M0_sequence	raw__HeLa_TE_GSE188692
0	0.01	2.35888793242095	4	M0_sequence	raw__HeLa_TE_GSE188692
0	0.1	2.272492502910331	4	M0_sequence	raw__HeLa_TE_GSE188692
0	1.0	2.1209417573025418	4	M0_sequence	raw__HeLa_TE_GSE188692
0	10.0	1.7708459996042778	4	M0_sequence	raw__HeLa_TE_GSE188692
0	100.0	1.262101827532007	4	M0_sequence	raw__HeLa_TE_GSE188692
0	1000.0	0.9788768159347414	4	M0_sequence	raw__HeLa_TE_GSE188692
1	0.001	2.649594959512227	4	M0_sequence	raw__HeLa_TE_GSE188692
1	0.01	2.57305233372917	4	M0_sequence	raw__HeLa_TE_GSE188692
1	0.1	2.408509473960719	4	M0_sequence	raw__HeLa_TE_GSE188692
1	1.0	2.2350243645425563	4	M0_sequence	raw__HeLa_TE_GSE188692
1	10.0	1.934491370106704	4	M0_sequence	raw__HeLa_TE_GSE188692
1	100.0	1.348801400722254	4	M0_sequence	raw__HeLa_TE_GSE188692
1	1000.0	1.0356357975212864	4	M0_sequence	raw__HeLa_TE_GSE188692
2	0.001	2.194762724352477	4	M0_sequence	raw__HeLa_TE_GSE188692
2	0.01	2.130261224559666	4	M0_sequence	raw__HeLa_TE_GSE188692
2	0.1	2.070117908078672	4	M0_sequence	raw__HeLa_TE_GSE188692
2	1.0	1.9825101184887124	4	M0_sequence	raw__HeLa_TE_GSE188692
2	10.0	1.7403113936393955	4	M0_sequence	raw__HeLa_TE_GSE188692
2	100.0	1.256775276175924	4	M0_sequence	raw__HeLa_TE_GSE188692
2	1000.0	0.9902558312029796	4	M0_sequence	raw__HeLa_TE_GSE188692
3	0.001	2.4450821575155874	4	M0_sequence	raw__HeLa_TE_GSE188692
3	0.01	2.3457307848864484	4	M0_sequence	raw__HeLa_TE_GSE188692
3	0.1	2.1022270833383248	4	M0_sequence	raw__HeLa_TE_GSE188692
3	1.0	1.9104536395609713	4	M0_sequence	raw__HeLa_TE_GSE188692
3	10.0	1.6704368476084297	4	M0_sequence	raw__HeLa_TE_GSE188692
3	100.0	1.2324006061862731	4	M0_sequence	raw__HeLa_TE_GSE188692
3	1000.0	0.9804289788928575	4	M0_sequence	raw__HeLa_TE_GSE188692
4	0.001	2.14870661044028	4	M0_sequence	raw__HeLa_TE_GSE188692
4	0.01	2.0970429242571256	4	M0_sequence	raw__HeLa_TE_GSE188692
4	0.1	1.9888712761450362	4	M0_sequence	raw__HeLa_TE_GSE188692
4	1.0	1.9481222362682837	4	M0_sequence	raw__HeLa_TE_GSE188692
4	10.0	1.7658434806405	4	M0_sequence	raw__HeLa_TE_GSE188692
4	100.0	1.3030968333316952	4	M0_sequence	raw__HeLa_TE_GSE188692
4	1000.0	1.0230685882371438	4	M0_sequence	raw__HeLa_TE_GSE188692
0	0.001	2.383719311282899	4	M1_sequence_plus_naivePsi	raw__HeLa_TE_GSE188692
0	0.01	2.3712440959426297	4	M1_sequence_plus_naivePsi	raw__HeLa_TE_GSE188692
0	0.1	2.2827701881429445	4	M1_sequence_plus_naivePsi	raw__HeLa_TE_GSE188692
0	1.0	2.1300712643381416	4	M1_sequence_plus_naivePsi	raw__HeLa_TE_GSE188692
0	10.0	1.7755760451453237	4	M1_sequence_plus_naivePsi	raw__HeLa_TE_GSE188692
0	100.0	1.2624286774566194	4	M1_sequence_plus_naivePsi	raw__HeLa_TE_GSE188692
0	1000.0	0.9790512275469857	4	M1_sequence_plus_naivePsi	raw__HeLa_TE_GSE188692
1	0.001	2.6662443500775588	4	M1_sequence_plus_naivePsi	raw__HeLa_TE_GSE188692
1	0.01	2.5913704965543416	4	M1_sequence_plus_naivePsi	raw__HeLa_TE_GSE188692
1	0.1	2.4328446662759147	4	M1_sequence_plus_naivePsi	raw__HeLa_TE_GSE188692
1	1.0	2.2668627693342707	4	M1_sequence_plus_naivePsi	raw__HeLa_TE_GSE188692
1	10.0	1.9601871145907295	4	M1_sequence_plus_naivePsi	raw__HeLa_TE_GSE188692
1	100.0	1.3528886206997506	4	M1_sequence_plus_naivePsi	raw__HeLa_TE_GSE188692
1	1000.0	1.0357722718907367	4	M1_sequence_plus_naivePsi	raw__HeLa_TE_GSE188692
2	0.001	2.2090054197095568	4	M1_sequence_plus_naivePsi	raw__HeLa_TE_GSE188692
2	0.01	2.146425070893821	4	M1_sequence_plus_naivePsi	raw__HeLa_TE_GSE188692
2	0.1	2.0864406199293217	4	M1_sequence_plus_naivePsi	raw__HeLa_TE_GSE188692
2	1.0	1.9932486292622102	4	M1_sequence_plus_naivePsi	raw__HeLa_TE_GSE188692
2	10.0	1.7446164973396128	4	M1_sequence_plus_naivePsi	raw__HeLa_TE_GSE188692
2	100.0	1.2576635828414988	4	M1_sequence_plus_naivePsi	raw__HeLa_TE_GSE188692
2	1000.0	0.9906020669811517	4	M1_sequence_plus_naivePsi	raw__HeLa_TE_GSE188692
3	0.001	2.4453104598978843	4	M1_sequence_plus_naivePsi	raw__HeLa_TE_GSE188692
3	0.01	2.345851882572958	4	M1_sequence_plus_naivePsi	raw__HeLa_TE_GSE188692
3	0.1	2.1036857069227377	4	M1_sequence_plus_naivePsi	raw__HeLa_TE_GSE188692
3	1.0	1.9117768699184214	4	M1_sequence_plus_naivePsi	raw__HeLa_TE_GSE188692
3	10.0	1.67102833875524	4	M1_sequence_plus_naivePsi	raw__HeLa_TE_GSE188692
3	100.0	1.2325983840936918	4	M1_sequence_plus_naivePsi	raw__HeLa_TE_GSE188692
3	1000.0	0.9805828243583092	4	M1_sequence_plus_naivePsi	raw__HeLa_TE_GSE188692
4	0.001	2.1496041728318454	4	M1_sequence_plus_naivePsi	raw__HeLa_TE_GSE188692
4	0.01	2.099930359280219	4	M1_sequence_plus_naivePsi	raw__HeLa_TE_GSE188692
4	0.1	1.995651707678531	4	M1_sequence_plus_naivePsi	raw__HeLa_TE_GSE188692
4	1.0	1.9561395128397878	4	M1_sequence_plus_naivePsi	raw__HeLa_TE_GSE188692
4	10.0	1.7714725816194679	4	M1_sequence_plus_naivePsi	raw__HeLa_TE_GSE188692
4	100.0	1.3053568388125254	4	M1_sequence_plus_naivePsi	raw__HeLa_TE_GSE188692
4	1000.0	1.0236186877753144	4	M1_sequence_plus_naivePsi	raw__HeLa_TE_GSE188692
0	0.001	2.38467931778581	4	M2_plus_confirmation	raw__HeLa_TE_GSE188692
0	0.01	2.3715342603670093	4	M2_plus_confirmation	raw__HeLa_TE_GSE188692
0	0.1	2.2868325829958307	4	M2_plus_confirmation	raw__HeLa_TE_GSE188692
0	1.0	2.136810255121336	4	M2_plus_confirmation	raw__HeLa_TE_GSE188692
0	10.0	1.7811474312104139	4	M2_plus_confirmation	raw__HeLa_TE_GSE188692
0	100.0	1.2641843384574707	4	M2_plus_confirmation	raw__HeLa_TE_GSE188692
0	1000.0	0.9794926650648665	4	M2_plus_confirmation	raw__HeLa_TE_GSE188692
1	0.001	2.682422518189019	4	M2_plus_confirmation	raw__HeLa_TE_GSE188692
1	0.01	2.609645535536326	4	M2_plus_confirmation	raw__HeLa_TE_GSE188692
1	0.1	2.4534085632803935	4	M2_plus_confirmation	raw__HeLa_TE_GSE188692
1	1.0	2.2845739173612376	4	M2_plus_confirmation	raw__HeLa_TE_GSE188692
1	10.0	1.972120591462537	4	M2_plus_confirmation	raw__HeLa_TE_GSE188692
1	100.0	1.3565175124396793	4	M2_plus_confirmation	raw__HeLa_TE_GSE188692
1	1000.0	1.0362920010454468	4	M2_plus_confirmation	raw__HeLa_TE_GSE188692
2	0.001	2.2246923618521834	4	M2_plus_confirmation	raw__HeLa_TE_GSE188692
2	0.01	2.1611220873883803	4	M2_plus_confirmation	raw__HeLa_TE_GSE188692
2	0.1	2.0982099721146943	4	M2_plus_confirmation	raw__HeLa_TE_GSE188692
2	1.0	2.000208460270395	4	M2_plus_confirmation	raw__HeLa_TE_GSE188692
2	10.0	1.7497361024246716	4	M2_plus_confirmation	raw__HeLa_TE_GSE188692
2	100.0	1.2608227895088187	4	M2_plus_confirmation	raw__HeLa_TE_GSE188692
2	1000.0	0.991322721882818	4	M2_plus_confirmation	raw__HeLa_TE_GSE188692
3	0.001	2.465907115641726	4	M2_plus_confirmation	raw__HeLa_TE_GSE188692
3	0.01	2.3639330687716225	4	M2_plus_confirmation	raw__HeLa_TE_GSE188692
3	0.1	2.1153914630960897	4	M2_plus_confirmation	raw__HeLa_TE_GSE188692
3	1.0	1.918595262473339	4	M2_plus_confirmation	raw__HeLa_TE_GSE188692
3	10.0	1.676353044020868	4	M2_plus_confirmation	raw__HeLa_TE_GSE188692
3	100.0	1.2345957500428788	4	M2_plus_confirmation	raw__HeLa_TE_GSE188692
3	1000.0	0.981266693700547	4	M2_plus_confirmation	raw__HeLa_TE_GSE188692
4	0.001	2.1769768876092095	4	M2_plus_confirmation	raw__HeLa_TE_GSE188692
4	0.01	2.1245903038970826	4	M2_plus_confirmation	raw__HeLa_TE_GSE188692
4	0.1	2.01678304727221	4	M2_plus_confirmation	raw__HeLa_TE_GSE188692
4	1.0	1.973343772576683	4	M2_plus_confirmation	raw__HeLa_TE_GSE188692
4	10.0	1.7797086443118162	4	M2_plus_confirmation	raw__HeLa_TE_GSE188692
4	100.0	1.305516203161042	4	M2_plus_confirmation	raw__HeLa_TE_GSE188692
4	1000.0	1.0235723669202799	4	M2_plus_confirmation	raw__HeLa_TE_GSE188692
0	0.001	1.3418340583617696	4	M0_sequence	raw__HeLa_TE_GSE21992
0	0.01	1.3307660355352824	4	M0_sequence	raw__HeLa_TE_GSE21992
0	0.1	1.2805379237934376	4	M0_sequence	raw__HeLa_TE_GSE21992
0	1.0	1.2102592663769893	4	M0_sequence	raw__HeLa_TE_GSE21992
0	10.0	1.0953680918027238	4	M0_sequence	raw__HeLa_TE_GSE21992
0	100.0	0.8301375891386757	4	M0_sequence	raw__HeLa_TE_GSE21992
0	1000.0	0.7571081597854037	4	M0_sequence	raw__HeLa_TE_GSE21992
1	0.001	2.010401070643551	4	M0_sequence	raw__HeLa_TE_GSE21992
1	0.01	1.9850910767107202	4	M0_sequence	raw__HeLa_TE_GSE21992
1	0.1	1.89883951273446	4	M0_sequence	raw__HeLa_TE_GSE21992
1	1.0	1.763478726013557	4	M0_sequence	raw__HeLa_TE_GSE21992
1	10.0	1.5853667432719978	4	M0_sequence	raw__HeLa_TE_GSE21992
1	100.0	1.1836838195172736	4	M0_sequence	raw__HeLa_TE_GSE21992
1	1000.0	0.9403934652247843	4	M0_sequence	raw__HeLa_TE_GSE21992
2	0.001	1.7974640261946078	4	M0_sequence	raw__HeLa_TE_GSE21992
2	0.01	1.7808053326951305	4	M0_sequence	raw__HeLa_TE_GSE21992
2	0.1	1.7449210353117208	4	M0_sequence	raw__HeLa_TE_GSE21992
2	1.0	1.697437381600384	4	M0_sequence	raw__HeLa_TE_GSE21992
2	10.0	1.5461600815138425	4	M0_sequence	raw__HeLa_TE_GSE21992
2	100.0	1.132256675494951	4	M0_sequence	raw__HeLa_TE_GSE21992
2	1000.0	0.8788173072040413	4	M0_sequence	raw__HeLa_TE_GSE21992
3	0.001	1.6766938353907472	4	M0_sequence	raw__HeLa_TE_GSE21992
3	0.01	1.6436238134788126	4	M0_sequence	raw__HeLa_TE_GSE21992
3	0.1	1.5884844208069286	4	M0_sequence	raw__HeLa_TE_GSE21992
3	1.0	1.482305227481068	4	M0_sequence	raw__HeLa_TE_GSE21992
3	10.0	1.321048703666355	4	M0_sequence	raw__HeLa_TE_GSE21992
3	100.0	1.0070761438890021	4	M0_sequence	raw__HeLa_TE_GSE21992
3	1000.0	0.8353622611566514	4	M0_sequence	raw__HeLa_TE_GSE21992
4	0.001	1.8049389510630662	4	M0_sequence	raw__HeLa_TE_GSE21992
4	0.01	1.7509518336320142	4	M0_sequence	raw__HeLa_TE_GSE21992
4	0.1	1.6519045249643354	4	M0_sequence	raw__HeLa_TE_GSE21992
4	1.0	1.5715609519732379	4	M0_sequence	raw__HeLa_TE_GSE21992
4	10.0	1.4209007850503352	4	M0_sequence	raw__HeLa_TE_GSE21992
4	100.0	1.045249486949347	4	M0_sequence	raw__HeLa_TE_GSE21992
4	1000.0	0.8250415775980604	4	M0_sequence	raw__HeLa_TE_GSE21992
0	0.001	1.3417188486038347	4	M1_sequence_plus_naivePsi	raw__HeLa_TE_GSE21992
0	0.01	1.330816557827235	4	M1_sequence_plus_naivePsi	raw__HeLa_TE_GSE21992
0	0.1	1.2801769521478885	4	M1_sequence_plus_naivePsi	raw__HeLa_TE_GSE21992
0	1.0	1.2105870349512595	4	M1_sequence_plus_naivePsi	raw__HeLa_TE_GSE21992
0	10.0	1.0956997725817412	4	M1_sequence_plus_naivePsi	raw__HeLa_TE_GSE21992
0	100.0	0.8318148009098745	4	M1_sequence_plus_naivePsi	raw__HeLa_TE_GSE21992
0	1000.0	0.757501011976939	4	M1_sequence_plus_naivePsi	raw__HeLa_TE_GSE21992
1	0.001	2.030810742227298	4	M1_sequence_plus_naivePsi	raw__HeLa_TE_GSE21992
1	0.01	2.0042971674502197	4	M1_sequence_plus_naivePsi	raw__HeLa_TE_GSE21992
1	0.1	1.9135777190926335	4	M1_sequence_plus_naivePsi	raw__HeLa_TE_GSE21992
1	1.0	1.7762865325089325	4	M1_sequence_plus_naivePsi	raw__HeLa_TE_GSE21992
1	10.0	1.5909114460130822	4	M1_sequence_plus_naivePsi	raw__HeLa_TE_GSE21992
1	100.0	1.1832193622921678	4	M1_sequence_plus_naivePsi	raw__HeLa_TE_GSE21992
1	1000.0	0.9414711600544913	4	M1_sequence_plus_naivePsi	raw__HeLa_TE_GSE21992
2	0.001	1.7838188525359735	4	M1_sequence_plus_naivePsi	raw__HeLa_TE_GSE21992
2	0.01	1.7673918197289868	4	M1_sequence_plus_naivePsi	raw__HeLa_TE_GSE21992
2	0.1	1.7350877283511326	4	M1_sequence_plus_naivePsi	raw__HeLa_TE_GSE21992
2	1.0	1.6933315493246108	4	M1_sequence_plus_naivePsi	raw__HeLa_TE_GSE21992
2	10.0	1.5403309659537852	4	M1_sequence_plus_naivePsi	raw__HeLa_TE_GSE21992
2	100.0	1.1302093661688635	4	M1_sequence_plus_naivePsi	raw__HeLa_TE_GSE21992
2	1000.0	0.8798973555640819	4	M1_sequence_plus_naivePsi	raw__HeLa_TE_GSE21992
3	0.001	1.6659666589755322	4	M1_sequence_plus_naivePsi	raw__HeLa_TE_GSE21992
3	0.01	1.6298089647371201	4	M1_sequence_plus_naivePsi	raw__HeLa_TE_GSE21992
3	0.1	1.5747015603509658	4	M1_sequence_plus_naivePsi	raw__HeLa_TE_GSE21992
3	1.0	1.4729028851388781	4	M1_sequence_plus_naivePsi	raw__HeLa_TE_GSE21992
3	10.0	1.311900967539015	4	M1_sequence_plus_naivePsi	raw__HeLa_TE_GSE21992
3	100.0	0.9999120347948931	4	M1_sequence_plus_naivePsi	raw__HeLa_TE_GSE21992
3	1000.0	0.8360991834746989	4	M1_sequence_plus_naivePsi	raw__HeLa_TE_GSE21992
4	0.001	1.7664672946609006	4	M1_sequence_plus_naivePsi	raw__HeLa_TE_GSE21992
4	0.01	1.7129981105163161	4	M1_sequence_plus_naivePsi	raw__HeLa_TE_GSE21992
4	0.1	1.6179385162548463	4	M1_sequence_plus_naivePsi	raw__HeLa_TE_GSE21992
4	1.0	1.5416806573167532	4	M1_sequence_plus_naivePsi	raw__HeLa_TE_GSE21992
4	10.0	1.3966817264140268	4	M1_sequence_plus_naivePsi	raw__HeLa_TE_GSE21992
4	100.0	1.0399399539321286	4	M1_sequence_plus_naivePsi	raw__HeLa_TE_GSE21992
4	1000.0	0.826811444493551	4	M1_sequence_plus_naivePsi	raw__HeLa_TE_GSE21992
0	0.001	1.3419283285059995	4	M2_plus_confirmation	raw__HeLa_TE_GSE21992
0	0.01	1.331746393278624	4	M2_plus_confirmation	raw__HeLa_TE_GSE21992
0	0.1	1.281359802587285	4	M2_plus_confirmation	raw__HeLa_TE_GSE21992
0	1.0	1.2119153502761102	4	M2_plus_confirmation	raw__HeLa_TE_GSE21992
0	10.0	1.0964349822465502	4	M2_plus_confirmation	raw__HeLa_TE_GSE21992
0	100.0	0.8322593359860633	4	M2_plus_confirmation	raw__HeLa_TE_GSE21992
0	1000.0	0.7581893889278885	4	M2_plus_confirmation	raw__HeLa_TE_GSE21992
1	0.001	2.044694022027393	4	M2_plus_confirmation	raw__HeLa_TE_GSE21992
1	0.01	2.016006229856254	4	M2_plus_confirmation	raw__HeLa_TE_GSE21992
1	0.1	1.917210342716953	4	M2_plus_confirmation	raw__HeLa_TE_GSE21992
1	1.0	1.7767034822567613	4	M2_plus_confirmation	raw__HeLa_TE_GSE21992
1	10.0	1.593959657139831	4	M2_plus_confirmation	raw__HeLa_TE_GSE21992
1	100.0	1.1847951347502443	4	M2_plus_confirmation	raw__HeLa_TE_GSE21992
1	1000.0	0.9413500641935952	4	M2_plus_confirmation	raw__HeLa_TE_GSE21992
2	0.001	1.825449361841824	4	M2_plus_confirmation	raw__HeLa_TE_GSE21992
2	0.01	1.8086657138741915	4	M2_plus_confirmation	raw__HeLa_TE_GSE21992
2	0.1	1.770959905069681	4	M2_plus_confirmation	raw__HeLa_TE_GSE21992
2	1.0	1.7177759020528758	4	M2_plus_confirmation	raw__HeLa_TE_GSE21992
2	10.0	1.5544244258480895	4	M2_plus_confirmation	raw__HeLa_TE_GSE21992
2	100.0	1.133749791091172	4	M2_plus_confirmation	raw__HeLa_TE_GSE21992
2	1000.0	0.8811078073596328	4	M2_plus_confirmation	raw__HeLa_TE_GSE21992
3	0.001	1.6728329571747003	4	M2_plus_confirmation	raw__HeLa_TE_GSE21992
3	0.01	1.6370542329472144	4	M2_plus_confirmation	raw__HeLa_TE_GSE21992
3	0.1	1.5818968471973307	4	M2_plus_confirmation	raw__HeLa_TE_GSE21992
3	1.0	1.4773119324975763	4	M2_plus_confirmation	raw__HeLa_TE_GSE21992
3	10.0	1.314299626810933	4	M2_plus_confirmation	raw__HeLa_TE_GSE21992
3	100.0	1.0010966593030488	4	M2_plus_confirmation	raw__HeLa_TE_GSE21992
3	1000.0	0.8371859276385786	4	M2_plus_confirmation	raw__HeLa_TE_GSE21992
4	0.001	1.820264403665987	4	M2_plus_confirmation	raw__HeLa_TE_GSE21992
4	0.01	1.7643419972685417	4	M2_plus_confirmation	raw__HeLa_TE_GSE21992
4	0.1	1.6573673310757333	4	M2_plus_confirmation	raw__HeLa_TE_GSE21992
4	1.0	1.5672125043996048	4	M2_plus_confirmation	raw__HeLa_TE_GSE21992
4	10.0	1.4162467754606964	4	M2_plus_confirmation	raw__HeLa_TE_GSE21992
4	100.0	1.0445720165495342	4	M2_plus_confirmation	raw__HeLa_TE_GSE21992
4	1000.0	0.8284089135110294	4	M2_plus_confirmation	raw__HeLa_TE_GSE21992
0	0.001	1.6960751647498105	4	M0_sequence	raw__HeLa_TE_GSE79664
0	0.01	1.675122979041467	4	M0_sequence	raw__HeLa_TE_GSE79664
0	0.1	1.6509493332707836	4	M0_sequence	raw__HeLa_TE_GSE79664
0	1.0	1.5824998848251497	4	M0_sequence	raw__HeLa_TE_GSE79664
0	10.0	1.426264539786482	4	M0_sequence	raw__HeLa_TE_GSE79664
0	100.0	1.0619188852322172	4	M0_sequence	raw__HeLa_TE_GSE79664
0	1000.0	0.8929329215123489	4	M0_sequence	raw__HeLa_TE_GSE79664
1	0.001	1.6157523094658868	4	M0_sequence	raw__HeLa_TE_GSE79664
1	0.01	1.593809858087364	4	M0_sequence	raw__HeLa_TE_GSE79664
1	0.1	1.541041339885561	4	M0_sequence	raw__HeLa_TE_GSE79664
1	1.0	1.4521826240571571	4	M0_sequence	raw__HeLa_TE_GSE79664
1	10.0	1.339185932257538	4	M0_sequence	raw__HeLa_TE_GSE79664
1	100.0	1.0205288552662612	4	M0_sequence	raw__HeLa_TE_GSE79664
1	1000.0	0.8510591540379334	4	M0_sequence	raw__HeLa_TE_GSE79664
2	0.001	1.5305190037915135	4	M0_sequence	raw__HeLa_TE_GSE79664
2	0.01	1.5102676468592149	4	M0_sequence	raw__HeLa_TE_GSE79664
2	0.1	1.482369753512279	4	M0_sequence	raw__HeLa_TE_GSE79664
2	1.0	1.4209058222883189	4	M0_sequence	raw__HeLa_TE_GSE79664
2	10.0	1.2983885243155942	4	M0_sequence	raw__HeLa_TE_GSE79664
2	100.0	0.9841055162820376	4	M0_sequence	raw__HeLa_TE_GSE79664
2	1000.0	0.7917530584360489	4	M0_sequence	raw__HeLa_TE_GSE79664
3	0.001	1.4229588785618286	4	M0_sequence	raw__HeLa_TE_GSE79664
3	0.01	1.4251604480058433	4	M0_sequence	raw__HeLa_TE_GSE79664
3	0.1	1.4242113361505262	4	M0_sequence	raw__HeLa_TE_GSE79664
3	1.0	1.3975770689435203	4	M0_sequence	raw__HeLa_TE_GSE79664
3	10.0	1.3472548565776803	4	M0_sequence	raw__HeLa_TE_GSE79664
3	100.0	1.0960669904466904	4	M0_sequence	raw__HeLa_TE_GSE79664
3	1000.0	0.9270388865316109	4	M0_sequence	raw__HeLa_TE_GSE79664
4	0.001	1.8167580718149654	4	M0_sequence	raw__HeLa_TE_GSE79664
4	0.01	1.7988974309508534	4	M0_sequence	raw__HeLa_TE_GSE79664
4	0.1	1.7554707759381165	4	M0_sequence	raw__HeLa_TE_GSE79664
4	1.0	1.6600146867789012	4	M0_sequence	raw__HeLa_TE_GSE79664
4	10.0	1.4948632906737704	4	M0_sequence	raw__HeLa_TE_GSE79664
4	100.0	1.1444826325983237	4	M0_sequence	raw__HeLa_TE_GSE79664
4	1000.0	0.9473853340113851	4	M0_sequence	raw__HeLa_TE_GSE79664
0	0.001	1.6757974244917158	4	M1_sequence_plus_naivePsi	raw__HeLa_TE_GSE79664
0	0.01	1.6572349270907423	4	M1_sequence_plus_naivePsi	raw__HeLa_TE_GSE79664
0	0.1	1.637596906792227	4	M1_sequence_plus_naivePsi	raw__HeLa_TE_GSE79664
0	1.0	1.5739873477552964	4	M1_sequence_plus_naivePsi	raw__HeLa_TE_GSE79664
0	10.0	1.4200379594414732	4	M1_sequence_plus_naivePsi	raw__HeLa_TE_GSE79664
0	100.0	1.060219549934916	4	M1_sequence_plus_naivePsi	raw__HeLa_TE_GSE79664
0	1000.0	0.8902174042749202	4	M1_sequence_plus_naivePsi	raw__HeLa_TE_GSE79664
1	0.001	1.6502422995197783	4	M1_sequence_plus_naivePsi	raw__HeLa_TE_GSE79664
1	0.01	1.6268168546353061	4	M1_sequence_plus_naivePsi	raw__HeLa_TE_GSE79664
1	0.1	1.5682541421756708	4	M1_sequence_plus_naivePsi	raw__HeLa_TE_GSE79664
1	1.0	1.471300198290936	4	M1_sequence_plus_naivePsi	raw__HeLa_TE_GSE79664
1	10.0	1.3537271814715572	4	M1_sequence_plus_naivePsi	raw__HeLa_TE_GSE79664
1	100.0	1.0278342132252771	4	M1_sequence_plus_naivePsi	raw__HeLa_TE_GSE79664
1	1000.0	0.8487426096600277	4	M1_sequence_plus_naivePsi	raw__HeLa_TE_GSE79664
2	0.001	1.5304405579396303	4	M1_sequence_plus_naivePsi	raw__HeLa_TE_GSE79664
2	0.01	1.5104896021958698	4	M1_sequence_plus_naivePsi	raw__HeLa_TE_GSE79664
2	0.1	1.4823591402687666	4	M1_sequence_plus_naivePsi	raw__HeLa_TE_GSE79664
2	1.0	1.4179735677331722	4	M1_sequence_plus_naivePsi	raw__HeLa_TE_GSE79664
2	10.0	1.2953793368726854	4	M1_sequence_plus_naivePsi	raw__HeLa_TE_GSE79664
2	100.0	0.9862085879640674	4	M1_sequence_plus_naivePsi	raw__HeLa_TE_GSE79664
2	1000.0	0.7883712074427764	4	M1_sequence_plus_naivePsi	raw__HeLa_TE_GSE79664
3	0.001	1.4294289584753146	4	M1_sequence_plus_naivePsi	raw__HeLa_TE_GSE79664
3	0.01	1.4307339546707523	4	M1_sequence_plus_naivePsi	raw__HeLa_TE_GSE79664
3	0.1	1.4295749024666022	4	M1_sequence_plus_naivePsi	raw__HeLa_TE_GSE79664
3	1.0	1.4015338445131522	4	M1_sequence_plus_naivePsi	raw__HeLa_TE_GSE79664
3	10.0	1.3505031414215516	4	M1_sequence_plus_naivePsi	raw__HeLa_TE_GSE79664
3	100.0	1.098572415803312	4	M1_sequence_plus_naivePsi	raw__HeLa_TE_GSE79664
3	1000.0	0.923195115802245	4	M1_sequence_plus_naivePsi	raw__HeLa_TE_GSE79664
4	0.001	1.8222348614164883	4	M1_sequence_plus_naivePsi	raw__HeLa_TE_GSE79664
4	0.01	1.8042901179914832	4	M1_sequence_plus_naivePsi	raw__HeLa_TE_GSE79664
4	0.1	1.7600739975075737	4	M1_sequence_plus_naivePsi	raw__HeLa_TE_GSE79664
4	1.0	1.66342531846219	4	M1_sequence_plus_naivePsi	raw__HeLa_TE_GSE79664
4	10.0	1.498038818962969	4	M1_sequence_plus_naivePsi	raw__HeLa_TE_GSE79664
4	100.0	1.146644559847508	4	M1_sequence_plus_naivePsi	raw__HeLa_TE_GSE79664
4	1000.0	0.9462309919845713	4	M1_sequence_plus_naivePsi	raw__HeLa_TE_GSE79664
0	0.001	1.6834565558140377	4	M2_plus_confirmation	raw__HeLa_TE_GSE79664
0	0.01	1.665240764409368	4	M2_plus_confirmation	raw__HeLa_TE_GSE79664
0	0.1	1.6465566778932943	4	M2_plus_confirmation	raw__HeLa_TE_GSE79664
0	1.0	1.5823623412852863	4	M2_plus_confirmation	raw__HeLa_TE_GSE79664
0	10.0	1.425679444062407	4	M2_plus_confirmation	raw__HeLa_TE_GSE79664
0	100.0	1.0615175083803348	4	M2_plus_confirmation	raw__HeLa_TE_GSE79664
0	1000.0	0.8905113469975495	4	M2_plus_confirmation	raw__HeLa_TE_GSE79664
1	0.001	1.6584306432844613	4	M2_plus_confirmation	raw__HeLa_TE_GSE79664
1	0.01	1.6346115746832748	4	M2_plus_confirmation	raw__HeLa_TE_GSE79664
1	0.1	1.573754646298988	4	M2_plus_confirmation	raw__HeLa_TE_GSE79664
1	1.0	1.476536802144217	4	M2_plus_confirmation	raw__HeLa_TE_GSE79664
1	10.0	1.3574516361203737	4	M2_plus_confirmation	raw__HeLa_TE_GSE79664
1	100.0	1.02715657315808	4	M2_plus_confirmation	raw__HeLa_TE_GSE79664
1	1000.0	0.848581884740736	4	M2_plus_confirmation	raw__HeLa_TE_GSE79664
2	0.001	1.5386026790857659	4	M2_plus_confirmation	raw__HeLa_TE_GSE79664
2	0.01	1.5187755205633033	4	M2_plus_confirmation	raw__HeLa_TE_GSE79664
2	0.1	1.4916487074734353	4	M2_plus_confirmation	raw__HeLa_TE_GSE79664
2	1.0	1.4262216189771668	4	M2_plus_confirmation	raw__HeLa_TE_GSE79664
2	10.0	1.2998081041191203	4	M2_plus_confirmation	raw__HeLa_TE_GSE79664
2	100.0	0.986607851878075	4	M2_plus_confirmation	raw__HeLa_TE_GSE79664
2	1000.0	0.7888004628523606	4	M2_plus_confirmation	raw__HeLa_TE_GSE79664
3	0.001	1.4315217495501846	4	M2_plus_confirmation	raw__HeLa_TE_GSE79664
3	0.01	1.4307031156558119	4	M2_plus_confirmation	raw__HeLa_TE_GSE79664
3	0.1	1.4278469812808452	4	M2_plus_confirmation	raw__HeLa_TE_GSE79664
3	1.0	1.3997157458587837	4	M2_plus_confirmation	raw__HeLa_TE_GSE79664
3	10.0	1.350002608381155	4	M2_plus_confirmation	raw__HeLa_TE_GSE79664
3	100.0	1.0995188297230711	4	M2_plus_confirmation	raw__HeLa_TE_GSE79664
3	1000.0	0.923953875552824	4	M2_plus_confirmation	raw__HeLa_TE_GSE79664
4	0.001	1.8228515464970563	4	M2_plus_confirmation	raw__HeLa_TE_GSE79664
4	0.01	1.802743953371288	4	M2_plus_confirmation	raw__HeLa_TE_GSE79664
4	0.1	1.7574310006860225	4	M2_plus_confirmation	raw__HeLa_TE_GSE79664
4	1.0	1.6612153280860271	4	M2_plus_confirmation	raw__HeLa_TE_GSE79664
4	10.0	1.495865740696558	4	M2_plus_confirmation	raw__HeLa_TE_GSE79664
4	100.0	1.1451780064769004	4	M2_plus_confirmation	raw__HeLa_TE_GSE79664
4	1000.0	0.9468766751570539	4	M2_plus_confirmation	raw__HeLa_TE_GSE79664
0	0.001	1.1604378077026913	4	M0_sequence	raw__HeLa_TE_SRA099816
0	0.01	1.1513582663710664	4	M0_sequence	raw__HeLa_TE_SRA099816
0	0.1	1.1297291962909684	4	M0_sequence	raw__HeLa_TE_SRA099816
0	1.0	1.1088123306677737	4	M0_sequence	raw__HeLa_TE_SRA099816
0	10.0	1.031215921793199	4	M0_sequence	raw__HeLa_TE_SRA099816
0	100.0	0.8068106808084042	4	M0_sequence	raw__HeLa_TE_SRA099816
0	1000.0	0.7210150668847612	4	M0_sequence	raw__HeLa_TE_SRA099816
1	0.001	1.1470698097455028	4	M0_sequence	raw__HeLa_TE_SRA099816
1	0.01	1.1319207662211543	4	M0_sequence	raw__HeLa_TE_SRA099816
1	0.1	1.0960426863221542	4	M0_sequence	raw__HeLa_TE_SRA099816
1	1.0	1.050152854701037	4	M0_sequence	raw__HeLa_TE_SRA099816
1	10.0	0.9617069086730918	4	M0_sequence	raw__HeLa_TE_SRA099816
1	100.0	0.7521750299240941	4	M0_sequence	raw__HeLa_TE_SRA099816
1	1000.0	0.6787116062763366	4	M0_sequence	raw__HeLa_TE_SRA099816
2	0.001	1.077798066915078	4	M0_sequence	raw__HeLa_TE_SRA099816
2	0.01	1.0698303326749978	4	M0_sequence	raw__HeLa_TE_SRA099816
2	0.1	1.0542135714930947	4	M0_sequence	raw__HeLa_TE_SRA099816
2	1.0	1.026975418055618	4	M0_sequence	raw__HeLa_TE_SRA099816
2	10.0	0.9684105565474145	4	M0_sequence	raw__HeLa_TE_SRA099816
2	100.0	0.7833613158855595	4	M0_sequence	raw__HeLa_TE_SRA099816
2	1000.0	0.6610498765058779	4	M0_sequence	raw__HeLa_TE_SRA099816
3	0.001	1.1436611621590056	4	M0_sequence	raw__HeLa_TE_SRA099816
3	0.01	1.125021247945139	4	M0_sequence	raw__HeLa_TE_SRA099816
3	0.1	1.0938325380397445	4	M0_sequence	raw__HeLa_TE_SRA099816
3	1.0	1.0419734623020203	4	M0_sequence	raw__HeLa_TE_SRA099816
3	10.0	0.9654924018924089	4	M0_sequence	raw__HeLa_TE_SRA099816
3	100.0	0.7899598501500926	4	M0_sequence	raw__HeLa_TE_SRA099816
3	1000.0	0.6967008729889657	4	M0_sequence	raw__HeLa_TE_SRA099816
4	0.001	1.2714798072413673	4	M0_sequence	raw__HeLa_TE_SRA099816
4	0.01	1.2636314355860143	4	M0_sequence	raw__HeLa_TE_SRA099816
4	0.1	1.2332798317061198	4	M0_sequence	raw__HeLa_TE_SRA099816
4	1.0	1.1728484784713835	4	M0_sequence	raw__HeLa_TE_SRA099816
4	10.0	1.065958062892601	4	M0_sequence	raw__HeLa_TE_SRA099816
4	100.0	0.8365841290315481	4	M0_sequence	raw__HeLa_TE_SRA099816
4	1000.0	0.7376503125496044	4	M0_sequence	raw__HeLa_TE_SRA099816
0	0.001	1.1631380844636865	4	M1_sequence_plus_naivePsi	raw__HeLa_TE_SRA099816
0	0.01	1.154443668145536	4	M1_sequence_plus_naivePsi	raw__HeLa_TE_SRA099816
0	0.1	1.1339167649901545	4	M1_sequence_plus_naivePsi	raw__HeLa_TE_SRA099816
0	1.0	1.1138758897615992	4	M1_sequence_plus_naivePsi	raw__HeLa_TE_SRA099816
0	10.0	1.0347433297876922	4	M1_sequence_plus_naivePsi	raw__HeLa_TE_SRA099816
0	100.0	0.8093082105842901	4	M1_sequence_plus_naivePsi	raw__HeLa_TE_SRA099816
0	1000.0	0.7204344305038906	4	M1_sequence_plus_naivePsi	raw__HeLa_TE_SRA099816
1	0.001	1.1541921804971391	4	M1_sequence_plus_naivePsi	raw__HeLa_TE_SRA099816
1	0.01	1.1390246888247246	4	M1_sequence_plus_naivePsi	raw__HeLa_TE_SRA099816
1	0.1	1.1034581705375002	4	M1_sequence_plus_naivePsi	raw__HeLa_TE_SRA099816
1	1.0	1.0564491011948642	4	M1_sequence_plus_naivePsi	raw__HeLa_TE_SRA099816
1	10.0	0.9646501176530353	4	M1_sequence_plus_naivePsi	raw__HeLa_TE_SRA099816
1	100.0	0.753013124298852	4	M1_sequence_plus_naivePsi	raw__HeLa_TE_SRA099816
1	1000.0	0.6784719263269946	4	M1_sequence_plus_naivePsi	raw__HeLa_TE_SRA099816
2	0.001	1.0778351890709696	4	M1_sequence_plus_naivePsi	raw__HeLa_TE_SRA099816
2	0.01	1.069841220936398	4	M1_sequence_plus_naivePsi	raw__HeLa_TE_SRA099816
2	0.1	1.054958122830375	4	M1_sequence_plus_naivePsi	raw__HeLa_TE_SRA099816
2	1.0	1.028476031122394	4	M1_sequence_plus_naivePsi	raw__HeLa_TE_SRA099816
2	10.0	0.9706629593624967	4	M1_sequence_plus_naivePsi	raw__HeLa_TE_SRA099816
2	100.0	0.7874143645851812	4	M1_sequence_plus_naivePsi	raw__HeLa_TE_SRA099816
2	1000.0	0.6597399697263052	4	M1_sequence_plus_naivePsi	raw__HeLa_TE_SRA099816
3	0.001	1.1497721927338438	4	M1_sequence_plus_naivePsi	raw__HeLa_TE_SRA099816
3	0.01	1.1308928955386743	4	M1_sequence_plus_naivePsi	raw__HeLa_TE_SRA099816
3	0.1	1.1000187520717866	4	M1_sequence_plus_naivePsi	raw__HeLa_TE_SRA099816
3	1.0	1.0483360750445907	4	M1_sequence_plus_naivePsi	raw__HeLa_TE_SRA099816
3	10.0	0.9714225684576103	4	M1_sequence_plus_naivePsi	raw__HeLa_TE_SRA099816
3	100.0	0.7913891162069809	4	M1_sequence_plus_naivePsi	raw__HeLa_TE_SRA099816
3	1000.0	0.6952473855072492	4	M1_sequence_plus_naivePsi	raw__HeLa_TE_SRA099816
4	0.001	1.2928956637080016	4	M1_sequence_plus_naivePsi	raw__HeLa_TE_SRA099816
4	0.01	1.2852388752675206	4	M1_sequence_plus_naivePsi	raw__HeLa_TE_SRA099816
4	0.1	1.2561021913649382	4	M1_sequence_plus_naivePsi	raw__HeLa_TE_SRA099816
4	1.0	1.1929429066368331	4	M1_sequence_plus_naivePsi	raw__HeLa_TE_SRA099816
4	10.0	1.0802214373272563	4	M1_sequence_plus_naivePsi	raw__HeLa_TE_SRA099816
4	100.0	0.8426040305587646	4	M1_sequence_plus_naivePsi	raw__HeLa_TE_SRA099816
4	1000.0	0.7367217389530794	4	M1_sequence_plus_naivePsi	raw__HeLa_TE_SRA099816
0	0.001	1.1693567915046201	4	M2_plus_confirmation	raw__HeLa_TE_SRA099816
0	0.01	1.1607230610907093	4	M2_plus_confirmation	raw__HeLa_TE_SRA099816
0	0.1	1.1399463371981744	4	M2_plus_confirmation	raw__HeLa_TE_SRA099816
0	1.0	1.118648343428777	4	M2_plus_confirmation	raw__HeLa_TE_SRA099816
0	10.0	1.0368869616738274	4	M2_plus_confirmation	raw__HeLa_TE_SRA099816
0	100.0	0.8090714832467554	4	M2_plus_confirmation	raw__HeLa_TE_SRA099816
0	1000.0	0.720425303991172	4	M2_plus_confirmation	raw__HeLa_TE_SRA099816
1	0.001	1.1653831203589102	4	M2_plus_confirmation	raw__HeLa_TE_SRA099816
1	0.01	1.1499487177940544	4	M2_plus_confirmation	raw__HeLa_TE_SRA099816
1	0.1	1.1143359778690574	4	M2_plus_confirmation	raw__HeLa_TE_SRA099816
1	1.0	1.0678645055127656	4	M2_plus_confirmation	raw__HeLa_TE_SRA099816
1	10.0	0.9727645045039419	4	M2_plus_confirmation	raw__HeLa_TE_SRA099816
1	100.0	0.753999275227014	4	M2_plus_confirmation	raw__HeLa_TE_SRA099816
1	1000.0	0.6785937833655723	4	M2_plus_confirmation	raw__HeLa_TE_SRA099816
2	0.001	1.1003078882794273	4	M2_plus_confirmation	raw__HeLa_TE_SRA099816
2	0.01	1.0921843256203319	4	M2_plus_confirmation	raw__HeLa_TE_SRA099816
2	0.1	1.0766032089184971	4	M2_plus_confirmation	raw__HeLa_TE_SRA099816
2	1.0	1.0465286266592635	4	M2_plus_confirmation	raw__HeLa_TE_SRA099816
2	10.0	0.981864100357797	4	M2_plus_confirmation	raw__HeLa_TE_SRA099816
2	100.0	0.7885846731435486	4	M2_plus_confirmation	raw__HeLa_TE_SRA099816
2	1000.0	0.6598385755705384	4	M2_plus_confirmation	raw__HeLa_TE_SRA099816
3	0.001	1.1531071447274321	4	M2_plus_confirmation	raw__HeLa_TE_SRA099816
3	0.01	1.1339395247775466	4	M2_plus_confirmation	raw__HeLa_TE_SRA099816
3	0.1	1.102983540172151	4	M2_plus_confirmation	raw__HeLa_TE_SRA099816
3	1.0	1.0513799679323093	4	M2_plus_confirmation	raw__HeLa_TE_SRA099816
3	10.0	0.9731579004789896	4	M2_plus_confirmation	raw__HeLa_TE_SRA099816
3	100.0	0.7918011442013337	4	M2_plus_confirmation	raw__HeLa_TE_SRA099816
3	1000.0	0.6953602724807075	4	M2_plus_confirmation	raw__HeLa_TE_SRA099816
4	0.001	1.2973555156276277	4	M2_plus_confirmation	raw__HeLa_TE_SRA099816
4	0.01	1.2901902253586361	4	M2_plus_confirmation	raw__HeLa_TE_SRA099816
4	0.1	1.2621372820190384	4	M2_plus_confirmation	raw__HeLa_TE_SRA099816
4	1.0	1.1985646109329717	4	M2_plus_confirmation	raw__HeLa_TE_SRA099816
4	10.0	1.0851141624947946	4	M2_plus_confirmation	raw__HeLa_TE_SRA099816
4	100.0	0.8439597779487628	4	M2_plus_confirmation	raw__HeLa_TE_SRA099816
4	1000.0	0.7370477810748681	4	M2_plus_confirmation	raw__HeLa_TE_SRA099816
