feature	burden_column	TE_dataset	beta_standardized	SE_HC3	CI_low	CI_high	p	n_genes
BID	BID_count	raw__HeLa_TE_GSE143301	-0.043032586893586404	0.034557715738444655	-0.11076570974093794	0.024700535953765125	0.21304421377183738	807
BID	BID_count	raw__HeLa_TE_GSE188692	-0.020761581897668382	0.038209629563578276	-0.09565245584228181	0.05412929204694504	0.5868820043224713	738
BID	BID_count	raw__HeLa_TE_GSE21992	-0.06425887513372536	0.03891320019522581	-0.14052874751636796	0.01201099724891723	0.09866942524353374	800
BID	BID_count	raw__HeLa_TE_GSE79664	-0.08050955305028935	0.029060193367276627	-0.13746753205015155	-0.023551574050427168	0.005598043002001502	809
BID	BID_count	raw__HeLa_TE_SRA099816	-0.08495915934941868	0.03444139104890843	-0.1524642858052792	-0.017454032893558166	0.013633602918939326	812
BACS	BACS_count	raw__HeLa_TE_GSE143301	-0.0013632721846958834	0.03194491150355817	-0.06397529873166989	0.06124875436227813	0.9659600324206987	807
BACS	BACS_count	raw__HeLa_TE_GSE188692	0.07606654518370802	0.03653527802262998	0.004457400259353261	0.14767569010806278	0.03734222886356954	738
BACS	BACS_count	raw__HeLa_TE_GSE21992	0.023567070163623634	0.028148418662577435	-0.031603830415028136	0.07873797074227541	0.4024559182588422	800
BACS	BACS_count	raw__HeLa_TE_GSE79664	-0.009247726761387447	0.030822999382443646	-0.06966080555097699	0.051165352028202105	0.7641566912860427	809
BACS	BACS_count	raw__HeLa_TE_SRA099816	0.013664863856946692	0.02972240416028192	-0.04459104829720587	0.07192077601109925	0.6456959526448925	812
ELAP	ELAP_count	raw__HeLa_TE_GSE143301	-0.1862952599141516	0.031993838488648986	-0.24900318335190363	-0.12358733647639959	5.7853152516999444e-09	807
ELAP	ELAP_count	raw__HeLa_TE_GSE188692	0.16216649515341916	0.03602733195821473	0.09155292451531828	0.23278006579152005	6.756851674326349e-06	738
ELAP	ELAP_count	raw__HeLa_TE_GSE21992	-0.06666956782379918	0.0358526445166723	-0.13694075107647688	0.0036016154288785185	0.06295007714110475	800
ELAP	ELAP_count	raw__HeLa_TE_GSE79664	-0.17272467788626059	0.033454094180605694	-0.23829470248024776	-0.10715465329227343	2.4297695912184733e-07	809
ELAP	ELAP_count	raw__HeLa_TE_SRA099816	-0.15285897244108893	0.03148519156901722	-0.21456994791636266	-0.09114799696581519	1.2041824942125077e-06	812
DRS	DRS_count	raw__HeLa_TE_GSE143301	-0.1458528130559248	0.03675141156275776	-0.21788557971893002	-0.07382004639291957	7.228653532029136e-05	807
DRS	DRS_count	raw__HeLa_TE_GSE188692	0.22095571906148917	0.036339487519885326	0.14973032352251392	0.2921811146004644	1.1994280182542518e-09	738
DRS	DRS_count	raw__HeLa_TE_GSE21992	-0.018918057153131447	0.03658831174740812	-0.09063114817805137	0.05279503387178847	0.6051199095126554	800
DRS	DRS_count	raw__HeLa_TE_GSE79664	-0.1702189454764039	0.034968952683857836	-0.23875809273676524	-0.10167979821604255	1.128951650234315e-06	809
DRS	DRS_count	raw__HeLa_TE_SRA099816	-0.09375586053812299	0.03100506041366942	-0.15452577894891506	-0.03298594212733093	0.0024954799548549374	812
naive_singleU_union_count	naive_singleU_union_count	raw__HeLa_TE_GSE143301	-0.15641301953860742	0.033519349946365844	-0.22211094543348447	-0.09071509364373037	3.065972380489483e-06	807
naive_singleU_union_count	naive_singleU_union_count	raw__HeLa_TE_GSE188692	0.009963119497662758	0.03710360527713628	-0.06275994684552436	0.08268618584084986	0.7882978498881765	738
naive_singleU_union_count	naive_singleU_union_count	raw__HeLa_TE_GSE21992	-0.04318181577856367	0.036512540676824155	-0.11474639550513901	0.028382763948011674	0.2369450694176924	800
naive_singleU_union_count	naive_singleU_union_count	raw__HeLa_TE_GSE79664	-0.15038574870722834	0.031235362656039788	-0.21160705951306633	-0.08916443790139036	1.4749570003363724e-06	809
naive_singleU_union_count	naive_singleU_union_count	raw__HeLa_TE_SRA099816	-0.13958650980025608	0.03220661556461144	-0.2027114763068945	-0.07646154329361765	1.4636141321492135e-05	812
orthogonal_singleU_count	orthogonal_singleU_count	raw__HeLa_TE_GSE143301	-0.03306994608174355	0.037838666053993775	-0.10723373154757135	0.04109383938408425	0.3821333377697307	807
orthogonal_singleU_count	orthogonal_singleU_count	raw__HeLa_TE_GSE188692	0.004995396687321504	0.04316302779604656	-0.07960413779292976	0.08959493116757276	0.9078639682965141	738
orthogonal_singleU_count	orthogonal_singleU_count	raw__HeLa_TE_GSE21992	-0.027925721988902363	0.03316812808576258	-0.09293525303699703	0.0370838090591923	0.3998190373969564	800
orthogonal_singleU_count	orthogonal_singleU_count	raw__HeLa_TE_GSE79664	-0.03421262381855432	0.03386249185668343	-0.10058310785765384	0.032157860220545204	0.3123325110109159	809
orthogonal_singleU_count	orthogonal_singleU_count	raw__HeLa_TE_SRA099816	-0.04640371049836994	0.03383914707978493	-0.1127284387747484	0.019921017778008518	0.1702806443774439	812
triple_singleU_count	triple_singleU_count	raw__HeLa_TE_GSE143301	-0.02765492739664394	0.026300495652944556	-0.07920389887641527	0.023894044083127387	0.29302977356435816	807
triple_singleU_count	triple_singleU_count	raw__HeLa_TE_GSE188692	0.012842736807936352	0.050787173658962174	-0.08670012356362951	0.11238559717950221	0.8003658698736695	738
triple_singleU_count	triple_singleU_count	raw__HeLa_TE_GSE21992	0.013021013669263294	0.026214913359332345	-0.0383602165150281	0.06440224385355468	0.6193988412847434	800
triple_singleU_count	triple_singleU_count	raw__HeLa_TE_GSE79664	-0.022168851082320355	0.022777006926060165	-0.06681178465739829	0.02247408249275757	0.3304044353383142	809
triple_singleU_count	triple_singleU_count	raw__HeLa_TE_SRA099816	-0.049392728247450335	0.0435810485895203	-0.1348115834829101	0.036026126988009444	0.2570658880779694	812
breadth_sum_singleU	breadth_sum_singleU	raw__HeLa_TE_GSE143301	-0.14486974791883853	0.034343874084097246	-0.2121837411236691	-0.07755575471400793	2.4624704431080955e-05	807
breadth_sum_singleU	breadth_sum_singleU	raw__HeLa_TE_GSE188692	0.00888229988660342	0.03885308531058132	-0.06726974732213596	0.08503434709534281	0.8191701298334906	738
breadth_sum_singleU	breadth_sum_singleU	raw__HeLa_TE_GSE21992	-0.03998685361513274	0.03550793611731056	-0.10958240840506143	0.029608701174795957	0.2601069036838267	800
breadth_sum_singleU	breadth_sum_singleU	raw__HeLa_TE_GSE79664	-0.13827597234301248	0.03193220716833096	-0.20086309839294114	-0.0756888462930838	1.4890769948362413e-05	809
breadth_sum_singleU	breadth_sum_singleU	raw__HeLa_TE_SRA099816	-0.136100433514275	0.033760288313333664	-0.20227059860840899	-0.06993026842014102	5.5451128065110526e-05	812
