TE_dataset	burden	beta_standardized	SE_HC3	CI_low	CI_high	p	n_genes	map
raw__HeLa_TE_GSE143301	BID_count	-0.04303258689358637	0.034557715738444655	-0.1107657097409379	0.02470053595376516	0.21304421377183777	807	BID
raw__HeLa_TE_GSE188692	BID_count	-0.020761581897668316	0.038209629563578276	-0.09565245584228174	0.05412929204694511	0.5868820043224725	738	BID
raw__HeLa_TE_GSE21992	BID_count	-0.06425887513372538	0.03891320019522581	-0.14052874751636796	0.012010997248917202	0.09866942524353361	800	BID
raw__HeLa_TE_GSE79664	BID_count	-0.08050955305028937	0.029060193367276627	-0.13746753205015155	-0.023551574050427182	0.0055980430020014914	809	BID
raw__HeLa_TE_SRA099816	BID_count	-0.08495915934941858	0.03444139104890842	-0.1524642858052791	-0.017454032893558083	0.01363360291893941	812	BID
raw__HeLa_TE_GSE143301	BACS_count	-0.0013632721846958884	0.03194491150355816	-0.06397529873166988	0.061248754362278106	0.9659600324206986	807	BACS
raw__HeLa_TE_GSE188692	BACS_count	0.07606654518370802	0.03653527802262998	0.004457400259353261	0.14767569010806278	0.03734222886356954	738	BACS
raw__HeLa_TE_GSE21992	BACS_count	0.02356707016362361	0.028148418662577432	-0.03160383041502816	0.07873797074227537	0.4024559182588426	800	BACS
raw__HeLa_TE_GSE79664	BACS_count	-0.009247726761387449	0.030822999382443646	-0.06966080555097699	0.0511653520282021	0.7641566912860426	809	BACS
raw__HeLa_TE_SRA099816	BACS_count	0.013664863856946702	0.029722404160281924	-0.04459104829720587	0.07192077601109928	0.6456959526448922	812	BACS
raw__HeLa_TE_GSE143301	ELAP_count	-0.18629525991415152	0.031993838488648986	-0.24900318335190352	-0.12358733647639951	5.785315251700031e-09	807	ELAP
raw__HeLa_TE_GSE188692	ELAP_count	0.1621664951534191	0.03602733195821474	0.09155292451531821	0.23278006579152	6.756851674326428e-06	738	ELAP
raw__HeLa_TE_GSE21992	ELAP_count	-0.06666956782379921	0.0358526445166723	-0.1369407510764769	0.0036016154288784907	0.06295007714110462	800	ELAP
raw__HeLa_TE_GSE79664	ELAP_count	-0.17272467788626056	0.033454094180605694	-0.2382947024802477	-0.1071546532922734	2.4297695912184813e-07	809	ELAP
raw__HeLa_TE_SRA099816	ELAP_count	-0.15285897244108906	0.03148519156901722	-0.2145699479163628	-0.09114799696581533	1.2041824942124808e-06	812	ELAP
raw__HeLa_TE_GSE143301	DRS_count	-0.1458528130559249	0.03675141156275777	-0.21788557971893013	-0.07382004639291967	7.22865353202906e-05	807	DRS
raw__HeLa_TE_GSE188692	DRS_count	0.220955719061489	0.03633948751988533	0.14973032352251375	0.29218111460046425	1.1994280182542894e-09	738	DRS
raw__HeLa_TE_GSE21992	DRS_count	-0.018918057153131447	0.03658831174740812	-0.09063114817805137	0.05279503387178847	0.6051199095126554	800	DRS
raw__HeLa_TE_GSE79664	DRS_count	-0.17021894547640373	0.034968952683857836	-0.23875809273676507	-0.10167979821604238	1.1289516502343474e-06	809	DRS
raw__HeLa_TE_SRA099816	DRS_count	-0.09375586053812307	0.03100506041366942	-0.15452577894891512	-0.03298594212733101	0.002495479954854916	812	DRS
