filename	status	source_path	trace_path
01_existing_asset_audit.txt	COPIED_OR_PRESENT	D:\RNA\Stage0\logs\01_existing_asset_audit.txt	D:\RNA\Trace\00_meta\inherited_stage0\01_existing_asset_audit.txt
01_existing_asset_audit.json	COPIED_OR_PRESENT	D:\RNA\Stage0\results\01_existing_asset_audit.json	D:\RNA\Trace\00_meta\inherited_stage0\01_existing_asset_audit.json
02_external_processed_manifest.json	COPIED_OR_PRESENT	D:\RNA\Stage0\results\02_external_processed_manifest.json	D:\RNA\Trace\00_meta\inherited_stage0\02_external_processed_manifest.json
04_processed_evidence_gate.txt	COPIED_OR_PRESENT	D:\RNA\Stage0\logs\04_processed_evidence_gate.txt	D:\RNA\Trace\00_meta\inherited_stage0\04_processed_evidence_gate.txt
05_coordinate_convention_audit.txt	COPIED_OR_PRESENT	D:\RNA\Stage0\logs\05_coordinate_convention_audit.txt	D:\RNA\Trace\00_meta\inherited_stage0\05_coordinate_convention_audit.txt
05_coordinate_audit.json	COPIED_OR_PRESENT	D:\RNA\Stage0\results\05_coordinate_audit.json	D:\RNA\Trace\00_meta\inherited_stage0\05_coordinate_audit.json
05b_locus_semantics_audit.txt	COPIED_OR_PRESENT	D:\RNA\Stage0\logs\05b_locus_semantics_audit.txt	D:\RNA\Trace\00_meta\inherited_stage0\05b_locus_semantics_audit.txt
05b_locus_semantics_summary.json	COPIED_OR_PRESENT	D:\RNA\Stage0\results\05b_locus_semantics_summary.json	D:\RNA\Trace\00_meta\inherited_stage0\05b_locus_semantics_summary.json
06a_recover_published_comparison_evidence.txt	COPIED_OR_PRESENT	D:\RNA\Stage0\logs\06a_recover_published_comparison_evidence.txt	D:\RNA\Trace\00_meta\inherited_stage0\06a_recover_published_comparison_evidence.txt
