asset_id	assay	role	required_now	status	source_path	trace_path	size_bytes	sha256	expected_sha256	hash_match_expected	notes
PRAISE_supplementary	PRAISE	primary+writer_validation	True	PRESENT_VERIFIED	D:\RNA\phase1\inputs\41589_2023_1304_MOESM3_ESM.xlsx	D:\RNA\Trace\01_source\PRAISE\41589_2023_1304_MOESM3_ESM.xlsx	413897	283c24e702c358b749ebbde024fb9c4edc7a9b134ca198678f170330d4bafcb5	283c24e702c358b749ebbde024fb9c4edc7a9b134ca198678f170330d4bafcb5	True	
BID_HEK293T_WT	BID-seq	Aim1_primary	True	PRESENT_VERIFIED	D:\RNA\Stage0\raw\BID_seq\GSE179798_HEK293T_mRNA_WT_BID-seq.xlsx	D:\RNA\Trace\01_source\BID\GSE179798_HEK293T_mRNA_WT_BID-seq.xlsx	106921	47d85533487ce925de014a9ecbda13624925c1204db5b8c453884cf2594de6d1	47d85533487ce925de014a9ecbda13624925c1204db5b8c453884cf2594de6d1	True	
BID_HeLa_WT	BID-seq	Aim1_primary	True	PRESENT_VERIFIED	D:\RNA\Stage0\raw\BID_seq\GSE179798_HeLa_mRNA_WT_BID-seq.xlsx	D:\RNA\Trace\01_source\BID\GSE179798_HeLa_mRNA_WT_BID-seq.xlsx	113180	fc5eb85336811b9000d3f758403eb10df7688c311abe6176f3d8264f27175b94	fc5eb85336811b9000d3f758403eb10df7688c311abe6176f3d8264f27175b94	True	
BID_HeLa_shControl	BID-seq	Aim2_writer_validation	False	PRESENT_VERIFIED	D:\RNA\Stage0\raw\BID_seq\GSE179798_HeLa_mRNA_shControl_BID-seq.xlsx	D:\RNA\Trace\01_source\BID\GSE179798_HeLa_mRNA_shControl_BID-seq.xlsx	27976	17a2bb53cfc517cd6200adcab203dbfafa94bd6d26459ee6907b579cc497f763	17a2bb53cfc517cd6200adcab203dbfafa94bd6d26459ee6907b579cc497f763	True	
BID_A549_WT	BID-seq	Aim1_replication	False	NOT_FOUND_LOCAL		D:\RNA\Trace\01_source\BID\GSE179798_A549_mRNA_WT_BID-seq.xlsx					Not a failure. If needed, this will be acquired in the next download step.
ELAP_HEK293T	ELAP-seq	Aim1_primary	True	PRESENT_VERIFIED	D:\RNA\Stage0\raw\ELAP_seq\GSE236530_ELAP-HEK-all-update-1.xlsx	D:\RNA\Trace\01_source\ELAP\GSE236530_ELAP-HEK-all-update-1.xlsx	1723882	be52b9c12c1bc7e79b9c0fbb2e37103bec5e90fb41754ca3362abc1c9b48fd19	be52b9c12c1bc7e79b9c0fbb2e37103bec5e90fb41754ca3362abc1c9b48fd19	True	
ELAP_HeLa	ELAP-seq	Aim1_primary	True	PRESENT_VERIFIED	D:\RNA\Stage0\raw\ELAP_seq\GSE236530_ELAP-HeLa-all-update-1.xlsx	D:\RNA\Trace\01_source\ELAP\GSE236530_ELAP-HeLa-all-update-1.xlsx	1594109	730a4bc6dcb7ec06df32975ce7722085ea4e5a418e37c5f91d7838a252aa42b8	730a4bc6dcb7ec06df32975ce7722085ea4e5a418e37c5f91d7838a252aa42b8	True	
ELAP_HEK293T_DKC1	ELAP-seq	Aim2_writer_validation	False	PRESENT_VERIFIED	D:\RNA\Stage0\raw\ELAP_seq\GSE236530_DKC1-knockdown-enrichment-change.xlsx	D:\RNA\Trace\01_source\ELAP\GSE236530_DKC1-knockdown-enrichment-change.xlsx	736762	b451609a7ffa0893da64993513169818ba30b65c8d0f424809db90b64020f673	b451609a7ffa0893da64993513169818ba30b65c8d0f424809db90b64020f673	True	
ELAP_supplementary_data	ELAP-seq	paper_supplement	True	PRESENT_VERIFIED	D:\RNA\Stage0\raw\published_evidence\ELAP_supplementary_data.xlsx	D:\RNA\Trace\01_source\ELAP\ELAP_supplementary_data.xlsx	5797336	c799d971d8bfab758d6028706e03ab6eb5dabc6f4a3f10cfbe63465d029730fc	c799d971d8bfab758d6028706e03ab6eb5dabc6f4a3f10cfbe63465d029730fc	True	
ELAP_source_data	ELAP-seq	synthetic_calibration	True	PRESENT_VERIFIED	D:\RNA\Stage0\raw\published_evidence\ELAP_source_data.xlsx	D:\RNA\Trace\01_source\ELAP\ELAP_source_data.xlsx	5210176	a956b8ae54064b8f9b4107c45c814551a2dc13aa808d9f5e229d0634ff14f33e	a956b8ae54064b8f9b4107c45c814551a2dc13aa808d9f5e229d0634ff14f33e	True	
BACS_HeLa	BACS	Aim2_primary+localization	True	PRESENT_VERIFIED	D:\RNA\Stage0\raw\BACS\GSE241849_Supplementary_Table_3_10.xlsx	D:\RNA\Trace\01_source\BACS\GSE241849_Supplementary_Table_3_10.xlsx	473592	eed449b5481c88a16b0e52ee2bd13caa56a190fd05d69458450bf7128ae6786a	eed449b5481c88a16b0e52ee2bd13caa56a190fd05d69458450bf7128ae6786a	True	
ELAP_code_snapshot	ELAP-seq	provenance_code	False	PRESENT_VERIFIED	D:\RNA\Stage0\reference_code\ELAP-seq-v4.zip	D:\RNA\Trace\01_source\code_snapshots\ELAP-seq-v4.zip	24543	9a34b3e8ab644848af002a50c70bb470e2098e7c8905f687491c4e4848be0f78	9a34b3e8ab644848af002a50c70bb470e2098e7c8905f687491c4e4848be0f78	True	
BACS_code_snapshot	BACS	provenance_code	False	PRESENT_VERIFIED	D:\RNA\Stage0\reference_code\bacs.zip	D:\RNA\Trace\01_source\code_snapshots\bacs.zip	63787	9ffd41175b219994b4d6cec4d6d03e67d6b9ff6c4cb15e29053ee6053e9b464f	9ffd41175b219994b4d6cec4d6d03e67d6b9ff6c4cb15e29053ee6053e9b464f	True	
