source_sheet	column	n_nonmissing	numeric_fraction
Sheet1	drs_table	5076	0.0
Sheet1	assay	5076	0.0
Sheet1	chemistry_family	5076	0.0
Sheet1	source_file	5076	0.0
Sheet1	source_row	5076	1.0
Sheet1	raw__Annotation	5076	0.0
Sheet1	raw__Cell_Line	5076	0.0
Sheet1	raw__mean_protein_abundance	5076	1.0
Sheet1	raw__median_protein_abundance	5076	1.0
Sheet1	raw__standard_deviation_of_protein_abundance	5076	1.0
Sheet1	raw__mRNA_TPM	5076	1.0
TE_values	drs_table	5076	0.0
TE_values	assay	5076	0.0
TE_values	chemistry_family	5076	0.0
TE_values	source_file	5076	0.0
TE_values	source_row	5076	1.0
TE_values	raw__Annotation	5076	0.0035460992907801418
TE_values	raw__Cell_Line	5076	0.0
TE_values	raw__mean_protein_abundance	5076	1.0
TE_values	raw__median_protein_abundance	5076	1.0
TE_values	raw__standard_deviation_of_protein_abundance	5076	1.0
TE_values	raw__mRNA_TPM	5076	1.0
TE_values	raw__colored_in_Fig_3_plot	5076	0.0
TE_values	raw__SYMBOL_UPPER	5076	0.0035460992907801418
TE_values	raw__ensembl_gene_id	4884	0.0
TE_values	raw__ensembl_gene_id_stripped	4884	0.0
TE_values	raw__gene_type	4884	0.0
TE_values	raw__HeLa_TE_GSE21992	812	0.1599684791174153
TE_values	raw__HeLa_TE_GSE79664	811	0.15977147360126084
TE_values	raw__HeLa_TE_GSE143301	810	0.1595744680851064
TE_values	raw__HeLa_TE_GSE188692	762	0.15011820330969267
TE_values	raw__HeLa_TE_SRA099816	812	0.1599684791174153
TE_values	raw__A549_TE_GSE82232	812	0.1599684791174153
TE_values	raw__A549_TE_GSE101760	812	0.1599684791174153
TE_values	raw__HepG2_TE_GSE125757	812	0.1599684791174153
TE_values	raw__HepG2_TE_GSE174419	812	0.1599684791174153
