dataset_id	kind	output_path	n_rows	sha256	status
BID_HEK293T	reported_site_table	D:\RNA\Trace\03_harmonized\normalized_sources\BID_HEK293T.tsv	543	2e4122d9d1d02999bb7d1ba71d0b98765b0484b40934eb099d322156b5d5c16e	NORMALIZED
BID_HeLa	reported_site_table	D:\RNA\Trace\03_harmonized\normalized_sources\BID_HeLa.tsv	575	2c43d563d51d2fc77a74c656b5dc159b5bcd213f2a5210d09b80d6fb4a9f9f0e	NORMALIZED
BID_A549	reported_site_table	D:\RNA\Trace\03_harmonized\normalized_sources\BID_A549.tsv	922	b0ba95ec19e5999966178c857f4e3185caef4234e64ccc5c990cd6967efb7421	NORMALIZED
ELAP_HEK293T	reported_site_table	D:\RNA\Trace\03_harmonized\normalized_sources\ELAP_HEK293T.tsv	5731	1381d7c6216043efd711c23b236863be8261a89e5c6e767e3fd37027e367563b	NORMALIZED
ELAP_HeLa	reported_site_table	D:\RNA\Trace\03_harmonized\normalized_sources\ELAP_HeLa.tsv	5367	4e8e1df03f054ad93f05cce3a010a9a714bda395f617134abfa5974a504be268	NORMALIZED
BACS_HeLa	reported_site_table	D:\RNA\Trace\03_harmonized\normalized_sources\BACS_HeLa.tsv	1335	5c1668d27f96a00fa5718f11aefca043dc0fe2e16a13e048774ff5c66d0349f1	NORMALIZED
PRAISE_HEK293T	reported_site_table	D:\RNA\Trace\03_harmonized\normalized_sources\PRAISE_HEK293T.tsv	2209	9a5d780af6721e96738677cc5b9988fdb152696370015f0511e89c8a5ab4e83e	NORMALIZED
PRAISE_writer_assignments	writer_validation	D:\RNA\Trace\03_harmonized\normalized_sources\PRAISE_writer_assignments.tsv	1021	c7d8311c97c274100335d110a939c6a675d156538ed2c8096bd19ba583756f2b	NORMALIZED
DRS_S3_functional	heldout_or_functional_source	D:\RNA\Trace\03_harmonized\normalized_sources\DRS_S3_functional.tsv	10152	415f0d406e3fd67c8076347c7b06b002086767a6ed24cc3594efd6de0d86b371	NORMALIZED_PROVENANCE_ONLY
DRS_S6_psi_calls	heldout_or_functional_source	D:\RNA\Trace\03_harmonized\normalized_sources\DRS_S6_psi_calls.tsv	109220	2d96dfc8ef66a1c0d09cf6117b63567635454cccf2e19699cc382ea191a2c121	NORMALIZED_PROVENANCE_ONLY
DRS_S8_conserved_controls	heldout_or_functional_source	D:\RNA\Trace\03_harmonized\normalized_sources\DRS_S8_conserved_controls.tsv	134	0e8020f492414cd610533738d47ca361bb0832bdf31e3c454db3b93cb48a34e4	NORMALIZED_PROVENANCE_ONLY
synthetic_context_calibration	calibration	D:\RNA\Trace\03_harmonized\synthetic_context_calibration.tsv	256	c55d8676bbe02c10997cdf0ee07c8c20e44340afeb8f255227c985606ac9600e	NORMALIZED_WITH_MAPPING_REPORT
