Index	cell_line	relative_position	base	ELAP_with_base	ELAP_without_base	BID_with_base	BID_without_base	logOR_ELAP_vs_BID	OR	CI_low	CI_high	SE_logOR	z	p	q_BH_within_cell
0	HEK293T	-2	A	85	379	20	139	0.4273014942240877	1.533114817314181	0.9118302010340208	2.577717913272538	0.2651035630320641	1.611828559891539	0.10699925149521458	0.1556352749021303
1	HEK293T	-2	C	88	376	18	141	0.5866134897729487	1.7978895229891243	1.0508202982757964	3.0760794611389306	0.2740012215085361	2.140915600825793	0.032280844819619244	0.05164935171139079
2	HEK293T	-2	G	188	276	82	77	-0.445633171055658	0.640418653076881	0.4463049534862072	0.9189592183665544	0.1842447129322605	-2.418702626324478	0.01557596786699759	0.02769060954132905
3	HEK293T	-2	U	103	361	39	120	-0.1353413478697621	0.8734177215189873	0.5735487676199985	1.3300673967603167	0.21457702197724743	-0.6307355122307222	0.5282134751384213	0.5934127813062673
4	HEK293T	-1	A	174	290	9	150	2.2529924509329518	9.516169942929617	4.811352052755408	18.821630466815613	0.3479664868700554	6.4747397693339055	9.497548375630499e-11	5.0653591336696e-10
5	HEK293T	-1	C	111	353	22	137	0.6562497134597975	1.927549897846928	1.17619935347539	3.158859591030577	0.2520211020860067	2.6039474791116524	0.009215687781718164	0.01843137556343633
6	HEK293T	-1	G	179	285	128	31	-1.8700081796714183	0.1541224011393759	0.100047907794694	0.2374234010141535	0.22045813780453447	-8.482373108537413	2.206466811932241e-17	1.7651734495457928e-16
7	HEK293T	-1	U	0	464	0	159	-1.0689176360289938	0.3433799784714747	0.0067849899703697	17.378037422308054	2.002104504017233	-0.5338970237988102	0.5934127813062673	0.5934127813062673
8	HEK293T	1	A	183	281	23	136	1.3314064133897812	3.786364838819395	2.3532648638302502	6.092199358007315	0.24265446207433372	5.486840843593982	4.0918548718568865e-08	1.6367419487427546e-07
9	HEK293T	1	C	114	350	46	113	-0.2264353591522037	0.7973708833770496	0.5338448662791845	1.190983309606264	0.20470134472576082	-1.1061742630736502	0.2686511002900452	0.35820146705339356
10	HEK293T	1	G	167	297	90	69	-0.8384539718556973	0.4323784762523794	0.3000134250867291	0.6231426032761195	0.1864663689706153	-4.496542601673264	6.906734607366621e-06	2.2101550743573187e-05
11	HEK293T	1	U	0	464	0	159	-1.0689176360289938	0.3433799784714747	0.0067849899703697	17.378037422308054	2.002104504017233	-0.5338970237988102	0.5934127813062673	0.5934127813062673
12	HEK293T	2	A	113	351	13	146	1.253928868683476	3.50408303039882	1.9302301023495851	6.361209406579438	0.3042294126826381	4.121655620429878	3.761592342975185e-05	8.597925355371852e-05
13	HEK293T	2	C	124	340	36	123	0.2128194857947813	1.2371613058958422	0.8108551614921238	1.8875974027092293	0.21555373423427365	0.9873152351119993	0.32348812419525674	0.3981392297787775
14	HEK293T	2	G	96	368	94	65	-1.706447395142942	0.1815094800169427	0.1232985135378527	0.2672026644174144	0.19729567826308136	-8.649187910074248	5.186719623940285e-18	8.298751398304456e-17
15	HEK293T	2	U	131	333	16	143	1.2323386405552816	3.429239925491799	1.9824174103553955	5.931993133816756	0.2796028705294546	4.407460618060649	1.0458960984859008e-05	2.7890562626290686e-05
16	HeLa	-2	A	56	250	20	166	0.6053521409036118	1.8318971812472613	1.0653700592521966	3.1499357932183623	0.27654588194944385	2.1889754301757347	0.028598625867788264	0.04159800126223748
17	HeLa	-2	C	64	242	21	165	0.7165817731076893	2.047422680412371	1.2092448555929425	3.4665763619986616	0.2686661707187616	2.667182739049806	0.007649006918261121	0.012238411069217792
18	HeLa	-2	G	117	189	96	90	-0.5421438485773271	0.5815002665864629	0.4025753588023565	0.8399484783323207	0.18761690011877347	-2.8896322678506867	0.0038569271266883634	0.00685702580930023
19	HeLa	-2	U	69	237	49	137	-0.207189623371968	0.8128654970760234	0.5337115794950298	1.2380288187897632	0.21464799789229352	-0.9652529974956114	0.3344181077827495	0.3821921231802851
20	HeLa	-1	A	97	209	22	164	1.2245238996366612	3.402545743834527	2.0599840599920287	5.62010054530774	0.2560334973127838	4.782670675863632	1.7298140110953368e-06	6.919256044381347e-06
21	HeLa	-1	C	131	175	45	141	0.8459551998382863	2.330202560971792	1.556773409601766	3.487883298667396	0.2057856365805387	4.110856393552051	3.941943238698637e-05	0.00012614218363835638
22	HeLa	-1	G	78	228	119	67	-1.6396263590389777	0.1940525347225401	0.1309309746950106	0.2876048721088274	0.2007442073129366	-8.167739338465658	3.142219268300884e-16	5.027550829281414e-15
23	HeLa	-1	U	0	306	0	186	-0.4967865162923959	0.6084828711256117	0.0120220804613533	30.797614908957843	2.0021549822717333	-0.24812590468332277	0.8040369931692736	0.8040369931692736
24	HeLa	1	A	98	208	36	150	0.6667683305396717	1.9479320653066587	1.2623147132276809	3.0059376566622267	0.2213373576238354	3.0124527449760636	0.0025914577962148854	0.005923332105634024
25	HeLa	1	C	104	202	36	150	0.7550980084587565	2.127820057500423	1.3815870670828012	3.2771139112217487	0.2203393476929773	3.4269775978048025	0.0006103394198820528	0.001627571786352141
26	HeLa	1	G	104	202	114	72	-1.1185410762753931	0.3267561593616906	0.2240850282124798	0.4764690819931196	0.1924431799201864	-5.812318611339177	6.161342988477112e-09	3.2860495938544594e-08
27	HeLa	1	U	0	306	0	186	-0.4967865162923959	0.6084828711256117	0.0120220804613533	30.797614908957843	2.0021549822717333	-0.24812590468332277	0.8040369931692736	0.8040369931692736
28	HeLa	2	A	100	206	38	148	0.6297840320470587	1.8772051193358696	1.2245922170648054	2.8776102044051397	0.21794700382514587	2.8896200498003664	0.0038570770177313793	0.00685702580930023
29	HeLa	2	C	76	230	31	155	0.4936980641834883	1.6383638053920049	1.032094386504799	2.6007659705511736	0.23576935791573334	2.093987397462997	0.03626110291140207	0.04834813721520276
30	HeLa	2	G	66	240	91	95	-1.2427308666787986	0.2885950262999442	0.1944385078362897	0.428346679533204	0.20148390526313043	-6.167891500096937	6.92066031276555e-10	5.53652825021244e-09
31	HeLa	2	U	64	242	26	160	0.4768127230020829	1.6109317253452635	0.9826944701827174	2.6408014926972645	0.2521784407137489	1.8907751259486902	0.058654368954460356	0.07218999255933582
