cell_line	relative_position	base	ELAP_with_base	ELAP_without_base	BID_with_base	BID_without_base	logOR_ELAP_vs_BID	OR	CI_low	CI_high
HEK293T	-2	A	85	379	20	139	0.42730149422408775	1.533114817314181	0.9118302010340208	2.577717913272538
HEK293T	-2	C	88	376	18	141	0.5866134897729487	1.7978895229891245	1.0508202982757964	3.0760794611389306
HEK293T	-2	G	188	276	82	77	-0.445633171055658	0.640418653076881	0.44630495348620725	0.9189592183665544
HEK293T	-2	U	103	361	39	120	-0.13534134786976212	0.8734177215189873	0.5735487676199985	1.3300673967603167
HEK293T	-1	A	174	290	9	150	2.2529924509329513	9.516169942929615	4.8113520527554074	18.821630466815613
HEK293T	-1	C	111	353	22	137	0.6562497134597975	1.9275498978469277	1.17619935347539	3.1588595910305775
HEK293T	-1	G	179	285	128	31	-1.8700081796714185	0.15412240113937592	0.10004790779469404	0.23742340101415357
HEK293T	-1	U	0	464	0	159	-1.0689176360289938	0.3433799784714747	0.006784989970369758	17.378037422308054
HEK293T	1	A	183	281	23	136	1.3314064133897812	3.786364838819395	2.3532648638302502	6.092199358007315
HEK293T	1	C	114	350	46	113	-0.22643535915220375	0.7973708833770496	0.5338448662791845	1.1909833096062639
HEK293T	1	G	167	297	90	69	-0.8384539718556973	0.4323784762523794	0.3000134250867291	0.6231426032761195
HEK293T	1	U	0	464	0	159	-1.0689176360289938	0.3433799784714747	0.006784989970369758	17.378037422308054
HEK293T	2	A	113	351	13	146	1.253928868683476	3.50408303039882	1.9302301023495854	6.361209406579438
HEK293T	2	C	124	340	36	123	0.21281948579478135	1.2371613058958422	0.8108551614921238	1.8875974027092293
HEK293T	2	G	96	368	94	65	-1.706447395142942	0.1815094800169427	0.12329851353785277	0.26720266441741447
HEK293T	2	U	131	333	16	143	1.2323386405552816	3.429239925491799	1.9824174103553953	5.931993133816756
HeLa	-2	A	56	250	20	166	0.6053521409036118	1.8318971812472615	1.0653700592521966	3.1499357932183623
HeLa	-2	C	64	242	21	165	0.7165817731076893	2.047422680412371	1.2092448555929423	3.4665763619986616
HeLa	-2	G	117	189	96	90	-0.5421438485773271	0.5815002665864629	0.40257535880235656	0.8399484783323207
HeLa	-2	U	69	237	49	137	-0.20718962337196808	0.8128654970760234	0.5337115794950298	1.2380288187897632
HeLa	-1	A	97	209	22	164	1.2245238996366612	3.402545743834527	2.0599840599920287	5.62010054530774
HeLa	-1	C	131	175	45	141	0.8459551998382863	2.3302025609717916	1.556773409601766	3.4878832986673958
HeLa	-1	G	78	228	119	67	-1.6396263590389777	0.19405253472254017	0.13093097469501064	0.2876048721088274
HeLa	-1	U	0	306	0	186	-0.4967865162923959	0.6084828711256117	0.01202208046135338	30.797614908957843
HeLa	1	A	98	208	36	150	0.6667683305396717	1.9479320653066587	1.2623147132276809	3.0059376566622267
HeLa	1	C	104	202	36	150	0.7550980084587565	2.127820057500423	1.3815870670828012	3.2771139112217487
HeLa	1	G	104	202	114	72	-1.1185410762753933	0.32675615936169067	0.22408502821247986	0.4764690819931196
HeLa	1	U	0	306	0	186	-0.4967865162923959	0.6084828711256117	0.01202208046135338	30.797614908957843
HeLa	2	A	100	206	38	148	0.6297840320470587	1.8772051193358699	1.2245922170648054	2.8776102044051393
HeLa	2	C	76	230	31	155	0.4936980641834883	1.6383638053920049	1.032094386504799	2.6007659705511736
HeLa	2	G	66	240	91	95	-1.2427308666787986	0.28859502629994427	0.1944385078362897	0.428346679533204
HeLa	2	U	64	242	26	160	0.47681272300208294	1.6109317253452635	0.9826944701827174	2.6408014926972645
