motif	human_motif_log_ratio	n_BID	n_ELAP	n_total	calibration_contrast	calibration_component	residual_score	train_cell	test_cell
AAUAA	1.6738708536739866	0	5	5	-0.1953125	0.26298867530098513	1.4108821783730014	HEK293T	HeLa
AAUAC	0.8854134933097164	0	2	2	0.32421875	0.9519380928265633	-0.06652459951684686	HEK293T	HeLa
AAUAG	1.2218857299309294	0	3	3	0.125	0.6877544815949506	0.5341312483359788	HEK293T	HeLa
AAUAU	0.8854134933097164	0	2	2	0.2421875	0.8431566058488403	0.04225688746087608	HEK293T	HeLa
AAUCA	1.2218857299309294	0	3	3	0.02734375	0.5582527113833757	0.6636330185475536	HEK293T	HeLa
AAUCC	2.109188924931832	0	8	8	0.3359375	0.9674783052519522	1.1417106196798799	HEK293T	HeLa
AAUCG	0.3745878695437259	0	1	1	-0.140625	0.335509666619467	0.0390782029242589	HEK293T	HeLa
AAUCU	1.2218857299309294	0	3	3	0.234375	0.8327964642319143	0.38908926569901503	HEK293T	HeLa
AAUGA	0.3745878695437259	0	1	1	-0.51171875	-0.15659706018451724	0.5311849297282432	HEK293T	HeLa
AAUGC	1.2218857299309294	0	3	3	-0.0078125	0.5116320741072088	0.7102536558237206	HEK293T	HeLa
AAUGG	0.2314870259030517	2	6	8	-0.1484375	0.3251495250025411	-0.09366249909948937	HEK293T	HeLa
AAUGU	0.8854134933097164	0	2	2	-0.08984375	0.40285058712948596	0.48256290618023046	HEK293T	HeLa
AAUUA	-0.7240244191243841	0	0	0	0.7109375	1.4647651028643995	-2.1887895219887836	HEK293T	HeLa
AAUUC	-0.7240244191243841	0	0	0	0.68359375	1.4285046072051586	-2.1525290263295425	HEK293T	HeLa
AAUUG	-0.7240244191243841	0	0	0	0.75390625	1.5217458817574925	-2.2457703008818766	HEK293T	HeLa
AAUUU	-0.7240244191243841	0	0	0	0.80078125	1.5839067314590483	-2.3079311505834323	HEK293T	HeLa
ACUAA	-0.7240244191243841	0	0	0	-0.33984375	0.07132605538785441	-0.7953504745122385	HEK293T	HeLa
ACUAC	0.8854134933097164	0	2	2	-0.6328125	-0.3171792552468701	1.2025927485565866	HEK293T	HeLa
ACUAG	-0.7240244191243841	0	0	0	-0.5625	-0.2239379806945362	-0.5000864384298479	HEK293T	HeLa
ACUAU	0.8854134933097155	1	7	8	-0.07421875	0.42357087036333796	0.46184262294637757	HEK293T	HeLa
ACUCA	1.8409249383371522	0	6	6	-0.41015625	-0.02191521916447947	1.8628401575016316	HEK293T	HeLa
ACUCC	-0.7240244191243841	0	0	0	-0.296875	0.12830683428094736	-0.8523312534053314	HEK293T	HeLa
ACUCG	0.3745878695437259	0	1	1	-0.6328125	-0.3171792552468701	0.691767124790596	HEK293T	HeLa
ACUCU	2.109188924931832	0	8	8	-0.296875	0.12830683428094736	1.9808820906508848	HEK293T	HeLa
ACUGA	1.473200158211835	0	4	4	-0.1640625	0.3044292417686891	1.168770916443146	HEK293T	HeLa
ACUGC	0.3745878695437259	0	1	1	-0.12109375	0.361410020661782	0.013177848881943899	HEK293T	HeLa
ACUGG	-0.7240244191243841	0	0	0	-0.234375	0.21118796721635524	-0.9352123863407393	HEK293T	HeLa
ACUGU	1.473200158211835	0	4	4	-0.16796875	0.2992491709602261	1.173950987251609	HEK293T	HeLa
ACUUA	-0.7240244191243841	0	0	0	0.796875	1.5787266606505854	-2.3027510797749695	HEK293T	HeLa
ACUUC	-0.7240244191243841	0	0	0	0.7109375	1.4647651028643995	-2.1887895219887836	HEK293T	HeLa
ACUUG	-0.7240244191243841	0	0	0	0.66796875	1.4077843239713066	-2.1318087430956907	HEK293T	HeLa
ACUUU	-0.7240244191243841	0	0	0	0.7734375	1.5476462357998073	-2.2716706549241916	HEK293T	HeLa
AGUAA	0.3745878695437259	0	1	1	-0.234375	0.21118796721635524	0.16339990232737067	HEK293T	HeLa
AGUAC	0.3745878695437259	0	1	1	0.0390625	0.5737929238087647	-0.19920505426503876	HEK293T	HeLa
AGUAG	-0.7240244191243841	0	0	0	-0.0078125	0.5116320741072088	-1.235656493231593	HEK293T	HeLa
AGUAU	-1.822636707792494	1	0	1	-0.3125	0.10758655104709536	-1.9302232588395896	HEK293T	HeLa
AGUCA	0.8854134933097164	0	2	2	-0.64453125	-0.332719467672259	1.2181329609819755	HEK293T	HeLa
AGUCC	-2.921248996460604	4	0	4	-0.0078125	0.5116320741072088	-3.432881070567813	HEK293T	HeLa
AGUCG	-3.1219196919227548	5	0	5	-0.5859375	-0.2550184055453142	-2.8669012863774403	HEK293T	HeLa
AGUCU	1.2218857299309294	0	3	3	-0.6875	-0.38970024656535196	1.6115859764962814	HEK293T	HeLa
AGUGA	1.2218857299309294	0	3	3	-0.6796875	-0.37934010494842596	1.6012258348793553	HEK293T	HeLa
AGUGC	0.8854134933097164	0	2	2	0.01953125	0.5478925697664497	0.3375209235432667	HEK293T	HeLa
AGUGG	-3.4320746202265946	7	0	7	-0.546875	-0.2032176974606842	-3.2288569227659103	HEK293T	HeLa
AGUGU	0.3745878695437259	0	1	1	-0.6484375	-0.3378995384807221	0.712487408024448	HEK293T	HeLa
AGUUA	-0.7240244191243841	0	0	0	0.43359375	1.096980075463527	-1.8210044945879111	HEK293T	HeLa
AGUUC	-0.7240244191243841	0	0	0	0.18359375	0.7654555437218955	-1.4894799628462796	HEK293T	HeLa
AGUUG	-0.7240244191243841	0	0	0	0.2578125	0.8638768890826923	-1.5879013082070763	HEK293T	HeLa
AGUUU	-0.7240244191243841	0	0	0	0.6875	1.4336846780136216	-2.1577090971380057	HEK293T	HeLa
AUUAA	-0.7240244191243841	0	0	0	-0.078125	0.4183907995548749	-1.1424152186792589	HEK293T	HeLa
AUUAC	-0.7240244191243841	0	0	0	0.01171875	0.5375324281495237	-1.2615568472739078	HEK293T	HeLa
AUUAG	-0.7240244191243841	0	0	0	0.25	0.8535167474657663	-1.5775411665901504	HEK293T	HeLa
AUUAU	-0.7240244191243841	0	0	0	-0.078125	0.4183907995548749	-1.1424152186792589	HEK293T	HeLa
AUUCA	-0.7240244191243841	0	0	0	-0.53125	-0.1824974142268323	-0.5415270048975518	HEK293T	HeLa
AUUCC	-0.7240244191243841	0	0	0	-0.36328125	0.04024563053707647	-0.7642700496614605	HEK293T	HeLa
AUUCG	-0.7240244191243841	0	0	0	-0.51953125	-0.16695720180144324	-0.5570672173229408	HEK293T	HeLa
AUUCU	-0.7240244191243841	0	0	0	-0.48046875	-0.11515649371681336	-0.6088679254075707	HEK293T	HeLa
AUUGA	-0.7240244191243841	0	0	0	-0.25	0.19046768398250324	-0.9144921031068873	HEK293T	HeLa
AUUGC	-0.7240244191243841	0	0	0	-0.42578125	-0.04263550239833147	-0.6813889167260526	HEK293T	HeLa
AUUGG	-0.7240244191243841	0	0	0	-0.125	0.356229949853319	-1.080254368977703	HEK293T	HeLa
AUUGU	-0.7240244191243841	0	0	0	-0.515625	-0.1617771309929803	-0.5622472881314038	HEK293T	HeLa
AUUUA	-0.7240244191243841	0	0	0	0.24609375	0.8483366766573033	-1.5723610957816874	HEK293T	HeLa
AUUUC	-0.7240244191243841	0	0	0	0.3046875	0.9260377387842482	-1.6500621579086323	HEK293T	HeLa
AUUUG	-0.7240244191243841	0	0	0	0.29296875	0.9104975263588593	-1.6345219454832434	HEK293T	HeLa
AUUUU	-0.7240244191243841	0	0	0	-0.09765625	0.39249044551255996	-1.116514864636944	HEK293T	HeLa
CAUAA	0.8854134933097164	0	2	2	-0.18359375	0.27852888772637413	0.6068846055833423	HEK293T	HeLa
CAUAC	-0.7240244191243841	0	0	0	0.34375	0.9778384468688781	-1.7018628659932622	HEK293T	HeLa
CAUAG	1.9840257819778255	0	7	7	0.234375	0.8327964642319143	1.1512293177459112	HEK293T	HeLa
CAUAU	1.9840257819778255	0	7	7	0.19140625	0.7758156853388214	1.2082100966390041	HEK293T	HeLa
CAUCA	0.3745878695437259	0	1	1	-0.2734375	0.1593872591317253	0.21520061041200061	HEK293T	HeLa
CAUCC	2.3204980185990385	0	10	10	0.578125	1.2886426953766579	1.0318553232223806	HEK293T	HeLa
CAUCG	-0.7240244191243841	0	0	0	-0.046875	0.4598313660225789	-1.1838557851469629	HEK293T	HeLa
CAUCU	1.8409249383371522	0	6	6	-0.0703125	0.4287509411718009	1.4121739971653513	HEK293T	HeLa
CAUGA	1.6738708536739866	0	5	5	-0.53125	-0.1824974142268323	1.8563682679008189	HEK293T	HeLa
CAUGC	1.6738708536739866	0	5	5	0.5625	1.2679224121428057	0.4059484415311809	HEK293T	HeLa
CAUGG	1.8409249383371522	0	6	6	-0.40234375	-0.011555077547553472	1.8524800158847057	HEK293T	HeLa
CAUGU	1.473200158211835	0	4	4	-0.421875	-0.037455431589868415	1.5106555898017033	HEK293T	HeLa
CAUUA	-0.7240244191243841	0	0	0	0.67578125	1.4181444655882327	-2.142168884712617	HEK293T	HeLa
CAUUC	-0.7240244191243841	0	0	0	0.765625	1.5372860941828814	-2.2613105133072655	HEK293T	HeLa
CAUUG	-0.7240244191243841	0	0	0	0.6953125	1.4440448196305475	-2.1680692387549314	HEK293T	HeLa
CAUUU	-0.7240244191243841	0	0	0	0.78125	1.5580063774167334	-2.2820307965411173	HEK293T	HeLa
CCUAA	-0.7240244191243841	0	0	0	-0.35546875	0.050605772154002415	-0.7746301912783865	HEK293T	HeLa
CCUAC	0.3745878695437259	0	1	1	-0.109375	0.376950233087171	-0.0023623635434451007	HEK293T	HeLa
CCUAG	-0.7240244191243841	0	0	0	-0.29296875	0.1334869050894103	-0.8575113242137944	HEK293T	HeLa
CCUAU	-1.2348500428903746	2	1	3	-0.05078125	0.45465129521411585	-1.6895013381044905	HEK293T	HeLa
CCUCA	-0.7240244191243841	0	0	0	-0.46875	-0.0996162812914243	-0.6244081378329598	HEK293T	HeLa
CCUCC	-0.7240244191243841	0	0	0	-0.203125	0.25262853368405913	-0.9766529528084432	HEK293T	HeLa
CCUCG	-1.822636707792494	1	0	1	-0.0859375	0.40803065793794896	-2.230667365730443	HEK293T	HeLa
CCUCU	-0.7240244191243841	1	1	2	0.00390625	0.5271722865325977	-1.251196705656982	HEK293T	HeLa
CCUGA	0.8854134933097164	0	2	2	-0.12890625	0.351049879044856	0.5343636142648605	HEK293T	HeLa
CCUGC	0.8854134933097164	0	2	2	-0.0078125	0.5116320741072088	0.3737814192025076	HEK293T	HeLa
CCUGG	0.3745878695437259	0	1	1	-0.12890625	0.351049879044856	0.0235379904988699	HEK293T	HeLa
CCUGU	1.6738708536739866	0	5	5	-0.09375	0.39767051632102296	1.2762003373529636	HEK293T	HeLa
CCUUA	-0.7240244191243841	0	0	0	0.171875	0.7499153312965064	-1.4739397504208904	HEK293T	HeLa
CCUUC	-0.7240244191243841	0	0	0	0.1171875	0.6773943399780246	-1.4014187591024085	HEK293T	HeLa
CCUUG	-0.7240244191243841	0	0	0	0.55078125	1.2523821997174167	-1.9764066188418008	HEK293T	HeLa
CCUUU	-0.7240244191243841	0	0	0	0.80078125	1.5839067314590483	-2.3079311505834323	HEK293T	HeLa
CGUAA	-0.7240244191243841	2	2	4	0.2890625	0.9053174555503962	-1.6293418746747803	HEK293T	HeLa
CGUAC	0.8854134933097164	0	2	2	0.55078125	1.2523821997174167	-0.3669687064077003	HEK293T	HeLa
CGUAG	-0.7240244191243841	0	0	0	0.4296875	1.091800004655064	-1.815824423779448	HEK293T	HeLa
CGUAU	-1.822636707792494	1	0	1	0.390625	1.039999296570434	-2.862636004362928	HEK293T	HeLa
CGUCA	0.3745878695437259	0	1	1	0.22265625	0.8172562518065254	-0.4426683822627995	HEK293T	HeLa
CGUCC	-0.7240244191243841	1	1	2	0.6640625	1.4026042531628435	-2.126628672287228	HEK293T	HeLa
CGUCG	-0.2131987953583936	1	2	3	0.25390625	0.8586968182742294	-1.071895613632623	HEK293T	HeLa
CGUCU	-0.7240244191243841	0	0	0	0.10546875	0.6618541275526356	-1.3858785466770196	HEK293T	HeLa
CGUGA	0.5752585650058766	1	5	6	0.16015625	0.7343751188711175	-0.15911655386524093	HEK293T	HeLa
CGUGC	0.8854134933097155	1	7	8	-0.0078125	0.5116320741072088	0.37378141920250674	HEK293T	HeLa
CGUGG	-3.4320746202265946	7	0	7	0.04296875	0.5789729946172277	-4.0110476148438226	HEK293T	HeLa
CGUGU	0.8854134933097164	0	2	2	-0.01953125	0.49609186168181985	0.38932163162789657	HEK293T	HeLa
CGUUA	-0.7240244191243841	0	0	0	0.53125	1.2264818456751019	-1.950506264799486	HEK293T	HeLa
CGUUC	-0.7240244191243841	0	0	0	0.40234375	1.055539508995823	-1.7795639281202071	HEK293T	HeLa
CGUUG	-0.7240244191243841	0	0	0	0.58203125	1.2938227661851207	-2.017847185309505	HEK293T	HeLa
CGUUU	-0.7240244191243841	0	0	0	0.828125	1.6201672271182892	-2.344191646242673	HEK293T	HeLa
CUUAA	-0.7240244191243841	0	0	0	-0.00390625	0.5168121449156718	-1.2408365640400558	HEK293T	HeLa
CUUAC	-0.7240244191243841	0	0	0	-0.00390625	0.5168121449156718	-1.2408365640400558	HEK293T	HeLa
CUUAG	-0.7240244191243841	0	0	0	0.08984375	0.6411338443187836	-1.3651582634431678	HEK293T	HeLa
CUUAU	-0.7240244191243841	0	0	0	-0.0859375	0.40803065793794896	-1.132055077062333	HEK293T	HeLa
CUUCA	-0.7240244191243841	0	0	0	-0.40234375	-0.011555077547553472	-0.7124693415768306	HEK293T	HeLa
CUUCC	-0.7240244191243841	0	0	0	-0.109375	0.376950233087171	-1.100974652211555	HEK293T	HeLa
CUUCG	-0.7240244191243841	0	0	0	-0.36328125	0.04024563053707647	-0.7642700496614605	HEK293T	HeLa
CUUCU	-0.7240244191243841	0	0	0	-0.1640625	0.3044292417686891	-1.0284536608930732	HEK293T	HeLa
CUUGA	-0.7240244191243841	0	0	0	-0.1328125	0.345869808236393	-1.069894227360777	HEK293T	HeLa
CUUGC	-0.7240244191243841	0	0	0	-0.140625	0.335509666619467	-1.059534085743851	HEK293T	HeLa
CUUGG	-0.7240244191243841	0	0	0	0.234375	0.8327964642319143	-1.5568208833562984	HEK293T	HeLa
CUUGU	-0.7240244191243841	0	0	0	-0.03125	0.48055164925643085	-1.2045760683808149	HEK293T	HeLa
CUUUA	-0.7240244191243841	0	0	0	0.44921875	1.117700358697379	-1.8417247778217631	HEK293T	HeLa
CUUUC	-0.7240244191243841	0	0	0	0.11328125	0.6722142691695616	-1.3962386882939457	HEK293T	HeLa
CUUUG	-0.7240244191243841	0	0	0	0.4921875	1.174681137590472	-1.898705556714856	HEK293T	HeLa
CUUUU	-0.7240244191243841	0	0	0	0.0078125	0.5323523573410608	-1.2563767764654448	HEK293T	HeLa
GAUAA	1.473200158211835	0	4	4	-0.45703125	-0.08407606886603536	1.5572762270778704	HEK293T	HeLa
GAUAC	1.2218857299309294	0	3	3	0.17578125	0.7550954021049695	0.46679032782595986	HEK293T	HeLa
GAUAG	0.8854134933097164	0	2	2	0.203125	0.7913558977642104	0.09405759554550597	HEK293T	HeLa
GAUAU	1.8409249383371522	0	6	6	0.2109375	0.8017160393811364	1.0392088989560158	HEK293T	HeLa
GAUCA	-0.2131987953583936	1	2	3	0.20703125	0.7965359685726734	-1.009734763931067	HEK293T	HeLa
GAUCC	0.8854134933097155	1	7	8	0.34375	0.9778384468688781	-0.09242495355916258	HEK293T	HeLa
GAUCG	0.374587869543725	1	4	5	0.15625	0.7291950480626546	-0.35460717851892953	HEK293T	HeLa
GAUCU	1.6738708536739866	0	5	5	0.2578125	0.8638768890826923	0.8099939645912942	HEK293T	HeLa
GAUGA	-0.2131987953583936	1	2	3	-0.31640625	0.10240648023863236	-0.31560527559702595	HEK293T	HeLa
GAUGC	-0.7240244191243841	2	2	4	0.24609375	0.8483366766573033	-1.5723610957816874	HEK293T	HeLa
GAUGG	1.473200158211835	0	4	4	-0.19921875	0.25780860449252213	1.215391553719313	HEK293T	HeLa
GAUGU	1.6738708536739866	0	5	5	0.0390625	0.5737929238087647	1.100077929865222	HEK293T	HeLa
GAUUA	-0.7240244191243841	0	0	0	0.72265625	1.4803053152897885	-2.2043297344141726	HEK293T	HeLa
GAUUC	-0.7240244191243841	0	0	0	0.42578125	1.0866199338466012	-1.8106443529709852	HEK293T	HeLa
GAUUG	-0.7240244191243841	0	0	0	0.58984375	1.3041829078020468	-2.028207326926431	HEK293T	HeLa
GAUUU	-0.7240244191243841	0	0	0	0.83203125	1.6253472979267523	-2.3493717170511363	HEK293T	HeLa
GCUAA	1.473200158211835	0	4	4	-0.28125	0.1490271175147993	1.3241730406970358	HEK293T	HeLa
GCUAC	1.9840257819778255	0	7	7	-0.140625	0.335509666619467	1.6485161153583585	HEK293T	HeLa
GCUAG	-0.7240244191243841	1	1	2	-0.70703125	-0.4156006006076669	-0.3084238185167172	HEK293T	HeLa
GCUAU	1.6738708536739866	0	5	5	-0.04296875	0.46501143683104185	1.2088594168429447	HEK293T	HeLa
GCUCA	0.3745878695437259	0	1	1	0.07421875	0.6204135610849316	-0.2458256915412057	HEK293T	HeLa
GCUCC	1.2218857299309294	0	3	3	0.421875	1.0814398630381379	0.14044586689279148	HEK293T	HeLa
GCUCG	-0.2131987953583936	1	2	3	0.04296875	0.5789729946172277	-0.7921717899756213	HEK293T	HeLa
GCUCU	-0.7240244191243841	3	3	6	0.26953125	0.8794171015080813	-1.6034415206324653	HEK293T	HeLa
GCUGA	0.9623745344458445	2	13	15	-0.25390625	0.18528761317404024	0.7770869212718043	HEK293T	HeLa
GCUGC	-0.5233537236622334	4	5	9	-0.203125	0.25262853368405913	-0.7759822573462926	HEK293T	HeLa
GCUGG	1.2218857299309294	0	3	3	-0.46875	-0.0996162812914243	1.3215020112223537	HEK293T	HeLa
GCUGU	0.06443294123988608	2	5	7	-0.26171875	0.17492747155711424	-0.11049453031722817	HEK293T	HeLa
GCUUA	-0.7240244191243841	0	0	0	0.1171875	0.6773943399780246	-1.4014187591024085	HEK293T	HeLa
GCUUC	-0.7240244191243841	0	0	0	0.56640625	1.2731024829512687	-1.9971269020756528	HEK293T	HeLa
GCUUG	-0.7240244191243841	0	0	0	0.36328125	1.0037388009111932	-1.7277632200355773	HEK293T	HeLa
GCUUU	-0.7240244191243841	0	0	0	0.234375	0.8327964642319143	-1.5568208833562984	HEK293T	HeLa
GGUAA	2.4948514057438165	0	12	12	-0.66796875	-0.363799892523037	2.8586512982668535	HEK293T	HeLa
GGUAC	2.4114697968047656	0	11	11	-0.6640625	-0.35861982171457396	2.7700896185193393	HEK293T	HeLa
GGUAG	0.3745878695437259	0	1	1	-0.66796875	-0.363799892523037	0.7383877620667629	HEK293T	HeLa
GGUAU	2.9895476475799234	0	20	20	-0.41796875	-0.03227536078140547	3.021823008361329	HEK293T	HeLa
GGUCA	-0.7240244191243841	2	2	4	-0.57421875	-0.23947819311992513	-0.48454622600445896	HEK293T	HeLa
GGUCC	-3.7685468568478075	10	0	10	-0.12109375	0.361410020661782	-4.129956877509589	HEK293T	HeLa
GGUCG	-3.1219196919227548	5	0	5	-0.21484375	0.2370883212586702	-3.359008013181425	HEK293T	HeLa
GGUCU	0.12327344126281936	1	3	4	-0.1875	0.27334881691791113	-0.15007537565509177	HEK293T	HeLa
GGUGA	1.6738708536739861	1	16	17	-0.109375	0.376950233087171	1.2969206205868151	HEK293T	HeLa
GGUGC	-0.13623775422226547	7	13	20	-0.046875	0.4598313660225789	-0.5960691202448444	HEK293T	HeLa
GGUGG	-3.8595186350535338	34	1	35	-0.4453125	-0.06853585644064641	-3.7909827786128876	HEK293T	HeLa
GGUGU	0.46555964774945213	3	11	14	-0.046875	0.4598313660225789	0.00572828172687323	HEK293T	HeLa
GGUUA	-0.7240244191243841	0	0	0	0.2890625	0.9053174555503962	-1.6293418746747803	HEK293T	HeLa
GGUUC	-0.7240244191243841	0	0	0	0.078125	0.6255936318933947	-1.3496180510177789	HEK293T	HeLa
GGUUG	-0.7240244191243841	0	0	0	0.33984375	0.9726583760604152	-1.6966827951847994	HEK293T	HeLa
GGUUU	-0.7240244191243841	0	0	0	0.53125	1.2264818456751019	-1.950506264799486	HEK293T	HeLa
GUUAA	-0.7240244191243841	0	0	0	-0.16015625	0.3096093125771521	-1.0336337317015363	HEK293T	HeLa
GUUAC	-0.7240244191243841	0	0	0	-0.14453125	0.3303295958110041	-1.054354014935388	HEK293T	HeLa
GUUAG	-0.7240244191243841	0	0	0	-0.11328125	0.37177016227870796	-1.095794581403092	HEK293T	HeLa
GUUAU	-0.7240244191243841	0	0	0	-0.05859375	0.4442911535971899	-1.168315572721574	HEK293T	HeLa
GUUCA	-0.7240244191243841	0	0	0	-0.0703125	0.4287509411718009	-1.152775360296185	HEK293T	HeLa
GUUCC	-0.7240244191243841	0	0	0	-0.109375	0.376950233087171	-1.100974652211555	HEK293T	HeLa
GUUCG	-0.7240244191243841	0	0	0	-0.34765625	0.060965913770928415	-0.7849903328953125	HEK293T	HeLa
GUUCU	-0.7240244191243841	0	0	0	-0.109375	0.376950233087171	-1.100974652211555	HEK293T	HeLa
GUUGA	-0.7240244191243841	0	0	0	0.00390625	0.5271722865325977	-1.251196705656982	HEK293T	HeLa
GUUGC	-0.7240244191243841	0	0	0	-0.02734375	0.48573172006489385	-1.209756139189278	HEK293T	HeLa
GUUGG	-0.7240244191243841	0	0	0	0.16015625	0.7343751188711175	-1.4583995379955015	HEK293T	HeLa
GUUGU	-0.7240244191243841	0	0	0	-0.19921875	0.25780860449252213	-0.9818330236169062	HEK293T	HeLa
GUUUA	-0.7240244191243841	0	0	0	0.54296875	1.2420220581004908	-1.966046477224875	HEK293T	HeLa
GUUUC	-0.7240244191243841	0	0	0	0.15625	0.7291950480626546	-1.4532194671870386	HEK293T	HeLa
GUUUG	-0.7240244191243841	0	0	0	0.58984375	1.3041829078020468	-2.028207326926431	HEK293T	HeLa
GUUUU	-0.7240244191243841	0	0	0	-0.1015625	0.38731037470409696	-1.111334793828481	HEK293T	HeLa
UAUAA	0.3745878695437259	0	1	1	-0.37109375	0.02988548892015047	0.34470238062357544	HEK293T	HeLa
UAUAC	1.473200158211835	0	4	4	0.23828125	0.8379765350403774	0.6352236231714576	HEK293T	HeLa
UAUAG	2.220414560042056	0	9	9	0.26171875	0.8690569598911553	1.351357600150901	HEK293T	HeLa
UAUAU	0.3745878695437259	0	1	1	0.26953125	0.8794171015080813	-0.5048292319643554	HEK293T	HeLa
UAUCA	1.2218857299309294	0	3	3	-0.0546875	0.4494712244056529	0.7724145055252765	HEK293T	HeLa
UAUCC	2.3204980185990385	0	10	10	0.53125	1.2264818456751019	1.0940161729239366	HEK293T	HeLa
UAUCG	-1.822636707792494	1	0	1	-0.01171875	0.5064520032987458	-2.3290887110912397	HEK293T	HeLa
UAUCU	0.3745878695437259	0	1	1	0.265625	0.8742370306996183	-0.4996491611558924	HEK293T	HeLa
UAUGA	0.3745878695437259	0	1	1	-0.46875	-0.0996162812914243	0.4742041508351502	HEK293T	HeLa
UAUGC	1.6738708536739866	0	5	5	0.04296875	0.5789729946172277	1.0948978590567588	HEK293T	HeLa
UAUGG	0.3745878695437259	0	1	1	-0.140625	0.335509666619467	0.0390782029242589	HEK293T	HeLa
UAUGU	-0.7240244191243841	0	0	0	-0.0390625	0.47019150763950485	-1.194215926763889	HEK293T	HeLa
UAUUA	-0.7240244191243841	0	0	0	0.765625	1.5372860941828814	-2.2613105133072655	HEK293T	HeLa
UAUUC	-0.7240244191243841	0	0	0	0.70703125	1.4595850320559365	-2.1836094511803203	HEK293T	HeLa
UAUUG	-0.7240244191243841	0	0	0	0.67578125	1.4181444655882327	-2.142168884712617	HEK293T	HeLa
UAUUU	-0.7240244191243841	0	0	0	0.7578125	1.5269259525659553	-2.2509503716903394	HEK293T	HeLa
UCUAA	-0.7240244191243841	0	0	0	-0.34375	0.06614598457939141	-0.7901704037037756	HEK293T	HeLa
UCUAC	0.3745878695437259	0	1	1	-0.28125	0.1490271175147993	0.22556075202892661	HEK293T	HeLa
UCUAG	0.16327877587651862	3	8	11	-0.33984375	0.07132605538785441	0.09195272048866421	HEK293T	HeLa
UCUAU	-0.7240244191243841	0	0	0	-0.203125	0.25262853368405913	-0.9766529528084432	HEK293T	HeLa
UCUCA	-0.7240244191243841	0	0	0	-0.09765625	0.39249044551255996	-1.116514864636944	HEK293T	HeLa
UCUCC	-0.7240244191243841	0	0	0	-0.2421875	0.20082782559942924	-0.9248522447238133	HEK293T	HeLa
UCUCG	-0.7240244191243841	0	0	0	-0.44140625	-0.06335578563218336	-0.6606686334922007	HEK293T	HeLa
UCUCU	0.8854134933097164	0	2	2	-0.1953125	0.26298867530098513	0.6224248180087313	HEK293T	HeLa
UCUGA	-1.822636707792494	1	0	1	-0.3125	0.10758655104709536	-1.9302232588395896	HEK293T	HeLa
UCUGC	0.3745878695437259	0	1	1	-0.1015625	0.38731037470409696	-0.012722505160371045	HEK293T	HeLa
UCUGG	-0.7240244191243841	0	0	0	-0.4296875	-0.047815573206794415	-0.6762088459175897	HEK293T	HeLa
UCUGU	0.3745878695437259	0	1	1	0.03125	0.5634327821918388	-0.18884491264811287	HEK293T	HeLa
UCUUA	-0.7240244191243841	0	0	0	0.0078125	0.5323523573410608	-1.2563767764654448	HEK293T	HeLa
UCUUC	-0.7240244191243841	0	0	0	0.01953125	0.5478925697664497	-1.2719169888908337	HEK293T	HeLa
UCUUG	-0.7240244191243841	0	0	0	0.1953125	0.7809957561472844	-1.5050201752716685	HEK293T	HeLa
UCUUU	-0.7240244191243841	0	0	0	0.22265625	0.8172562518065254	-1.5412806709309095	HEK293T	HeLa
UGUAA	0.8854134933097164	0	2	2	-0.14453125	0.3303295958110041	0.5550838974987123	HEK293T	HeLa
UGUAC	1.473200158211835	0	4	4	0.19921875	0.7861758269557475	0.6870243312560875	HEK293T	HeLa
UGUAG	0.16797362018072626	12	30	42	-0.078125	0.4183907995548749	-0.25041717937414865	HEK293T	HeLa
UGUAU	0.8854134933097164	0	2	2	-0.06640625	0.4339310119802639	0.4514824813294525	HEK293T	HeLa
UGUCA	0.374587869543725	1	4	5	-0.4375	-0.058175714823720415	0.43276358436744544	HEK293T	HeLa
UGUCC	-3.1219196919227548	5	0	5	-0.15625	0.3147893833856151	-3.4367090753083698	HEK293T	HeLa
UGUCG	0.3745878695437259	0	1	1	-0.38671875	0.009165205686298528	0.3654226638574274	HEK293T	HeLa
UGUCU	0.374587869543725	1	4	5	-0.4296875	-0.047815573206794415	0.42240344275051944	HEK293T	HeLa
UGUGA	0.12327344126281936	1	3	4	-0.4921875	-0.1306967061422023	0.25397014740502166	HEK293T	HeLa
UGUGC	-0.7240244191243841	1	1	2	0.0234375	0.5530726405749128	-1.277097059699297	HEK293T	HeLa
UGUGG	-2.410423372694613	13	2	15	-0.35546875	0.050605772154002415	-2.4610291448486157	HEK293T	HeLa
UGUGU	0.3745878695437259	0	1	1	-0.4375	-0.058175714823720415	0.43276358436744633	HEK293T	HeLa
UGUUA	-0.7240244191243841	0	0	0	0.52734375	1.2213017748666388	-1.945326193991023	HEK293T	HeLa
UGUUC	-0.7240244191243841	0	0	0	0.390625	1.039999296570434	-1.7640237156948182	HEK293T	HeLa
UGUUG	-0.7240244191243841	0	0	0	0.15234375	0.7240149772541915	-1.4480393963785756	HEK293T	HeLa
UGUUU	-0.7240244191243841	0	0	0	0.765625	1.5372860941828814	-2.2613105133072655	HEK293T	HeLa
UUUAA	-0.7240244191243841	0	0	0	-0.546875	-0.2032176974606842	-0.5208067216636999	HEK293T	HeLa
UUUAC	-0.7240244191243841	0	0	0	-0.48046875	-0.11515649371681336	-0.6088679254075707	HEK293T	HeLa
UUUAG	-0.7240244191243841	0	0	0	-0.26171875	0.17492747155711424	-0.8989518906814984	HEK293T	HeLa
UUUAU	-0.7240244191243841	0	0	0	-0.76171875	-0.4881215919261488	-0.2359028271982353	HEK293T	HeLa
UUUCA	-0.7240244191243841	0	0	0	-0.62890625	-0.311999184438407	-0.41202523468597707	HEK293T	HeLa
UUUCC	-0.7240244191243841	0	0	0	-0.421875	-0.037455431589868415	-0.6865689875345157	HEK293T	HeLa
UUUCG	-0.7240244191243841	0	0	0	-0.68359375	-0.384520175756889	-0.3395042433674951	HEK293T	HeLa
UUUCU	-0.7240244191243841	0	0	0	-0.578125	-0.2446582639283882	-0.4793661551959959	HEK293T	HeLa
UUUGA	-0.7240244191243841	0	0	0	-0.82421875	-0.5710027248615568	-0.1530216942628273	HEK293T	HeLa
UUUGC	-0.7240244191243841	0	0	0	-0.3984375	-0.006375006739090527	-0.7176494123852936	HEK293T	HeLa
UUUGG	-0.7240244191243841	0	0	0	-0.25390625	0.18528761317404024	-0.9093120322984243	HEK293T	HeLa
UUUGU	-0.7240244191243841	0	0	0	-0.4140625	-0.027095289972942416	-0.6969291291514417	HEK293T	HeLa
UUUUA	-0.7240244191243841	0	0	0	0.5390625	1.2368419872920278	-1.9608664064164119	HEK293T	HeLa
UUUUC	-0.7240244191243841	0	0	0	0.01953125	0.5478925697664497	-1.2719169888908337	HEK293T	HeLa
UUUUG	-0.7240244191243841	0	0	0	0.5625	1.2679224121428057	-1.9919468312671897	HEK293T	HeLa
UUUUU	-0.7240244191243841	0	0	0	-0.171875	0.29406910015176313	-1.0180935192761473	HEK293T	HeLa
AAUAA	1.6222586008631614	0	3	3	-0.1953125	0.05902747470776143	1.5632311261554	HeLa	HEK293T
AAUAC	0.774960740475958	0	1	1	0.32421875	0.8392786318914756	-0.06431789141551758	HeLa	HEK293T
AAUAG	1.2857863642419485	0	2	2	0.125	0.5400845791368183	0.7457017851051302	HeLa	HEK293T
AAUAU	0.774960740475958	0	1	1	0.2421875	0.7160810807572049	0.058879659718753086	HeLa	HEK293T
AAUCA	0.5236463121950523	1	3	4	0.02734375	0.393420827786496	0.1302254844085563	HeLa	HEK293T
AAUCC	1.2857863642419485	0	2	2	0.3359375	0.8568782820535141	0.42890808218843435	HeLa	HEK293T
AAUCG	-0.323651548192152	0	0	0	-0.140625	0.14115917546394185	-0.4648107236560939	HeLa	HEK293T
AAUCU	1.2857863642419485	0	2	2	0.234375	0.704347980649179	0.5814383835927694	HeLa	HEK293T
AAUGA	0.012820688429060922	2	3	5	-0.51171875	-0.4161630796672825	0.4289837680963434	HeLa	HEK293T
AAUGC	-0.32365154819215114	1	1	2	-0.0078125	0.34062187730038007	-0.6642734254925312	HeLa	HEK293T
AAUGG	-1.1709494085793555	3	1	4	-0.1484375	0.12942607535591608	-1.3003754839352715	HeLa	HEK293T
AAUGU	0.774960740475958	0	1	1	-0.08984375	0.2174243261661094	0.5575364143098486	HeLa	HEK293T
AAUUA	-0.323651548192152	0	0	0	0.7109375	1.4200670872387513	-1.7437186354309033	HeLa	HEK293T
AAUUC	-0.323651548192152	0	0	0	0.68359375	1.3790012368606612	-1.7026527850528133	HeLa	HEK293T
AAUUG	-0.323651548192152	0	0	0	0.75390625	1.484599137832893	-1.8082506860250451	HeLa	HEK293T
AAUUU	-0.323651548192152	0	0	0	0.80078125	1.5549977384810478	-1.8786492866731999	HeLa	HEK293T
ACUAA	0.774960740475958	0	1	1	-0.33984375	-0.15803487729071541	0.9329956177666734	HeLa	HEK293T
ACUAC	1.2857863642419485	0	2	2	-0.6328125	-0.598026131341682	1.8838124955836304	HeLa	HEK293T
ACUAG	-0.323651548192152	0	0	0	-0.5625	-0.49242823036945005	0.16877668217729802	HeLa	HEK293T
ACUAU	1.142685520601276	1	6	7	-0.07421875	0.24089052638216096	0.901794994219115	HeLa	HEK293T
ACUCA	1.6222586008631614	0	3	3	-0.41015625	-0.2636327782629474	1.8858913791261087	HeLa	HEK293T
ACUCC	0.774960740475958	0	1	1	-0.296875	-0.09350282669657367	0.8684635671725316	HeLa	HEK293T
ACUCG	-0.323651548192152	0	0	0	-0.6328125	-0.598026131341682	0.27437458314953	HeLa	HEK293T
ACUCU	2.241297809269385	0	6	6	-0.296875	-0.09350282669657367	2.334800635965959	HeLa	HEK293T
ACUGA	2.0742437246062186	0	5	5	-0.1640625	0.10595987513986455	1.9682838494663542	HeLa	HEK293T
ACUGC	1.2857863642419485	0	2	2	-0.12109375	0.1704919257340063	1.1152944385079422	HeLa	HEK293T
ACUGG	1.2857863642419485	0	2	2	-0.234375	0.00036197416763256163	1.2854243900743159	HeLa	HEK293T
ACUGU	-0.323651548192152	3	3	6	-0.16796875	0.10009332508585167	-0.4237448732780037	HeLa	HEK293T
ACUUA	-0.323651548192152	0	0	0	0.796875	1.549131188427035	-1.872782736619187	HeLa	HEK293T
ACUUC	-0.323651548192152	0	0	0	0.7109375	1.4200670872387513	-1.7437186354309033	HeLa	HEK293T
ACUUG	-0.323651548192152	0	0	0	0.66796875	1.3555350366446097	-1.6791865848367618	HeLa	HEK293T
ACUUU	-0.323651548192152	0	0	0	0.7734375	1.5139318881029575	-1.8375834362951096	HeLa	HEK293T
AGUAA	-0.323651548192152	0	0	0	-0.234375	0.00036197416763256163	-0.3240135223597846	HeLa	HEK293T
AGUAC	0.774960740475958	0	1	1	0.0390625	0.4110204779485347	0.3639402625274233	HeLa	HEK293T
AGUAG	-0.323651548192152	0	0	0	-0.0078125	0.34062187730038007	-0.6642734254925321	HeLa	HEK293T
AGUAU	-0.32365154819215114	1	1	2	-0.3125	-0.11696902691262523	-0.2066825212795259	HeLa	HEK293T
AGUCA	-0.323651548192152	0	0	0	-0.64453125	-0.6156257815037207	0.2919742333115687	HeLa	HEK293T
AGUCC	-0.8344771719581425	2	1	3	-0.0078125	0.34062187730038007	-1.1750990492585225	HeLa	HEK293T
AGUCG	-0.323651548192152	0	0	0	-0.5859375	-0.5276275306935273	0.20397598250137527	HeLa	HEK293T
AGUCU	0.774960740475958	0	1	1	-0.6875	-0.6801578320978625	1.4551185725738205	HeLa	HEK293T
AGUGA	0.774960740475958	0	1	1	-0.6796875	-0.6684247319898367	1.4433854724657946	HeLa	HEK293T
AGUGC	-1.4222638368602611	1	0	1	0.01953125	0.38168772767847026	-1.8039515645387314	HeLa	HEK293T
AGUGG	-2.7215468209905227	5	0	5	-0.546875	-0.46896203015339843	-2.2525847908371244	HeLa	HEK293T
AGUGU	-0.323651548192152	0	0	0	-0.6484375	-0.6214923315577335	0.2978407833655815	HeLa	HEK293T
AGUUA	-0.323651548192152	0	0	0	0.43359375	1.0035420334038365	-1.3271935815959885	HeLa	HEK293T
AGUUC	-0.323651548192152	0	0	0	0.18359375	0.6280828299470116	-0.9517343781391636	HeLa	HEK293T
AGUUG	-0.323651548192152	0	0	0	0.2578125	0.7395472809732564	-1.0631988291654084	HeLa	HEK293T
AGUUU	-0.323651548192152	0	0	0	0.6875	1.3848677869146742	-1.7085193351068262	HeLa	HEK293T
AUUAA	-0.323651548192152	0	0	0	-0.078125	0.23502397632814806	-0.5586755245203001	HeLa	HEK293T
AUUAC	-0.323651548192152	0	0	0	0.01171875	0.3699546275704445	-0.6936061757625965	HeLa	HEK293T
AUUAG	-0.323651548192152	0	0	0	0.25	0.7278141808652306	-1.0514657290573828	HeLa	HEK293T
AUUAU	-0.323651548192152	0	0	0	-0.078125	0.23502397632814806	-0.5586755245203001	HeLa	HEK293T
AUUCA	-0.323651548192152	0	0	0	-0.53125	-0.44549582993734693	0.1218442817451949	HeLa	HEK293T
AUUCC	-0.323651548192152	0	0	0	-0.36328125	-0.19323417761479278	-0.13041737057735925	HeLa	HEK293T
AUUCG	-0.323651548192152	0	0	0	-0.51953125	-0.42789617977530825	0.10424463158315622	HeLa	HEK293T
AUUCU	-0.323651548192152	0	0	0	-0.48046875	-0.3692306792351794	0.045579131043027354	HeLa	HEK293T
AUUGA	-0.323651548192152	0	0	0	-0.25	-0.023104226048418997	-0.30054732214373303	HeLa	HEK293T
AUUGC	-0.323651548192152	0	0	0	-0.42578125	-0.2870989784789989	-0.03655256971315313	HeLa	HEK293T
AUUGG	-0.323651548192152	0	0	0	-0.125	0.1646253756799934	-0.48827692387214544	HeLa	HEK293T
AUUGU	-0.323651548192152	0	0	0	-0.515625	-0.4220296297212953	0.09837808152914329	HeLa	HEK293T
AUUUA	-0.323651548192152	0	0	0	0.24609375	0.7219476308112178	-1.0455991790033698	HeLa	HEK293T
AUUUC	-0.323651548192152	0	0	0	0.3046875	0.8099458816214111	-1.1335974298135632	HeLa	HEK293T
AUUUG	-0.323651548192152	0	0	0	0.29296875	0.7923462314593723	-1.1159977796515244	HeLa	HEK293T
AUUUU	-0.323651548192152	0	0	0	-0.09765625	0.20569122605808363	-0.5293427742502357	HeLa	HEK293T
CAUAA	-0.323651548192152	0	0	0	-0.18359375	0.07662712486980011	-0.40027867306195214	HeLa	HEK293T
CAUAC	-0.323651548192152	0	0	0	0.34375	0.86861138216154	-1.192262930353692	HeLa	HEK293T
CAUAG	1.6222586008631614	0	3	3	0.234375	0.704347980649179	0.9179106202139824	HeLa	HEK293T
CAUAU	-0.323651548192152	0	0	0	0.19140625	0.6398159300550373	-0.9634674782471894	HeLa	HEK293T
CAUCA	2.0742437246062186	0	5	5	-0.2734375	-0.058303526372496306	2.132547250978715	HeLa	HEK293T
CAUCC	1.111432977097171	2	10	12	0.578125	1.2206043854023132	-0.10917140830514227	HeLa	HEK293T
CAUCG	1.2857863642419485	0	2	2	-0.046875	0.2819563767602512	1.0038299874816974	HeLa	HEK293T
CAUCU	1.142685520601276	1	6	7	-0.0703125	0.24675707643617384	0.8959284441651022	HeLa	HEK293T
CAUGA	0.5236463121950523	1	3	4	-0.53125	-0.44549582993734693	0.9691421421323992	HeLa	HEK293T
CAUGC	-0.323651548192152	0	0	0	0.5625	1.1971381851862617	-1.5207897333784137	HeLa	HEK293T
CAUGG	1.2857863642419485	0	2	2	-0.40234375	-0.25189967815492165	1.5376860423968701	HeLa	HEK293T
CAUGU	0.18717407557383936	1	2	3	-0.421875	-0.2812324284249861	0.46840650399882544	HeLa	HEK293T
CAUUA	-0.323651548192152	0	0	0	0.67578125	1.3672681367526354	-1.6909196849447874	HeLa	HEK293T
CAUUC	-0.323651548192152	0	0	0	0.765625	1.502198787994932	-1.825850336187084	HeLa	HEK293T
CAUUG	-0.323651548192152	0	0	0	0.6953125	1.3966008870226998	-1.7202524352148518	HeLa	HEK293T
CAUUU	-0.323651548192152	0	0	0	0.78125	1.5256649882109834	-1.8493165364031354	HeLa	HEK293T
CCUAA	-0.323651548192152	0	0	0	-0.35546875	-0.18150107750676692	-0.1421504706853851	HeLa	HEK293T
CCUAC	0.774960740475958	0	1	1	-0.109375	0.18809157589604497	0.586869164579913	HeLa	HEK293T
CCUAG	-0.323651548192152	0	0	0	-0.29296875	-0.08763627664256074	-0.2360152715495913	HeLa	HEK293T
CCUAU	1.2857863642419485	0	2	2	-0.05078125	0.2760898267062383	1.00969653753571	HeLa	HEK293T
CCUCA	2.0742437246062186	0	5	5	-0.46875	-0.3516310290731407	2.4258747536793592	HeLa	HEK293T
CCUCC	-0.323651548192152	0	0	0	-0.203125	0.04729437459973568	-0.3709459227918877	HeLa	HEK293T
CCUCG	-1.4222638368602611	1	0	1	-0.0859375	0.22329087622012228	-1.6455547130803834	HeLa	HEK293T
CCUCU	-0.32365154819215114	1	1	2	0.00390625	0.3582215274624187	-0.6818730756545699	HeLa	HEK293T
CCUGA	1.2857863642419485	0	2	2	-0.12890625	0.15875882562598054	1.1270275386159678	HeLa	HEK293T
CCUGC	-0.8344771719581425	2	1	3	-0.0078125	0.34062187730038007	-1.1750990492585225	HeLa	HEK293T
CCUGG	1.873573029144068	0	4	4	-0.12890625	0.15875882562598054	1.7148142035180873	HeLa	HEK293T
CCUGU	-0.32365154819215114	1	1	2	-0.09375	0.21155777611209653	-0.5352093243042477	HeLa	HEK293T
CCUUA	-0.323651548192152	0	0	0	0.171875	0.6104831797849729	-0.9341347279771249	HeLa	HEK293T
CCUUC	-0.323651548192152	0	0	0	0.1171875	0.5283514790287924	-0.8520030272209445	HeLa	HEK293T
CCUUG	-0.323651548192152	0	0	0	0.55078125	1.1795385350242231	-1.5031900832163752	HeLa	HEK293T
CCUUU	-0.323651548192152	0	0	0	0.80078125	1.5549977384810478	-1.8786492866731999	HeLa	HEK293T
CGUAA	1.6222586008631614	0	3	3	0.2890625	0.7864796814053595	0.8357789194578019	HeLa	HEK293T
CGUAC	-1.4222638368602611	1	0	1	0.55078125	1.1795385350242231	-2.6018023718844843	HeLa	HEK293T
CGUAG	1.6222586008631614	0	3	3	0.4296875	0.9976754833498235	0.624583117513338	HeLa	HEK293T
CGUAU	-0.323651548192152	0	0	0	0.390625	0.9390099828096946	-1.2626615310018465	HeLa	HEK293T
CGUCA	1.873573029144068	0	4	4	0.22265625	0.6867483304871405	1.1868246986569275	HeLa	HEK293T
CGUCC	-0.323651548192152	0	0	0	0.6640625	1.3496684865905968	-1.6733200347827488	HeLa	HEK293T
CGUCG	-0.323651548192152	0	0	0	0.25390625	0.7336807309192435	-1.0573322791113955	HeLa	HEK293T
CGUCU	-0.323651548192152	0	0	0	0.10546875	0.5107518288667539	-0.8344033770589059	HeLa	HEK293T
CGUGA	-0.9596403149121477	8	4	12	0.16015625	0.5928835296229342	-1.552523844535082	HeLa	HEK293T
CGUGC	-0.323651548192152	0	0	0	-0.0078125	0.34062187730038007	-0.6642734254925321	HeLa	HEK293T
CGUGG	-1.9330894606262525	2	0	2	0.04296875	0.4168870280025476	-2.3499764886288004	HeLa	HEK293T
CGUGU	-0.323651548192152	0	0	0	-0.01953125	0.3230222271383414	-0.6466737753304934	HeLa	HEK293T
CGUUA	-0.323651548192152	0	0	0	0.53125	1.1502057847541587	-1.4738573329463107	HeLa	HEK293T
CGUUC	-0.323651548192152	0	0	0	0.40234375	0.9566096329717333	-1.2802611811638853	HeLa	HEK293T
CGUUG	-0.323651548192152	0	0	0	0.58203125	1.2264709354563261	-1.5501224836484782	HeLa	HEK293T
CGUUU	-0.323651548192152	0	0	0	0.828125	1.5960635888591381	-1.9197151370512902	HeLa	HEK293T
CUUAA	-0.323651548192152	0	0	0	-0.00390625	0.34648842735439295	-0.6701399755465449	HeLa	HEK293T
CUUAC	-0.323651548192152	0	0	0	-0.00390625	0.34648842735439295	-0.6701399755465449	HeLa	HEK293T
CUUAG	-0.323651548192152	0	0	0	0.08984375	0.48728562865070224	-0.8109371768428543	HeLa	HEK293T
CUUAU	-0.323651548192152	0	0	0	-0.0859375	0.22329087622012228	-0.5469424244122743	HeLa	HEK293T
CUUCA	-0.323651548192152	0	0	0	-0.40234375	-0.25189967815492165	-0.07175187003723038	HeLa	HEK293T
CUUCC	-0.323651548192152	0	0	0	-0.109375	0.18809157589604497	-0.511743124088197	HeLa	HEK293T
CUUCG	-0.323651548192152	0	0	0	-0.36328125	-0.19323417761479278	-0.13041737057735925	HeLa	HEK293T
CUUCU	-0.323651548192152	0	0	0	-0.1640625	0.10595987513986455	-0.4296114233320166	HeLa	HEK293T
CUUGA	-0.323651548192152	0	0	0	-0.1328125	0.15289227557196763	-0.47654382376411963	HeLa	HEK293T
CUUGC	-0.323651548192152	0	0	0	-0.140625	0.14115917546394185	-0.4648107236560939	HeLa	HEK293T
CUUGG	-0.323651548192152	0	0	0	0.234375	0.704347980649179	-1.027999528841331	HeLa	HEK293T
CUUGU	-0.323651548192152	0	0	0	-0.03125	0.3054225769763027	-0.6290741251684547	HeLa	HEK293T
CUUUA	-0.323651548192152	0	0	0	0.44921875	1.0270082336198878	-1.3506597818120398	HeLa	HEK293T
CUUUC	-0.323651548192152	0	0	0	0.11328125	0.5224849289747796	-0.8461364771669316	HeLa	HEK293T
CUUUG	-0.323651548192152	0	0	0	0.4921875	1.0915402842140298	-1.4151918324061818	HeLa	HEK293T
CUUUU	-0.323651548192152	0	0	0	0.0078125	0.3640880775164316	-0.6877396257085836	HeLa	HEK293T
GAUAA	1.2857863642419485	0	2	2	-0.45703125	-0.334031378911102	1.6198177431530505	HeLa	HEK293T
GAUAC	-0.323651548192152	0	0	0	0.17578125	0.6163497298389857	-0.9400012780311378	HeLa	HEK293T
GAUAG	0.774960740475958	0	1	1	0.203125	0.657415580217076	0.11754516025888195	HeLa	HEK293T
GAUAU	1.2857863642419485	0	2	2	0.2109375	0.6691486803251018	0.6166376839168467	HeLa	HEK293T
GAUCA	1.2857863642419485	0	2	2	0.20703125	0.663282130271089	0.6225042339708595	HeLa	HEK293T
GAUCC	-0.07233711991124547	3	4	7	0.34375	0.86861138216154	-0.9409485020727855	HeLa	HEK293T
GAUCG	-0.32365154819215114	1	1	2	0.15625	0.5870169795689213	-0.9106685277610724	HeLa	HEK293T
GAUCU	1.2857863642419485	0	2	2	0.2578125	0.7395472809732564	0.5462390832686921	HeLa	HEK293T
GAUGA	0.7749607404759589	1	4	5	-0.31640625	-0.1228355769666381	0.8977963174425969	HeLa	HEK293T
GAUGC	1.2857863642419485	0	2	2	0.24609375	0.7219476308112178	0.5638387334307307	HeLa	HEK293T
GAUGG	0.18717407557383936	1	2	3	-0.19921875	0.053160924653748554	0.1340131509200908	HeLa	HEK293T
GAUGU	-1.4222638368602611	1	0	1	0.0390625	0.4110204779485347	-1.8332843148087958	HeLa	HEK293T
GAUUA	-0.323651548192152	0	0	0	0.72265625	1.43766673740079	-1.7613182855929421	HeLa	HEK293T
GAUUC	-0.323651548192152	0	0	0	0.42578125	0.9918089332958105	-1.3154604814879627	HeLa	HEK293T
GAUUG	-0.323651548192152	0	0	0	0.58984375	1.238204035564352	-1.561855583756504	HeLa	HEK293T
GAUUU	-0.323651548192152	0	0	0	0.83203125	1.6019301389131508	-1.9255816871053029	HeLa	HEK293T
GCUAA	1.873573029144068	0	4	4	-0.28125	-0.07003662648052211	1.94360965562459	HeLa	HEK293T
GCUAC	2.895224276676049	0	12	12	-0.140625	0.14115917546394185	2.754065101212107	HeLa	HEK293T
GCUAG	-0.8344771719581425	2	1	3	-0.70703125	-0.709490582367927	-0.12498658959021558	HeLa	HEK293T
GCUAU	1.2857863642419485	0	2	2	-0.04296875	0.287822926814264	0.9979634374276845	HeLa	HEK293T
GCUCA	1.873573029144068	0	4	4	0.07421875	0.4638194284346507	1.4097536007094174	HeLa	HEK293T
GCUCC	2.895224276676049	0	12	12	0.421875	0.9859423832417977	1.9092818934342513	HeLa	HEK293T
GCUCG	-2.7215468209905227	5	0	5	0.04296875	0.4168870280025476	-3.1384338489930705	HeLa	HEK293T
GCUCU	1.2857863642419494	1	7	8	0.26953125	0.7571469311352951	0.5286394331066543	HeLa	HEK293T
GCUGA	-0.3236515481921516	10	10	20	-0.25390625	-0.028970776102431872	-0.2946807720897197	HeLa	HEK293T
GCUGC	-0.6913763283174683	6	4	10	-0.203125	0.04729437459973568	-0.7386707029172039	HeLa	HEK293T
GCUGG	2.3843986529100585	0	7	7	-0.46875	-0.3516310290731407	2.736029681983199	HeLa	HEK293T
GCUGU	-0.8344771719581421	7	4	11	-0.26171875	-0.04070387621045768	-0.7937732957476844	HeLa	HEK293T
GCUUA	-0.323651548192152	0	0	0	0.1171875	0.5283514790287924	-0.8520030272209445	HeLa	HEK293T
GCUUC	-0.323651548192152	0	0	0	0.56640625	1.2030047352402744	-1.5266562834324264	HeLa	HEK293T
GCUUG	-0.323651548192152	0	0	0	0.36328125	0.8979441324316044	-1.2215956806237565	HeLa	HEK293T
GCUUU	-0.323651548192152	0	0	0	0.234375	0.704347980649179	-1.027999528841331	HeLa	HEK293T
GGUAA	2.0742437246062186	0	5	5	-0.66796875	-0.6508250818277981	2.7250688064340167	HeLa	HEK293T
GGUAC	1.6222586008631614	0	3	3	-0.6640625	-0.6449585317737851	2.2672171326369464	HeLa	HEK293T
GGUAG	-0.323651548192152	0	0	0	-0.66796875	-0.6508250818277981	0.32717353363564605	HeLa	HEK293T
GGUAU	0.774960740475958	0	1	1	-0.41796875	-0.27536587837097315	1.0503266188469311	HeLa	HEK293T
GGUCA	-0.7756366719352092	5	3	8	-0.57421875	-0.5100278805314887	-0.2656087914037205	HeLa	HEK293T
GGUCC	-1.4222638368602611	4	1	5	-0.12109375	0.1704919257340063	-1.5927557625942674	HeLa	HEK293T
GGUCG	-1.4222638368602611	1	0	1	-0.21484375	0.029694724437696995	-1.4519585612979582	HeLa	HEK293T
GGUCU	-1.9330894606262525	2	0	2	-0.1875	0.07076057481578724	-2.00385003544204	HeLa	HEK293T
GGUGA	0.312337218527845	4	8	12	-0.109375	0.18809157589604497	0.12424564263180005	HeLa	HEK293T
GGUGC	-0.6913763283174683	6	4	10	-0.046875	0.2819563767602512	-0.9733327050777195	HeLa	HEK293T
GGUGG	-2.8886009056536883	32	2	34	-0.4453125	-0.31643172874906333	-2.572169176904625	HeLa	HEK293T
GGUGU	-1.4222638368602611	4	1	5	-0.046875	0.2819563767602512	-1.7042202136205122	HeLa	HEK293T
GGUUA	-0.323651548192152	0	0	0	0.2890625	0.7864796814053595	-1.1101312295975116	HeLa	HEK293T
GGUUC	-0.323651548192152	0	0	0	0.078125	0.46968597848866356	-0.7933375266808156	HeLa	HEK293T
GGUUG	-0.323651548192152	0	0	0	0.33984375	0.8627448321075271	-1.186396380299679	HeLa	HEK293T
GGUUU	-0.323651548192152	0	0	0	0.53125	1.1502057847541587	-1.4738573329463107	HeLa	HEK293T
GUUAA	-0.323651548192152	0	0	0	-0.16015625	0.11182642519387742	-0.43547797338602945	HeLa	HEK293T
GUUAC	-0.323651548192152	0	0	0	-0.14453125	0.13529262540992898	-0.458944173602081	HeLa	HEK293T
GUUAG	-0.323651548192152	0	0	0	-0.11328125	0.18222502584203207	-0.5058765740341841	HeLa	HEK293T
GUUAU	-0.323651548192152	0	0	0	-0.05859375	0.2643567265982125	-0.5880082747903645	HeLa	HEK293T
GUUCA	-0.323651548192152	0	0	0	-0.0703125	0.24675707643617384	-0.5704086246283259	HeLa	HEK293T
GUUCC	-0.323651548192152	0	0	0	-0.109375	0.18809157589604497	-0.511743124088197	HeLa	HEK293T
GUUCG	-0.323651548192152	0	0	0	-0.34765625	-0.16976797739874117	-0.15388357079341086	HeLa	HEK293T
GUUCU	-0.323651548192152	0	0	0	-0.109375	0.18809157589604497	-0.511743124088197	HeLa	HEK293T
GUUGA	-0.323651548192152	0	0	0	0.00390625	0.3582215274624187	-0.6818730756545708	HeLa	HEK293T
GUUGC	-0.323651548192152	0	0	0	-0.02734375	0.31128912703031564	-0.6349406752224677	HeLa	HEK293T
GUUGG	-0.323651548192152	0	0	0	0.16015625	0.5928835296229342	-0.9165350778150863	HeLa	HEK293T
GUUGU	-0.323651548192152	0	0	0	-0.19921875	0.053160924653748554	-0.3768124728459006	HeLa	HEK293T
GUUUA	-0.323651548192152	0	0	0	0.54296875	1.1678054349161973	-1.4914569831083493	HeLa	HEK293T
GUUUC	-0.323651548192152	0	0	0	0.15625	0.5870169795689213	-0.9106685277610733	HeLa	HEK293T
GUUUG	-0.323651548192152	0	0	0	0.58984375	1.238204035564352	-1.561855583756504	HeLa	HEK293T
GUUUU	-0.323651548192152	0	0	0	-0.1015625	0.19982467600407075	-0.5234762241962228	HeLa	HEK293T
UAUAA	0.774960740475958	0	1	1	-0.37109375	-0.20496727772281853	0.9799280181987765	HeLa	HEK293T
UAUAC	1.873573029144068	0	4	4	0.23828125	0.710214530703192	1.163358498440876	HeLa	HEK293T
UAUAG	1.873573029144068	0	4	4	0.26171875	0.7454138310272693	1.1281591981167987	HeLa	HEK293T
UAUAU	1.873573029144068	0	4	4	0.26953125	0.7571469311352951	1.1164260980087728	HeLa	HEK293T
UAUCA	0.774960740475958	0	1	1	-0.0546875	0.2702232766522254	0.5047374638237325	HeLa	HEK293T
UAUCC	-0.32365154819215114	1	1	2	0.53125	1.1502057847541587	-1.4738573329463098	HeLa	HEK293T
UAUCG	0.18717407557383936	1	2	3	-0.01171875	0.33475532724636714	-0.14758125167252778	HeLa	HEK293T
UAUCU	0.774960740475958	0	1	1	0.265625	0.7512803810812823	0.02368035939467572	HeLa	HEK293T
UAUGA	1.2857863642419485	0	2	2	-0.46875	-0.3516310290731407	1.637417393315089	HeLa	HEK293T
UAUGC	0.18717407557383936	1	2	3	0.04296875	0.4168870280025476	-0.22971295242870826	HeLa	HEK293T
UAUGG	-0.323651548192152	0	0	0	-0.140625	0.14115917546394185	-0.4648107236560939	HeLa	HEK293T
UAUGU	-0.323651548192152	0	0	0	-0.0390625	0.29368947686827696	-0.617341025060429	HeLa	HEK293T
UAUUA	-0.323651548192152	0	0	0	0.765625	1.502198787994932	-1.825850336187084	HeLa	HEK293T
UAUUC	-0.323651548192152	0	0	0	0.70703125	1.4142005371847386	-1.7378520853768906	HeLa	HEK293T
UAUUG	-0.323651548192152	0	0	0	0.67578125	1.3672681367526354	-1.6909196849447874	HeLa	HEK293T
UAUUU	-0.323651548192152	0	0	0	0.7578125	1.490465687886906	-1.814117236079058	HeLa	HEK293T
UCUAA	-0.323651548192152	0	0	0	-0.34375	-0.16390142734472835	-0.15975012084742368	HeLa	HEK293T
UCUAC	-1.4222638368602611	1	0	1	-0.28125	-0.07003662648052211	-1.352227210379739	HeLa	HEK293T
UCUAG	0.46480581217211814	2	5	7	-0.33984375	-0.15803487729071541	0.6228406894628336	HeLa	HEK293T
UCUAU	-0.323651548192152	0	0	0	-0.203125	0.04729437459973568	-0.3709459227918877	HeLa	HEK293T
UCUCA	1.2857863642419485	0	2	2	-0.09765625	0.20569122605808363	1.0800951381838648	HeLa	HEK293T
UCUCC	0.774960740475958	0	1	1	-0.2421875	-0.011371125940393245	0.7863318664163512	HeLa	HEK293T
UCUCG	0.774960740475958	0	1	1	-0.44140625	-0.3105651786950505	1.0855259191710085	HeLa	HEK293T
UCUCU	-1.4222638368602611	1	0	1	-0.1953125	0.05902747470776143	-1.4812913115680226	HeLa	HEK293T
UCUGA	1.2857863642419485	0	2	2	-0.3125	-0.11696902691262523	1.4027553911545736	HeLa	HEK293T
UCUGC	1.2857863642419485	0	2	2	-0.1015625	0.19982467600407075	1.0859616882378778	HeLa	HEK293T
UCUGG	1.2857863642419485	0	2	2	-0.4296875	-0.29296552853301183	1.5787518927749602	HeLa	HEK293T
UCUGU	-0.32365154819215114	1	1	2	0.03125	0.39928737784050894	-0.7229389260326601	HeLa	HEK293T
UCUUA	-0.323651548192152	0	0	0	0.0078125	0.3640880775164316	-0.6877396257085836	HeLa	HEK293T
UCUUC	-0.323651548192152	0	0	0	0.01953125	0.38168772767847026	-0.7053392758706223	HeLa	HEK293T
UCUUG	-0.323651548192152	0	0	0	0.1953125	0.6456824801090502	-0.9693340283012022	HeLa	HEK293T
UCUUU	-0.323651548192152	0	0	0	0.22265625	0.6867483304871405	-1.0103998786792925	HeLa	HEK293T
UGUAA	0.774960740475958	0	1	1	-0.14453125	0.13529262540992898	0.639668115066029	HeLa	HEK293T
UGUAC	-0.323651548192152	0	0	0	0.19921875	0.6515490301630631	-0.9752005783552151	HeLa	HEK293T
UGUAG	-0.9327156115415551	28	15	43	-0.078125	0.23502397632814806	-1.1677395878697032	HeLa	HEK293T
UGUAU	0.774960740475958	0	1	1	-0.06640625	0.2526236264901867	0.5223371139857713	HeLa	HEK293T
UGUCA	-0.660123784813365	3	2	5	-0.4375	-0.3046986286410376	-0.3554251561723274	HeLa	HEK293T
UGUCC	0.774960740475958	0	1	1	-0.15625	0.1176929752478903	0.6572677652280676	HeLa	HEK293T
UGUCG	0.774960740475958	0	1	1	-0.38671875	-0.22843347793887003	1.0033942184148281	HeLa	HEK293T
UGUCU	1.6222586008631614	0	3	3	-0.4296875	-0.29296552853301183	1.9152241293961731	HeLa	HEK293T
UGUGA	-0.660123784813365	3	2	5	-0.4921875	-0.38683032939721806	-0.2732934554161469	HeLa	HEK293T
UGUGC	-0.323651548192152	0	0	0	0.0234375	0.38755427773248313	-0.7112058259246352	HeLa	HEK293T
UGUGG	-1.0857916002390486	7	3	10	-0.35546875	-0.18150107750676692	-0.9042905227322817	HeLa	HEK293T
UGUGU	1.2857863642419485	0	2	2	-0.4375	-0.3046986286410376	1.590484992882986	HeLa	HEK293T
UGUUA	-0.323651548192152	0	0	0	0.52734375	1.1443392347001455	-1.4679907828922976	HeLa	HEK293T
UGUUC	-0.323651548192152	0	0	0	0.390625	0.9390099828096946	-1.2626615310018465	HeLa	HEK293T
UGUUG	-0.323651548192152	0	0	0	0.15234375	0.5811504295149085	-0.9048019777070605	HeLa	HEK293T
UGUUU	-0.323651548192152	0	0	0	0.765625	1.502198787994932	-1.825850336187084	HeLa	HEK293T
UUUAA	-0.323651548192152	0	0	0	-0.546875	-0.46896203015339843	0.1453104819612464	HeLa	HEK293T
UUUAC	-0.323651548192152	0	0	0	-0.48046875	-0.3692306792351794	0.045579131043027354	HeLa	HEK293T
UUUAG	-0.323651548192152	0	0	0	-0.26171875	-0.04070387621045768	-0.28294767198169435	HeLa	HEK293T
UUUAU	-0.323651548192152	0	0	0	-0.76171875	-0.7916222831241073	0.4679707349319553	HeLa	HEK293T
UUUCA	-0.323651548192152	0	0	0	-0.62890625	-0.5921595812876691	0.2685080330955171	HeLa	HEK293T
UUUCC	-0.323651548192152	0	0	0	-0.421875	-0.2812324284249861	-0.04241911976716595	HeLa	HEK293T
UUUCG	-0.323651548192152	0	0	0	-0.68359375	-0.6742912820438496	0.35063973385169755	HeLa	HEK293T
UUUCU	-0.323651548192152	0	0	0	-0.578125	-0.5158944305855016	0.19224288239334952	HeLa	HEK293T
UUUGA	-0.323651548192152	0	0	0	-0.82421875	-0.8854870839883136	0.5618355357961615	HeLa	HEK293T
UUUGC	-0.323651548192152	0	0	0	-0.3984375	-0.24603312810090872	-0.07761842009124331	HeLa	HEK293T
UUUGG	-0.323651548192152	0	0	0	-0.25390625	-0.028970776102431872	-0.29468077208972016	HeLa	HEK293T
UUUGU	-0.323651548192152	0	0	0	-0.4140625	-0.26949932831696033	-0.0541522198751917	HeLa	HEK293T
UUUUA	-0.323651548192152	0	0	0	0.5390625	1.1619388848621843	-1.4855904330543364	HeLa	HEK293T
UUUUC	-0.323651548192152	0	0	0	0.01953125	0.38168772767847026	-0.7053392758706223	HeLa	HEK293T
UUUUG	-0.323651548192152	0	0	0	0.5625	1.1971381851862617	-1.5207897333784137	HeLa	HEK293T
UUUUU	-0.323651548192152	0	0	0	-0.171875	0.09422677503183874	-0.41787832322399077	HeLa	HEK293T
