relative_position	base	HEK293T	HeLa	direction_replicates	min_abs_logOR
-1	G	-1.8700081796714185	-1.6396263590389777	True	1.6396263590389777
2	G	-1.706447395142942	-1.2427308666787986	True	1.2427308666787986
-1	A	2.2529924509329513	1.2245238996366612	True	1.2245238996366612
1	G	-0.8384539718556973	-1.1185410762753933	True	0.8384539718556973
1	A	1.3314064133897812	0.6667683305396717	True	0.6667683305396717
-1	C	0.6562497134597975	0.8459551998382863	True	0.6562497134597975
2	A	1.253928868683476	0.6297840320470587	True	0.6297840320470587
-2	C	0.5866134897729487	0.7165817731076893	True	0.5866134897729487
1	U	-1.0689176360289938	-0.4967865162923959	True	0.4967865162923959
-1	U	-1.0689176360289938	-0.4967865162923959	True	0.4967865162923959
2	U	1.2323386405552816	0.47681272300208294	True	0.47681272300208294
-2	G	-0.445633171055658	-0.5421438485773271	True	0.445633171055658
-2	A	0.42730149422408775	0.6053521409036118	True	0.42730149422408775
2	C	0.21281948579478135	0.4936980641834883	True	0.21281948579478135
-2	U	-0.13534134786976212	-0.20718962337196808	True	0.13534134786976212
