motif	response	response_percentile	assay
AAUAA	0.671530151812237	0.5859375	BID
AAUAC	0.425121411754184	0.04296875	BID
AAUAG	0.549033720116674	0.1640625	BID
AAUAU	0.466968153030965	0.0625	BID
AAUCA	0.621632466446937	0.35546875	BID
AAUCC	0.603954986747554	0.30859375	BID
AAUCG	0.595930211270628	0.27734375	BID
AAUCU	0.620606308590235	0.34765625	BID
AAUGA	0.66549802972326	0.55078125	BID
AAUGC	0.0753379212231896	0.015625	BID
AAUGG	0.60526824084104	0.31640625	BID
AAUGU	0.578338373951046	0.20703125	BID
AAUUA	0.510975164805298	0.1171875	BID
AAUUC	0.558346389622681	0.17578125	BID
AAUUG	0.448161605884849	0.0546875	BID
AAUUU	0.250810823029525	0.01953125	BID
ACUAA	0.716623145807648	0.8203125	BID
ACUAC	0.733506529454215	0.88671875	BID
ACUAG	0.676946179785889	0.60546875	BID
ACUAU	0.659450045443157	0.5234375	BID
ACUCA	0.710732954291483	0.796875	BID
ACUCC	0.738603090525202	0.90234375	BID
ACUCG	0.685727657154955	0.64453125	BID
ACUCU	0.722214401779745	0.84375	BID
ACUGA	0.679139292220201	0.62109375	BID
ACUGC	0.593523979425552	0.26953125	BID
ACUGG	0.586846102612236	0.2578125	BID
ACUGU	0.605253987489138	0.3125	BID
ACUUA	0.542505850220603	0.15234375	BID
ACUUC	0.585383265940772	0.2421875	BID
ACUUG	0.54344940347188	0.15625	BID
ACUUU	0.504128719325764	0.11328125	BID
AGUAA	0.589756955678787	0.26171875	BID
AGUAC	0.542311886622239	0.14453125	BID
AGUAG	0.584370522849159	0.23828125	BID
AGUAU	0.635356378017106	0.421875	BID
AGUCA	0.699959849414321	0.734375	BID
AGUCC	0.65950065959204	0.52734375	BID
AGUCG	0.699122443072389	0.7265625	BID
AGUCU	0.73132708110876	0.875	BID
AGUGA	0.69730302896407	0.71484375	BID
AGUGC	0.504079657284375	0.109375	BID
AGUGG	0.698579012524499	0.72265625	BID
AGUGU	0.708806035752141	0.78125	BID
AGUUA	0.598984397501801	0.296875	BID
AGUUC	0.683577818714046	0.6328125	BID
AGUUG	0.658584864495197	0.51171875	BID
AGUUU	0.390007174578122	0.0390625	BID
AUUAA	0.666176163014884	0.5546875	BID
AUUAC	0.626450671516508	0.38671875	BID
AUUAG	0.522414653264454	0.12890625	BID
AUUAU	0.671472580851169	0.58203125	BID
AUUCA	0.738911033777352	0.90625	BID
AUUCC	0.78742130719509	1.0	BID
AUUCG	0.72784324975373	0.86328125	BID
AUUCU	0.761574130562516	0.96484375	BID
AUUGA	0.691432517574872	0.6875	BID
AUUGC	0.653010860834291	0.49609375	BID
AUUGG	0.648509254864708	0.4765625	BID
AUUGU	0.713305743450839	0.80859375	BID
AUUUA	0.675208692470614	0.59765625	BID
AUUUC	0.67238887435493	0.58984375	BID
AUUUG	0.660731682668802	0.54296875	BID
AUUUU	0.753297947619802	0.953125	BID
CAUAA	0.627328077470254	0.390625	BID
CAUAC	0.440594990924322	0.05078125	BID
CAUAG	0.44002550986411	0.046875	BID
CAUAU	0.477799113418865	0.078125	BID
CAUCA	0.598462218386083	0.29296875	BID
CAUCC	0.495537654201495	0.09375	BID
CAUCG	0.525289100757678	0.1328125	BID
CAUCU	0.668039716506446	0.5703125	BID
CAUGA	0.703269513117309	0.75	BID
CAUGC	0.0241387257603557	0.0078125	BID
CAUGG	0.646144936981131	0.46484375	BID
CAUGU	0.675712376250955	0.6015625	BID
CAUUA	0.52628732011769	0.13671875	BID
CAUUC	0.541125580801128	0.140625	BID
CAUUG	0.485889819591386	0.08203125	BID
CAUUU	0.263381363076682	0.0234375	BID
CCUAA	0.708852036692887	0.78515625	BID
CCUAC	0.685155954262103	0.640625	BID
CCUAG	0.617302647728735	0.34375	BID
CCUAU	0.679296358993919	0.625	BID
CCUCA	0.646735208785016	0.47265625	BID
CCUCC	0.729606992120731	0.8671875	BID
CCUCG	0.633789837113764	0.41796875	BID
CCUCU	0.667547555239043	0.5625	BID
CCUGA	0.646162136794918	0.46875	BID
CCUGC	0.495305539059519	0.08984375	BID
CCUGG	0.583421062952547	0.23046875	BID
CCUGU	0.564061246655582	0.1875	BID
CCUUA	0.699531860104595	0.73046875	BID
CCUUC	0.718784362646802	0.828125	BID
CCUUG	0.622651893340213	0.359375	BID
CCUUU	0.51599902579849	0.125	BID
CGUAA	0.625224507041042	0.37109375	BID
CGUAC	0.556571753182549	0.171875	BID
CGUAG	0.511601505640858	0.12109375	BID
CGUAU	0.569040477457581	0.19921875	BID
CGUCA	0.623057281436867	0.36328125	BID
CGUCC	0.560051090354613	0.18359375	BID
CGUCG	0.542393586036839	0.1484375	BID
CGUCU	0.670032747314866	0.57421875	BID
CGUGA	0.640049333175272	0.44140625	BID
CGUGC	0.637512575123198	0.4296875	BID
CGUGG	0.644885307663597	0.453125	BID
CGUGU	0.66208151920457	0.546875	BID
CGUUA	0.635483647538543	0.42578125	BID
CGUUC	0.66055465133168	0.5390625	BID
CGUUG	0.628824734266628	0.3984375	BID
CGUUU	0.475489011420099	0.0703125	BID
CUUAA	0.66735894470936	0.55859375	BID
CUUAC	0.686034433580845	0.65234375	BID
CUUAG	0.641136092384294	0.4453125	BID
CUUAU	0.695460314867898	0.69921875	BID
CUUCA	0.743682972854393	0.91796875	BID
CUUCC	0.724826751220691	0.859375	BID
CUUCG	0.707921027319459	0.77734375	BID
CUUCU	0.723370806775184	0.8515625	BID
CUUGA	0.672650170489945	0.59375	BID
CUUGC	0.626050571831593	0.37890625	BID
CUUGG	0.566059460522315	0.19140625	BID
CUUGU	0.658776537622784	0.51953125	BID
CUUUA	0.650640636084826	0.484375	BID
CUUUC	0.732151798226113	0.8828125	BID
CUUUG	0.651898321472835	0.4921875	BID
CUUUU	0.770036435611685	0.984375	BID
GAUAA	0.712600655096799	0.8046875	BID
GAUAC	0.626352949619635	0.3828125	BID
GAUAG	0.608874548744592	0.3203125	BID
GAUAU	0.625038339795906	0.3671875	BID
GAUCA	0.600529904127987	0.30078125	BID
GAUCC	0.620744892122797	0.3515625	BID
GAUCG	0.586396627700014	0.25390625	BID
GAUCU	0.628033378677667	0.39453125	BID
GAUGA	0.650614682705758	0.48046875	BID
GAUGC	0.0674856173701776	0.01171875	BID
GAUGG	0.645712498287791	0.4609375	BID
GAUGU	0.614099025724338	0.33203125	BID
GAUUA	0.567037167889614	0.1953125	BID
GAUUC	0.660193356069261	0.53515625	BID
GAUUG	0.61034833408057	0.32421875	BID
GAUUU	0.351359266373652	0.03125	BID
GCUAA	0.771258540118485	0.98828125	BID
GCUAC	0.735432566386927	0.89453125	BID
GCUAG	0.75350384420138	0.95703125	BID
GCUAU	0.691203920306099	0.68359375	BID
GCUCA	0.598222372418147	0.2890625	BID
GCUCC	0.596606293829752	0.28125	BID
GCUCG	0.573383983865616	0.203125	BID
GCUCU	0.579704049457817	0.22265625	BID
GCUGA	0.751546721086317	0.9453125	BID
GCUGC	0.676974845355295	0.609375	BID
GCUGG	0.693616188182702	0.69140625	BID
GCUGU	0.723795581486479	0.85546875	BID
GCUUA	0.730944126852638	0.87109375	BID
GCUUC	0.630385732082443	0.40234375	BID
GCUUG	0.678161050274698	0.61328125	BID
GCUUU	0.695427003371409	0.6953125	BID
GGUAA	0.762189757368356	0.96875	BID
GGUAC	0.705868787058567	0.76953125	BID
GGUAG	0.751252278015221	0.94140625	BID
GGUAU	0.695639408507674	0.703125	BID
GGUCA	0.707049545888483	0.7734375	BID
GGUCC	0.702525687791488	0.7421875	BID
GGUCG	0.645386982350474	0.45703125	BID
GGUCU	0.686335095247104	0.65625	BID
GGUGA	0.602204686796824	0.3046875	BID
GGUGC	0.500204702528734	0.1015625	BID
GGUGG	0.685889430426075	0.6484375	BID
GGUGU	0.59408219023793	0.2734375	BID
GGUUA	0.653815156431635	0.50390625	BID
GGUUC	0.697674756051182	0.71875	BID
GGUUG	0.644676780677042	0.44921875	BID
GGUUU	0.584037987326745	0.234375	BID
GUUAA	0.731976611103787	0.87890625	BID
GUUAC	0.733632470662684	0.890625	BID
GUUAG	0.699993861857041	0.73828125	BID
GUUAU	0.710222768819159	0.79296875	BID
GUUCA	0.703171854904983	0.74609375	BID
GUUCC	0.752596631633396	0.94921875	BID
GUUCG	0.739001566882682	0.91015625	BID
GUUCU	0.723057765864545	0.84765625	BID
GUUGA	0.696430227830876	0.7109375	BID
GUUGC	0.653310067071821	0.5	BID
GUUGG	0.639012235446782	0.4375	BID
GUUGU	0.735708255687336	0.8984375	BID
GUUUA	0.614233017860274	0.3359375	BID
GUUUC	0.71549832744756	0.81640625	BID
GUUUG	0.625472885998456	0.375	BID
GUUUU	0.771582783514955	0.9921875	BID
UAUAA	0.684979627738102	0.63671875	BID
UAUAC	0.476760986050199	0.07421875	BID
UAUAG	0.45576900550503	0.05859375	BID
UAUAU	0.470273348854924	0.06640625	BID
UAUCA	0.632493663336408	0.41015625	BID
UAUCC	0.496399855727807	0.09765625	BID
UAUCG	0.582196291001093	0.2265625	BID
UAUCU	0.585654583256316	0.24609375	BID
UAUGA	0.682115643117008	0.62890625	BID
UAUGC	0.0193096300798963	0.00390625	BID
UAUGG	0.593025036118123	0.265625	BID
UAUGU	0.586299938886196	0.25	BID
UAUUA	0.382141617393603	0.03515625	BID
UAUUC	0.556223951240863	0.16796875	BID
UAUUG	0.500258462356982	0.10546875	BID
UAUUU	0.328397027595969	0.02734375	BID
UCUAA	0.763335113103645	0.9765625	BID
UCUAC	0.749005332623452	0.9375	BID
UCUAG	0.678453496827655	0.6171875	BID
UCUAU	0.739304542811989	0.9140625	BID
UCUCA	0.696173394841789	0.70703125	BID
UCUCC	0.746901996011953	0.92578125	BID
UCUCG	0.704860391574346	0.7578125	BID
UCUCU	0.714443384773516	0.8125	BID
UCUGA	0.705656505799811	0.765625	BID
UCUGC	0.579177389993364	0.21484375	BID
UCUGG	0.650982718397032	0.48828125	BID
UCUGU	0.637960460066133	0.43359375	BID
UCUUA	0.747287917660133	0.9296875	BID
UCUUC	0.768344352226449	0.98046875	BID
UCUUG	0.690164061802146	0.67578125	BID
UCUUU	0.687088545089714	0.66015625	BID
UGUAA	0.670874643617872	0.578125	BID
UGUAC	0.548230680755232	0.16015625	BID
UGUAG	0.632277625546376	0.40625	BID
UGUAU	0.657877227905394	0.5078125	BID
UGUCA	0.6587313822162	0.515625	BID
UGUCC	0.717236375795562	0.82421875	BID
UGUCG	0.718929583642602	0.83203125	BID
UGUCU	0.762687471151742	0.97265625	BID
UGUGA	0.710023667684582	0.7890625	BID
UGUGC	0.57905071148428	0.2109375	BID
UGUGG	0.688509627675775	0.6640625	BID
UGUGU	0.70505828203052	0.76171875	BID
UGUUA	0.614974205376926	0.33984375	BID
UGUUC	0.659592331468276	0.53125	BID
UGUUG	0.690951057770989	0.6796875	BID
UGUUU	0.48857868012427	0.0859375	BID
UUUAA	0.688879215961326	0.66796875	BID
UUUAC	0.689399379948999	0.671875	BID
UUUAG	0.610735435586569	0.328125	BID
UUUAU	0.720024513780383	0.8359375	BID
UUUCA	0.711831464199778	0.80078125	BID
UUUCC	0.756627990327884	0.9609375	BID
UUUCG	0.721597144789945	0.83984375	BID
UUUCU	0.787086545796777	0.99609375	BID
UUUGA	0.744639864413079	0.921875	BID
UUUGC	0.632615968786598	0.4140625	BID
UUUGG	0.597125312790537	0.28515625	BID
UUUGU	0.667861040242383	0.56640625	BID
UUUUA	0.579458800864925	0.21875	BID
UUUUC	0.704661181262969	0.75390625	BID
UUUUG	0.558779636896172	0.1796875	BID
UUUUU	0.748270952403826	0.93359375	BID
AAUAA	0.071761738	0.390625	ELAP
AAUAC	0.070223434	0.3671875	ELAP
AAUAG	0.053252662	0.2890625	ELAP
AAUAU	0.055275312	0.3046875	ELAP
AAUCA	0.071031318	0.3828125	ELAP
AAUCC	0.335998915	0.64453125	ELAP
AAUCG	0.03653776	0.13671875	ELAP
AAUCU	0.197293299	0.58203125	ELAP
AAUGA	0.026535295	0.0390625	ELAP
AAUGC	0.013914677	0.0078125	ELAP
AAUGG	0.039396338	0.16796875	ELAP
AAUGU	0.035541719	0.1171875	ELAP
AAUUA	3.773581983	0.828125	ELAP
AAUUC	4.909611282	0.859375	ELAP
AAUUG	3.230988351	0.80859375	ELAP
AAUUU	3.548934287	0.8203125	ELAP
ACUAA	0.103641586	0.48046875	ELAP
ACUAC	0.048711714	0.25390625	ELAP
ACUAG	0.027174596	0.04296875	ELAP
ACUAU	0.090476418	0.44921875	ELAP
ACUCA	0.071202246	0.38671875	ELAP
ACUCC	0.237788679	0.60546875	ELAP
ACUCG	0.016420302	0.01171875	ELAP
ACUCU	0.148631305	0.546875	ELAP
ACUGA	0.096245781	0.45703125	ELAP
ACUGC	0.037712492	0.1484375	ELAP
ACUGG	0.022606174	0.0234375	ELAP
ACUGU	0.037290312	0.14453125	ELAP
ACUUA	6.333139353	0.94921875	ELAP
ACUUC	6.373874046	0.953125	ELAP
ACUUG	3.644558274	0.82421875	ELAP
ACUUU	5.226520272	0.88671875	ELAP
AGUAA	0.023361974	0.02734375	ELAP
AGUAC	0.040414244	0.18359375	ELAP
AGUAG	0.047048659	0.23046875	ELAP
AGUAU	0.03506867	0.109375	ELAP
AGUCA	0.032623627	0.08984375	ELAP
AGUCC	0.1261431	0.51953125	ELAP
AGUCG	0.037211053	0.140625	ELAP
AGUCU	0.040661568	0.1875	ELAP
AGUGA	0.025836328	0.03515625	ELAP
AGUGC	0.036192444	0.12890625	ELAP
AGUGG	0.039807746	0.17578125	ELAP
AGUGU	0.036488557	0.1328125	ELAP
AGUUA	1.07769817	0.73046875	ELAP
AGUUC	3.458788044	0.81640625	ELAP
AGUUG	2.007619736	0.76953125	ELAP
AGUUU	0.92240863	0.7265625	ELAP
AUUAA	0.102385422	0.4765625	ELAP
AUUAC	0.07607025	0.3984375	ELAP
AUUAG	0.070845032	0.37890625	ELAP
AUUAU	0.119716844	0.50390625	ELAP
AUUCA	0.070439922	0.375	ELAP
AUUCC	0.325602042	0.63671875	ELAP
AUUCG	0.064812616	0.34375	ELAP
AUUCU	0.108283501	0.484375	ELAP
AUUGA	0.088394956	0.4375	ELAP
AUUGC	0.03053126	0.0703125	ELAP
AUUGG	0.066265321	0.3515625	ELAP
AUUGU	0.053805823	0.29296875	ELAP
AUUUA	4.013471871	0.84375	ELAP
AUUUC	5.427593924	0.89453125	ELAP
AUUUG	3.899776128	0.8359375	ELAP
AUUUU	4.496168185	0.85546875	ELAP
CAUAA	0.042524362	0.20703125	ELAP
CAUAC	0.075061323	0.39453125	ELAP
CAUAG	0.052530858	0.28125	ELAP
CAUAU	0.050629361	0.26953125	ELAP
CAUCA	0.022126568	0.01953125	ELAP
CAUCC	0.453654064	0.671875	ELAP
CAUCG	0.032249544	0.0859375	ELAP
CAUCU	0.119634825	0.5	ELAP
CAUGA	0.043738682	0.21875	ELAP
CAUGC	0.174127144	0.5703125	ELAP
CAUGG	0.02923828	0.0625	ELAP
CAUGU	0.040306586	0.1796875	ELAP
CAUUA	3.338287265	0.8125	ELAP
CAUUC	5.478533492	0.90625	ELAP
CAUUG	2.46598886	0.77734375	ELAP
CAUUU	3.153374879	0.8046875	ELAP
CCUAA	0.08122993	0.4296875	ELAP
CCUAC	0.1329194	0.53125	ELAP
CCUAG	0.028151406	0.05078125	ELAP
CCUAU	0.192481107	0.57421875	ELAP
CCUCA	0.0	0.00390625	ELAP
CCUCC	0.435594541	0.6640625	ELAP
CCUCG	0.062137149	0.33203125	ELAP
CCUCU	0.164383231	0.56640625	ELAP
CCUGA	0.064036144	0.33984375	ELAP
CCUGC	0.032063235	0.08203125	ELAP
CCUGG	0.034145695	0.1015625	ELAP
CCUGU	0.033586635	0.09375	ELAP
CCUUA	5.46199831	0.90234375	ELAP
CCUUC	6.323998738	0.9453125	ELAP
CCUUG	5.532900275	0.91015625	ELAP
CCUUU	5.664313546	0.92578125	ELAP
CGUAA	0.403379942	0.66015625	ELAP
CGUAC	0.863428854	0.72265625	ELAP
CGUAG	0.150813289	0.55078125	ELAP
CGUAU	0.225670541	0.58984375	ELAP
CGUCA	0.22519497	0.5859375	ELAP
CGUCC	4.186713969	0.84765625	ELAP
CGUCG	0.076313508	0.40234375	ELAP
CGUCU	0.476057438	0.6796875	ELAP
CGUGA	0.237302898	0.6015625	ELAP
CGUGC	0.080456332	0.421875	ELAP
CGUGG	0.113049645	0.49609375	ELAP
CGUGU	0.128710413	0.52734375	ELAP
CGUUA	6.382897162	0.95703125	ELAP
CGUUC	6.227343456	0.94140625	ELAP
CGUUG	6.828649954	0.98046875	ELAP
CGUUU	5.444066679	0.8984375	ELAP
CUUAA	0.153083278	0.5546875	ELAP
CUUAC	0.337285575	0.6484375	ELAP
CUUAG	0.135117871	0.53515625	ELAP
CUUAU	0.274328627	0.61328125	ELAP
CUUCA	0.123393577	0.515625	ELAP
CUUCC	1.657825154	0.75	ELAP
CUUCG	0.077350091	0.4140625	ELAP
CUUCU	0.510220217	0.6875	ELAP
CUUGA	0.100130038	0.4609375	ELAP
CUUGC	0.047889549	0.23828125	ELAP
CUUGG	0.08096885	0.42578125	ELAP
CUUGU	0.111342136	0.48828125	ELAP
CUUUA	6.153113629	0.93359375	ELAP
CUUUC	7.520876522	0.99609375	ELAP
CUUUG	6.981645511	0.984375	ELAP
CUUUU	7.495440533	0.9921875	ELAP
GAUAA	0.065739455	0.34765625	ELAP
GAUAC	0.153889259	0.55859375	ELAP
GAUAG	0.128096705	0.5234375	ELAP
GAUAU	0.193378401	0.578125	ELAP
GAUCA	0.120400731	0.5078125	ELAP
GAUCC	0.558679007	0.6953125	ELAP
GAUCG	0.077032991	0.41015625	ELAP
GAUCU	0.368276508	0.65234375	ELAP
GAUGA	0.03936704	0.1640625	ELAP
GAUGC	0.049237059	0.2578125	ELAP
GAUGG	0.050127203	0.26171875	ELAP
GAUGU	0.07043517	0.37109375	ELAP
GAUUA	5.585205771	0.91796875	ELAP
GAUUC	6.470100063	0.9609375	ELAP
GAUUG	5.570964442	0.9140625	ELAP
GAUUU	4.932269372	0.86328125	ELAP
GCUAA	0.640868968	0.70703125	ELAP
GCUAC	1.699607393	0.75390625	ELAP
GCUAG	0.048606563	0.25	ELAP
GCUAU	0.33007511	0.640625	ELAP
GCUCA	0.068557319	0.36328125	ELAP
GCUCC	0.596493429	0.703125	ELAP
GCUCG	0.048464346	0.24609375	ELAP
GCUCU	0.111546233	0.4921875	ELAP
GCUGA	0.541657291	0.69140625	ELAP
GCUGC	0.076717604	0.40625	ELAP
GCUGG	0.043740048	0.22265625	ELAP
GCUGU	0.229696359	0.59375	ELAP
GCUUA	7.198020628	0.98828125	ELAP
GCUUC	6.598367491	0.96875	ELAP
GCUUG	6.754878798	0.9765625	ELAP
GCUUU	5.764366227	0.9296875	ELAP
GGUAA	0.054215382	0.30078125	ELAP
GGUAC	0.035051042	0.10546875	ELAP
GGUAG	0.050749196	0.2734375	ELAP
GGUAU	0.05316927	0.28515625	ELAP
GGUCA	0.04124605	0.19921875	ELAP
GGUCC	0.288287364	0.62109375	ELAP
GGUCG	0.048011096	0.2421875	ELAP
GGUCU	0.10119367	0.46875	ELAP
GGUGA	0.041025141	0.1953125	ELAP
GGUGC	0.028650243	0.0546875	ELAP
GGUGG	0.041327789	0.203125	ELAP
GGUGU	0.046591399	0.2265625	ELAP
GGUUA	2.901326422	0.79296875	ELAP
GGUUC	2.914516748	0.796875	ELAP
GGUUG	2.724875054	0.7890625	ELAP
GGUUU	1.893931228	0.765625	ELAP
GUUAA	0.760301381	0.71875	ELAP
GUUAC	1.559082804	0.74609375	ELAP
GUUAG	0.290918442	0.625	ELAP
GUUAU	1.157143777	0.734375	ELAP
GUUCA	0.468272783	0.67578125	ELAP
GUUCC	3.993757739	0.83984375	ELAP
GUUCG	0.162266898	0.5625	ELAP
GUUCU	1.177691947	0.73828125	ELAP
GUUGA	0.708412551	0.71484375	ELAP
GUUGC	0.101805571	0.47265625	ELAP
GUUGG	0.236789431	0.59765625	ELAP
GUUGU	0.58060701	0.69921875	ELAP
GUUUA	5.102036629	0.87890625	ELAP
GUUUC	6.737738189	0.97265625	ELAP
GUUUG	6.482261604	0.96484375	ELAP
GUUUU	5.310813028	0.890625	ELAP
UAUAA	0.050268376	0.265625	ELAP
UAUAC	0.055777373	0.3125	ELAP
UAUAG	0.057308781	0.3203125	ELAP
UAUAU	0.06334004	0.3359375	ELAP
UAUCA	0.066595035	0.35546875	ELAP
UAUCC	0.310538781	0.62890625	ELAP
UAUCG	0.04338978	0.21484375	ELAP
UAUCU	0.122127134	0.51171875	ELAP
UAUGA	0.039043221	0.16015625	ELAP
UAUGC	0.027518995	0.046875	ELAP
UAUGG	0.035649927	0.125	ELAP
UAUGU	0.042710616	0.2109375	ELAP
UAUUA	3.126373917	0.80078125	ELAP
UAUUC	5.09343549	0.875	ELAP
UAUUG	2.617672798	0.78125	ELAP
UAUUU	2.69789789	0.78515625	ELAP
UCUAA	0.31424843	0.6328125	ELAP
UCUAC	0.389671072	0.65625	ELAP
UCUAG	0.051159215	0.27734375	ELAP
UCUAU	0.651818995	0.7109375	ELAP
UCUCA	0.247185019	0.609375	ELAP
UCUCC	0.478706031	0.68359375	ELAP
UCUCG	0.056395535	0.31640625	ELAP
UCUCU	0.278994457	0.6171875	ELAP
UCUGA	0.095740586	0.453125	ELAP
UCUGC	0.035236934	0.11328125	ELAP
UCUGG	0.028933899	0.05859375	ELAP
UCUGU	0.100912793	0.46484375	ELAP
UCUUA	6.209186162	0.9375	ELAP
UCUUC	7.591923431	1.0	ELAP
UCUUG	5.054440716	0.87109375	ELAP
UCUUU	5.192295846	0.8828125	ELAP
UGUAA	0.087850265	0.43359375	ELAP
UGUAC	0.066959578	0.359375	ELAP
UGUAG	0.06174473	0.328125	ELAP
UGUAU	0.089355581	0.44140625	ELAP
UGUCA	0.031928752	0.078125	ELAP
UGUCC	0.440046443	0.66796875	ELAP
UGUCG	0.089686248	0.4453125	ELAP
UGUCU	0.14112068	0.54296875	ELAP
UGUGA	0.054026392	0.296875	ELAP
UGUGC	0.047474688	0.234375	ELAP
UGUGG	0.055281543	0.30859375	ELAP
UGUGU	0.059867955	0.32421875	ELAP
UGUUA	4.950210729	0.8671875	ELAP
UGUUC	5.595373488	0.921875	ELAP
UGUUG	3.826457624	0.83203125	ELAP
UGUUU	4.335568392	0.8515625	ELAP
UUUAA	0.035649767	0.12109375	ELAP
UUUAC	0.040880631	0.19140625	ELAP
UUUAG	0.029412516	0.06640625	ELAP
UUUAU	0.030906044	0.07421875	ELAP
UUUCA	0.039595968	0.171875	ELAP
UUUCC	0.138051299	0.5390625	ELAP
UUUCG	0.037903334	0.15625	ELAP
UUUCU	0.080311829	0.41796875	ELAP
UUUGA	0.034021088	0.09765625	ELAP
UUUGC	0.019246658	0.015625	ELAP
UUUGG	0.025647279	0.03125	ELAP
UUUGU	0.037854243	0.15234375	ELAP
UUUUA	1.701816532	0.7578125	ELAP
UUUUC	2.216131773	0.7734375	ELAP
UUUUG	1.461837161	0.7421875	ELAP
UUUUU	1.777411561	0.76171875	ELAP
