C	mean_macro_target_AUROC	folds_used	selected	model
0.001	0.6116583986520963	5	True	P0_breadth
0.01	0.6116583986520963	5	False	P0_breadth
0.1	0.6116583986520963	5	False	P0_breadth
1.0	0.6116583986520963	5	False	P0_breadth
10.0	0.6116583986520963	5	False	P0_breadth
100.0	0.6116583986520963	5	False	P0_breadth
1000.0	0.6116583986520963	5	False	P0_breadth
0.001	0.6523131194366225	5	True	P1_provenance
0.01	0.6523131194366225	5	False	P1_provenance
0.1	0.6523131194366225	5	False	P1_provenance
1.0	0.6523131194366225	5	False	P1_provenance
10.0	0.6523131194366225	5	False	P1_provenance
100.0	0.6523131194366225	5	False	P1_provenance
1000.0	0.6523131194366225	5	False	P1_provenance
0.001	0.7316816959519584	5	False	P2_TRACEpsi
0.01	0.733695411043551	5	True	P2_TRACEpsi
0.1	0.730205909970185	5	False	P2_TRACEpsi
1.0	0.7284057810086318	5	False	P2_TRACEpsi
10.0	0.7280928746067055	5	False	P2_TRACEpsi
100.0	0.7281071534592474	5	False	P2_TRACEpsi
1000.0	0.7280968149152276	5	False	P2_TRACEpsi
0.001	0.6803818980996773	5	False	A_context_only
0.01	0.6895788462062853	5	False	A_context_only
0.1	0.6951391381515019	5	False	A_context_only
1.0	0.6956152694678873	5	False	A_context_only
10.0	0.695622779250674	5	False	A_context_only
100.0	0.6956335737239037	5	False	A_context_only
1000.0	0.6956414464998444	5	True	A_context_only
