analysis	n	positives	prevalence	AUROC	AUROC_CI_low	AUROC_CI_high	average_precision	Lift10	Precision10	K10	Lift10_CI_low	Lift10_CI_high	Lift20	Precision20	K20	Lift20_CI_low	Lift20_CI_high	bootstrap_replicates	top50_positives	top50_precision	top50_lift	top100_positives	top100_precision	top100_lift	top200_positives	top200_precision	top200_lift	held_target	model	selected_C	train_rows	train_loci	test_rows
HeLa_held_target_BACS_P0_breadth	942	206	0.21868365180467092	0.6039863866610385	0.5746108462408649	0.6354079137161286	0.33082638224167005	2.9362289218191107	0.6421052631578947	95	2.0927796879132505	3.0692028930193507	2.4194791185082445	0.5291005291005291	189	1.4303551594716113	1.9888583638583637	3000	38	0.76	3.4753398058252425	64	0.64	2.9266019417475726	102	0.51	2.3321359223300973	BACS	P0_breadth	0.001	1948	1331	942
HeLa_held_target_BACS_P1_provenance	942	206	0.21868365180467092	0.5387920799915575	0.49308137009395714	0.5864668822068363	0.3248555805840595	3.5138477261113947	0.7684210526315789	95	2.022623723487824	3.02014436281058	3.000154106950223	0.656084656084656	189	1.2902931150493264	1.866205304160165	3000	38	0.76	3.4753398058252425	78	0.78	3.5667961165048543	124	0.62	2.8351456310679612	BACS	P1_provenance	0.001	1948	1331	942
HeLa_held_target_BACS_P2_TRACEpsi	942	206	0.21868365180467092	0.7427316378218658	0.7049797932823307	0.7798610870475742	0.47136511183295404	2.9843638221768014	0.6526315789473685	95	2.490472091346557	3.3723751001870155	2.2017259978425026	0.48148148148148145	189	1.9256238628521234	2.5052525387259283	3000	33	0.66	3.0180582524271844	64	0.64	2.9266019417475726	94	0.47	2.1492233009708737	BACS	P2_TRACEpsi	0.001	1948	1331	942
HeLa_held_target_BACS_A_context_only	942	206	0.21868365180467092	0.6634128324187422	0.6161326113492948	0.708932919449874	0.42178862539886836	2.551149718957588	0.5578947368421052	95	2.131894736842105	3.0703713598717606	2.129141624287255	0.4656084656084656	189	1.8402930402930402	2.439612660122528	3000	31	0.62	2.8351456310679612	56	0.56	2.5607766990291263	89	0.445	2.034902912621359	BACS	A_context_only	0.01	1948	1331	942
HeLa_held_target_BID_P0_breadth	1084	153	0.1411439114391144	0.6198514493516705	0.5824503903983418	0.6582742738987227	0.2224958824540807	3.184985309108353	0.44954128440366975	109	2.2170184507092827	3.4078025292394836	4.636245896207946	0.6543778801843319	217	1.5588091681422056	2.290886253174396	3000	49	0.98	6.943267973856209	49	0.49	3.4716339869281043	125	0.625	4.428104575163399	BID	P0_breadth	0.001	1806	1331	1084
HeLa_held_target_BID_P1_provenance	1084	153	0.1411439114391144	0.5154728558089903	0.46157392791618873	0.5710454422908079	0.21885508460286257	3.184985309108353	0.44954128440366975	109	2.1814738088191774	3.384046890927625	2.318122948103973	0.3271889400921659	217	1.3780114861038109	2.108462571734461	3000	49	0.98	6.943267973856209	49	0.49	3.4716339869281043	71	0.355	2.51516339869281	BID	P1_provenance	0.001	1806	1331	1084
HeLa_held_target_BID_P2_TRACEpsi	1084	153	0.1411439114391144	0.6162113968394376	0.5659645762545238	0.6668532422104805	0.24391591710098268	2.404988906877736	0.3394495412844037	109	1.7665088685967676	2.9124847860022878	2.0242763772175536	0.2857142857142857	217	1.5610101925504125	2.24629186898834	3000	20	0.4	2.8339869281045753	33	0.33	2.3380392156862744	56	0.28	1.9837908496732028	BID	P2_TRACEpsi	0.1	1806	1331	1084
HeLa_held_target_BID_A_context_only	1084	153	0.1411439114391144	0.60187583805452	0.5493434625270563	0.6517684387541329	0.23883024588344523	2.664987707621275	0.3761467889908257	109	2.038334501324446	3.2321100917431194	1.7957290443058944	0.2534562211981567	217	1.462936142198815	2.164748282758021	3000	13	0.26	1.8420915032679739	40	0.4	2.8339869281045753	54	0.27	1.9129411764705884	BID	A_context_only	0.1	1806	1331	1084
HeLa_held_target_ELAP_P0_breadth	864	146	0.16898148148148148	0.6107051551112298	0.5709506579576077	0.6518681120174797	0.23780443820899222	2.516769012753897	0.42528735632183906	87	1.6677934838787771	2.7889077218038847	1.9497980837754374	0.32947976878612717	173	1.5199432153943337	2.227152007498828	3000	24	0.48	2.840547945205479	38	0.38	2.248767123287671	60	0.3	1.7753424657534245	ELAP	P0_breadth	0.001	2026	1331	864
HeLa_held_target_ELAP_P1_provenance	864	146	0.16898148148148148	0.5631653756629909	0.5128114066593069	0.6174112711617339	0.23908805058849503	2.516769012753897	0.42528735632183906	87	1.666003239990743	2.77580889874743	1.9497980837754374	0.32947976878612717	173	1.4419929984531465	2.162155924788142	3000	24	0.48	2.840547945205479	38	0.38	2.248767123287671	60	0.3	1.7753424657534245	ELAP	P1_provenance	0.001	2026	1331	864
HeLa_held_target_ELAP_P2_TRACEpsi	864	146	0.16898148148148148	0.6677414431258824	0.6205403600760245	0.7102956488337202	0.2755025068572842	2.1086443079829946	0.3563218390804598	87	1.5648902821316617	2.673740053050398	2.018212051627207	0.34104046242774566	173	1.6419352284424735	2.3328397512306305	3000	18	0.36	2.1304109589041094	36	0.36	2.1304109589041094	64	0.32	1.8936986301369862	ELAP	P2_TRACEpsi	0.01	2026	1331	864
HeLa_held_target_ELAP_A_context_only	864	146	0.16898148148148148	0.621198534742626	0.5688064542880833	0.6753236073786268	0.2621381621352671	1.9045819555975436	0.3218390804597701	87	1.3672713643178414	2.5557809330628802	2.018212051627207	0.34104046242774566	173	1.63	2.3564764308393715	3000	15	0.3	1.7753424657534245	35	0.35	2.0712328767123287	63	0.315	1.864109589041096	ELAP	A_context_only	1000.0	2026	1331	864
