model	feature	standardized_coefficient	training_weighted_mean	training_weighted_scale	selected_C
P0_breadth	source_breadth	0.20053248351926162	1.081642875031305	0.27381986047021417	0.001
P1_provenance	source_breadth	0.1904845186136038	1.081642875031305	0.27381986047021417	0.001
P1_provenance	source_BID	0.07613369435749968	0.26220886551465067	0.43983562425089046	0.001
P1_provenance	source_BACS	0.054537223837698656	0.39544202354119706	0.4889454259514455	0.001
P2_TRACEpsi	source_breadth	0.3628898702579657	1.081642875031305	0.27381986047021417	0.01
P2_TRACEpsi	source_BID	0.20321107825526288	0.26220886551465067	0.43983562425089046	0.01
P2_TRACEpsi	source_BACS	0.07425061986078581	0.39544202354119706	0.4889454259514455	0.01
P2_TRACEpsi	fp_crosscell_ELAPvsBID	0.2380486481504122	0.12054201560143397	1.644691021989333	0.01
P2_TRACEpsi	fp_abs	-0.16520413524666247	1.2022263567862883	1.128800568030483	0.01
P2_TRACEpsi	fp_source_alignment	-0.24922479464669914	0.5336621200098427	1.3086941338205529	0.01
P2_TRACEpsi	fp_seen_in_HEK	0.057775526797865184	0.9571750563486101	0.20246226278653814	0.01
P2_TRACEpsi	motif_-2_A	-0.05832157666659149	0.15477084898572507	0.361686097728352	0.01
P2_TRACEpsi	motif_-2_C	-0.06548976112070083	0.18256949661908345	0.38631318321193486	0.01
P2_TRACEpsi	motif_-2_G	-0.07986689897344537	0.38842975206611574	0.4873931470342721	0.01
P2_TRACEpsi	motif_-1_A	-0.012887136278981104	0.2569496619083397	0.43695140822925566	0.01
P2_TRACEpsi	motif_-1_C	0.019780067923886663	0.30428249436513904	0.46010287761333146	0.01
P2_TRACEpsi	motif_-1_G	-0.006992258961473574	0.43876784372652156	0.496236458795704	0.01
P2_TRACEpsi	motif_+1_A	0.033468533234959505	0.3057851239669422	0.4607391690831853	0.01
P2_TRACEpsi	motif_+1_C	-0.021269363754219447	0.2900075131480091	0.4537655291730702	0.01
P2_TRACEpsi	motif_+1_G	-0.011755682790653999	0.4042073628850489	0.4907379857669094	0.01
P2_TRACEpsi	motif_+2_A	-0.015455970776906771	0.2479338842975207	0.4318132389293597	0.01
P2_TRACEpsi	motif_+2_C	-0.18845955810643789	0.23365890308039072	0.4231576775761718	0.01
P2_TRACEpsi	motif_+2_G	0.11147150418593357	0.3110443275732533	0.46292089373645257	0.01
A_context_only	source_breadth	0.41641548339229884	1.081642875031305	0.27381986047021417	1000.0
A_context_only	source_BID	0.2734647332103782	0.26220886551465067	0.43983562425089046	1000.0
A_context_only	source_BACS	0.1702302938836893	0.39544202354119706	0.4889454259514455	1000.0
A_context_only	motif_-2_A	-0.2190763048032167	0.15477084898572507	0.361686097728352	1000.0
A_context_only	motif_-2_C	-0.18883698224498696	0.18256949661908345	0.38631318321193486	1000.0
A_context_only	motif_-2_G	-0.2680398236876675	0.38842975206611574	0.4873931470342721	1000.0
A_context_only	motif_-1_A	0.03655068233982817	0.2569496619083397	0.43695140822925566	1000.0
A_context_only	motif_-1_C	0.0682862834355104	0.30428249436513904	0.46010287761333146	1000.0
A_context_only	motif_-1_G	-0.09549799655054197	0.43876784372652156	0.496236458795704	1000.0
A_context_only	motif_+1_A	0.0908751585133735	0.3057851239669422	0.4607391690831853	1000.0
A_context_only	motif_+1_C	-0.03856971993661202	0.2900075131480091	0.4537655291730702	1000.0
A_context_only	motif_+1_G	-0.04965610234671118	0.4042073628850489	0.4907379857669094	1000.0
A_context_only	motif_+2_A	-0.015592776507438547	0.2479338842975207	0.4318132389293597	1000.0
A_context_only	motif_+2_C	-0.35138675075614645	0.23365890308039072	0.4231576775761718	1000.0
A_context_only	motif_+2_G	-0.06370709972379601	0.3110443275732533	0.46292089373645257	1000.0
