analysis	n	positives	prevalence	AUROC	AUROC_CI_low	AUROC_CI_high	average_precision	Lift10	Precision10	K10	Lift10_CI_low	Lift10_CI_high	Lift20	Precision20	K20	Lift20_CI_low	Lift20_CI_high	bootstrap_replicates	top50_positives	top50_precision	top50_lift	top100_positives	top100_precision	top100_lift	top200_positives	top200_precision	top200_lift	model	target
HEK_all_P0_breadth	1131	138	0.1220159151193634	0.5	0.5	0.5	0.1220159151193634	0.7189168573607932	0.08771929824561403	114	0.5473549523414837	1.4759026820171586	0.6859796973759816	0.08370044052863436	227	0.696067634102099	1.3074327490861375	3000	6	0.12	0.9834782608695651	8	0.08	0.6556521739130435	17	0.085	0.6966304347826088	P0_breadth	combined
HEK_BID_P0_breadth	787	69	0.08767471410419314	0.5	0.5	0.5	0.08767471410419314	1.1550174279948633	0.10126582278481013	79	0.3622554660529344	1.7122231012658227	0.7940744817464684	0.06962025316455696	158	0.5623723968966926	1.4787907196159769	3000	6	0.12	1.3686956521739129	8	0.08	0.912463768115942	17	0.085	0.9694927536231884	P0_breadth	BID
HEK_ELAP_P0_breadth	344	69	0.2005813953488372	0.5	0.5	0.5	0.2005813953488372	1.139544513457557	0.22857142857142856	35	0.42122448979591837	1.659369202226345	0.867044738500315	0.17391304347826086	69	0.5914730636465889	1.4352537906701504	3000	10	0.2	0.9971014492753624	18	0.18	0.8973913043478261	40	0.2	0.9971014492753624	P0_breadth	ELAP
HEK_all_P1_provenance	1131	138	0.1220159151193634	0.6115307150050352	0.5673845307436406	0.6564492457564747	0.1612986552341003	1.365942028985507	0.16666666666666666	114	1.117865085248332	2.2224739511823044	1.6246887569431143	0.19823788546255505	227	1.2946338756113633	2.012803662505642	3000	10	0.2	1.6391304347826088	18	0.18	1.4752173913043478	40	0.2	1.6391304347826088	P1_provenance	combined
HEK_BID_P1_provenance	787	69	0.08767471410419314	0.5	0.5	0.5	0.08767471410419314	1.1550174279948633	0.10126582278481013	79	0.37830475885274795	1.7122231012658227	0.7940744817464684	0.06962025316455696	158	0.5612189394277055	1.4758556024378808	3000	6	0.12	1.3686956521739129	8	0.08	0.912463768115942	17	0.085	0.9694927536231884	P1_provenance	BID
HEK_ELAP_P1_provenance	344	69	0.2005813953488372	0.5	0.5	0.5	0.2005813953488372	1.139544513457557	0.22857142857142856	35	0.40391389432485325	1.6892857142857143	0.867044738500315	0.17391304347826086	69	0.586530264279625	1.4244306418219461	3000	10	0.2	0.9971014492753624	18	0.18	0.8973913043478261	40	0.2	0.9971014492753624	P1_provenance	ELAP
HEK_all_P2_TRACEpsi	1131	138	0.1220159151193634	0.7163222266006977	0.6696200153318999	0.762452822406463	0.3052675604791062	3.16323417238749	0.38596491228070173	114	2.5361681070713664	3.858187134502924	2.346772648917832	0.28634361233480177	227	2.014932625032392	2.7489330396475777	3000	23	0.46	3.77	41	0.41	3.3602173913043476	63	0.315	2.5816304347826087	P2_TRACEpsi	combined
HEK_BID_P2_TRACEpsi	787	69	0.08767471410419314	0.6136914133462515	0.5396735682951628	0.6823922736752671	0.15325791884023718	2.5987892129884425	0.22784810126582278	79	1.6331189043369996	3.516234320407814	1.732526141992295	0.1518987341772152	158	1.2248391782527497	2.2990718873984513	3000	15	0.3	3.421739130434782	20	0.2	2.281159420289855	26	0.13	1.4827536231884058	P2_TRACEpsi	BID
HEK_ELAP_P2_TRACEpsi	344	69	0.2005813953488372	0.7624242424242424	0.704049486442164	0.8170879070389121	0.41874083039224247	1.8517598343685302	0.37142857142857144	35	1.2680895325872283	2.90023419203747	2.1676118462507876	0.43478260869565216	69	1.7554277894959667	2.761204013377926	3000	23	0.46	2.2933333333333334	40	0.4	1.9942028985507247	61	0.305	1.5205797101449274	P2_TRACEpsi	ELAP
HEK_all_A_context_only	1131	138	0.1220159151193634	0.671176496343973	0.6163029437654073	0.7218786954402413	0.24583029693595118	2.300533943554538	0.2807017543859649	114	1.619763694951665	2.92635365391897	2.2384600651216244	0.27312775330396477	227	1.8079717503832327	2.5678713518722467	3000	19	0.38	3.1143478260869566	31	0.31	2.540652173913043	54	0.27	2.2128260869565217	A_context_only	combined
HEK_BID_A_context_only	787	69	0.08767471410419314	0.5713233216260949	0.500069167515293	0.6451735855735722	0.12739862239453767	1.732526141992295	0.1518987341772152	79	0.9339398734177216	2.717226145624794	1.660337552742616	0.14556962025316456	158	1.1068917018284108	2.1749179610893212	3000	7	0.14	1.5968115942028986	19	0.19	2.1671014492753624	26	0.13	1.4827536231884058	A_context_only	BID
HEK_ELAP_A_context_only	344	69	0.2005813953488372	0.7046903820816864	0.6368975283032549	0.7688067836638132	0.3352537953348737	1.8517598343685302	0.37142857142857144	35	1.2480725623582767	2.7686116700201207	1.8063432052089898	0.36231884057971014	69	1.286582515194016	2.266139657444005	3000	19	0.38	1.8944927536231884	28	0.28	1.3959420289855073	62	0.31	1.5455072463768116	A_context_only	ELAP
