C	mean_macro_target_AUROC	folds_used	selected	held_target	model
0.001	0.6186109178809079	5	True	BACS	P0_breadth
0.01	0.6186109178809079	5	False	BACS	P0_breadth
0.1	0.6186109178809079	5	False	BACS	P0_breadth
1.0	0.6186109178809079	5	False	BACS	P0_breadth
10.0	0.6186109178809079	5	False	BACS	P0_breadth
100.0	0.6186109178809079	5	False	BACS	P0_breadth
1000.0	0.6186109178809079	5	False	BACS	P0_breadth
0.001	0.6944243900522812	5	True	BACS	P1_provenance
0.01	0.6944243900522812	5	False	BACS	P1_provenance
0.1	0.6944243900522812	5	False	BACS	P1_provenance
1.0	0.6944243900522812	5	False	BACS	P1_provenance
10.0	0.6944243900522812	5	False	BACS	P1_provenance
100.0	0.6944243900522812	5	False	BACS	P1_provenance
1000.0	0.6944243900522812	5	False	BACS	P1_provenance
0.001	0.7360949037825335	5	True	BACS	P2_TRACEpsi
0.01	0.7360442551491657	5	False	BACS	P2_TRACEpsi
0.1	0.7317610199187519	5	False	BACS	P2_TRACEpsi
1.0	0.7288347407616638	5	False	BACS	P2_TRACEpsi
10.0	0.7290611953324142	5	False	BACS	P2_TRACEpsi
100.0	0.7288185406420967	5	False	BACS	P2_TRACEpsi
1000.0	0.7288298726816265	5	False	BACS	P2_TRACEpsi
0.001	0.7218741406530211	5	False	BACS	A_context_only
0.01	0.7235321869613446	5	True	BACS	A_context_only
0.1	0.721872600166724	5	False	BACS	A_context_only
1.0	0.7209831845056291	5	False	BACS	A_context_only
10.0	0.7212734247015191	5	False	BACS	A_context_only
100.0	0.7210827562151991	5	False	BACS	A_context_only
1000.0	0.721179085119305	5	False	BACS	A_context_only
0.001	0.6047535134365501	5	True	BID	P0_breadth
0.01	0.6047535134365501	5	False	BID	P0_breadth
0.1	0.6047535134365501	5	False	BID	P0_breadth
1.0	0.6047535134365501	5	False	BID	P0_breadth
10.0	0.6047535134365501	5	False	BID	P0_breadth
100.0	0.6047535134365501	5	False	BID	P0_breadth
1000.0	0.6047535134365501	5	False	BID	P0_breadth
0.001	0.6147489939338655	5	True	BID	P1_provenance
0.01	0.6147489939338655	5	False	BID	P1_provenance
0.1	0.6147489939338655	5	False	BID	P1_provenance
1.0	0.6147489939338655	5	False	BID	P1_provenance
10.0	0.6147489939338655	5	False	BID	P1_provenance
100.0	0.6147489939338655	5	False	BID	P1_provenance
1000.0	0.6147489939338655	5	False	BID	P1_provenance
0.001	0.7115493343194905	5	False	BID	P2_TRACEpsi
0.01	0.7177042469556396	5	False	BID	P2_TRACEpsi
0.1	0.7202994013511015	5	True	BID	P2_TRACEpsi
1.0	0.7191784480910335	5	False	BID	P2_TRACEpsi
10.0	0.719526217593864	5	False	BID	P2_TRACEpsi
100.0	0.7195661334408141	5	False	BID	P2_TRACEpsi
1000.0	0.7196772445519253	5	False	BID	P2_TRACEpsi
0.001	0.6500638196386455	5	False	BID	A_context_only
0.01	0.657469705212199	5	False	BID	A_context_only
0.1	0.6631530896026849	5	True	BID	A_context_only
1.0	0.6624921548136167	5	False	BID	A_context_only
10.0	0.6621315436758556	5	False	BID	A_context_only
100.0	0.6620799052179954	5	False	BID	A_context_only
1000.0	0.6620799052179954	5	False	BID	A_context_only
0.001	0.6123118807938894	5	True	ELAP	P0_breadth
0.01	0.6123118807938894	5	False	ELAP	P0_breadth
0.1	0.6123118807938894	5	False	ELAP	P0_breadth
1.0	0.6123118807938894	5	False	ELAP	P0_breadth
10.0	0.6123118807938894	5	False	ELAP	P0_breadth
100.0	0.6123118807938894	5	False	ELAP	P0_breadth
1000.0	0.6123118807938894	5	False	ELAP	P0_breadth
0.001	0.6210470992982644	5	True	ELAP	P1_provenance
0.01	0.6074340456852108	5	False	ELAP	P1_provenance
0.1	0.6074340456852108	5	False	ELAP	P1_provenance
1.0	0.6074340456852108	5	False	ELAP	P1_provenance
10.0	0.6074340456852108	5	False	ELAP	P1_provenance
100.0	0.6074340456852108	5	False	ELAP	P1_provenance
1000.0	0.6074340456852108	5	False	ELAP	P1_provenance
0.001	0.735959302948363	5	False	ELAP	P2_TRACEpsi
0.01	0.7367979425936273	5	True	ELAP	P2_TRACEpsi
0.1	0.7345341440869563	5	False	ELAP	P2_TRACEpsi
1.0	0.732731736088182	5	False	ELAP	P2_TRACEpsi
10.0	0.7324010299215902	5	False	ELAP	P2_TRACEpsi
100.0	0.7324658009683446	5	False	ELAP	P2_TRACEpsi
1000.0	0.7324658009683446	5	False	ELAP	P2_TRACEpsi
0.001	0.6855878905948517	5	False	ELAP	A_context_only
0.01	0.6842707017491375	5	False	ELAP	A_context_only
0.1	0.6905045847460969	5	False	ELAP	A_context_only
1.0	0.6915873877867135	5	False	ELAP	A_context_only
10.0	0.6923086665949084	5	False	ELAP	A_context_only
100.0	0.6927383950184625	5	False	ELAP	A_context_only
1000.0	0.6929705378756053	5	True	ELAP	A_context_only
