train_cell	test_cell	condition	AUROC	CI_low	CI_high	direction	condition_index	y
"HEK293T"	"HeLa"	"Full"	0.733502002951718	0.624346419836009	0.821203856081657	"HEK293T to HeLa"	5	5.12
"HeLa"	"HEK293T"	"Full"	0.820388744307092	0.698367399232056	0.897655511104481	"HeLa to HEK293T"	5	4.88
"HEK293T"	"HeLa"	"Calibration-residual"	0.725419917070771	0.613824849427908	0.817020929214778	"HEK293T to HeLa"	4	4.12
"HeLa"	"HEK293T"	"Calibration-residual"	0.785357026675342	0.656488102755276	0.878902583174633	"HeLa to HEK293T"	4	3.88
"HEK293T"	"HeLa"	"Gene-disjoint"	0.72894656019656	0.617105746296578	0.816048674829122	"HEK293T to HeLa"	3	3.12
"HeLa"	"HEK293T"	"Gene-disjoint"	0.802595520421608	0.669558707643814	0.889781915160392	"HeLa to HEK293T"	3	2.88
"HEK293T"	"HeLa"	"High-confidence"	0.739594587642126	0.623795452340744	0.836246863665225	"HEK293T to HeLa"	2	2.12
"HeLa"	"HEK293T"	"High-confidence"	0.796957334693184	0.672105421769936	0.884277839697425	"HeLa to HEK293T"	2	1.88
"HEK293T"	"HeLa"	"PUS7-like excluded"	0.735313644688645	0.607841671770094	0.827104980665412	"HEK293T to HeLa"	1	1.12
"HeLa"	"HEK293T"	"PUS7-like excluded"	0.834633319914117	0.707234792298865	0.908808358939938	"HeLa to HEK293T"	1	0.88
