threshold	false_positive_rate	true_positive_rate
Inf	0	0
-1.17733350290492	0.00556328233657858	0.0952380952380952
-1.23352812631727	0.0208623087621697	0.333333333333333
-1.26293728492988	0.0222531293463143	0.333333333333333
-1.33146693241855	0.0222531293463143	0.357142857142857
-1.39902240476027	0.0222531293463143	0.380952380952381
-1.40129312023011	0.0250347705146036	0.380952380952381
-1.4024274538254	0.0264255910987483	0.428571428571429
-1.4286374876082	0.0278164116828929	0.428571428571429
-1.44293473382246	0.0778859527121001	0.452380952380952
-1.46584663636037	0.0792767732962448	0.523809523809524
-1.47483015975719	0.0806675938803894	0.595238095238095
-1.48623710553067	0.105702364394993	0.595238095238095
-1.4865111049982	0.112656467315716	0.595238095238095
-1.48876455230332	0.114047287899861	0.595238095238095
-1.49329702534726	0.11682892906815	0.595238095238095
-1.49478335097809	0.118219749652295	0.595238095238095
-1.55609012941385	0.119610570236439	0.595238095238095
-1.55958119802949	0.140472878998609	0.595238095238095
-1.56350192819568	0.354659248956885	0.619047619047619
-1.56350192819569	0.356050069541029	0.619047619047619
-1.58369343693269	0.357440890125174	0.619047619047619
-1.59062237167317	0.360222531293463	0.619047619047619
-1.62096557492735	0.361613351877608	0.619047619047619
-1.62775460780974	0.361613351877608	0.642857142857143
-1.63609548361482	0.381084840055633	0.642857142857143
-1.65541656852858	0.383866481223922	0.642857142857143
-1.67323823732869	0.383866481223922	0.666666666666667
-1.67859928035642	0.403337969401947	0.690476190476191
-1.68356762332854	0.404728789986092	0.690476190476191
-1.69316042391144	0.406119610570236	0.690476190476191
-1.69740671314304	0.407510431154381	0.690476190476191
-1.69933852520772	0.41307371349096	0.690476190476191
-1.72029014397817	0.454798331015299	0.738095238095238
-1.76014742017448	0.457579972183588	0.761904761904762
-1.76255889359729	0.461752433936022	0.785714285714286
-1.77195576002477	0.467315716272601	0.785714285714286
-1.81769177201224	0.47009735744089	0.785714285714286
-1.94699017448132	0.472878998609179	0.785714285714286
-1.9622549090731	0.474269819193324	0.785714285714286
-1.98517282501605	0.474269819193324	0.80952380952381
-2.04207032436445	0.477051460361613	0.80952380952381
-2.05034622054033	0.477051460361613	0.833333333333333
-2.08300725625456	0.482614742698192	0.857142857142857
-2.12287320570045	0.488178025034771	0.857142857142857
-2.12853280090308	0.493741307371349	0.857142857142857
-2.21574750167348	0.504867872044506	0.857142857142857
-2.25499621088555	0.506258692628651	0.857142857142857
-2.31936488669774	0.515994436717663	0.857142857142857
-2.44170967201182	0.518776077885953	0.857142857142857
-2.44869137071282	0.645340751043115	0.857142857142857
-2.50089678304599	0.649513212795549	0.857142857142857
-2.56442075108792	0.698191933240612	0.928571428571429
-2.63097876865493	0.707927677329625	0.928571428571429
-3.09119398595536	0.710709318497914	0.928571428571429
-3.09381028692862	0.72461752433936	0.928571428571429
-3.21762468667604	0.771905424200278	0.928571428571429
-3.22590058285192	0.788595271210014	0.952380952380952
-3.42606771000597	0.973574408901252	1
-3.61611002000725	0.974965229485396	1
-4.09134525584272	1	1
