motif	train_cell	test_cell	n_BID	n_ELAP	n_total	human_motif_log_ratio	calibration_contrast	training_map
AAUAA	HEK293T	HeLa	0	5	5	1.67387085367399	-0.1953125	HEK293T map
AAUAC	HEK293T	HeLa	0	2	2	0.885413493309716	0.32421875	HEK293T map
AAUAG	HEK293T	HeLa	0	3	3	1.22188572993093	0.125	HEK293T map
AAUAU	HEK293T	HeLa	0	2	2	0.885413493309716	0.2421875	HEK293T map
AAUCA	HEK293T	HeLa	0	3	3	1.22188572993093	0.02734375	HEK293T map
AAUCC	HEK293T	HeLa	0	8	8	2.10918892493183	0.3359375	HEK293T map
AAUCG	HEK293T	HeLa	0	1	1	0.374587869543726	-0.140625	HEK293T map
AAUCU	HEK293T	HeLa	0	3	3	1.22188572993093	0.234375	HEK293T map
AAUGA	HEK293T	HeLa	0	1	1	0.374587869543726	-0.51171875	HEK293T map
AAUGC	HEK293T	HeLa	0	3	3	1.22188572993093	-0.0078125	HEK293T map
AAUGG	HEK293T	HeLa	2	6	8	0.231487025903052	-0.1484375	HEK293T map
AAUGU	HEK293T	HeLa	0	2	2	0.885413493309716	-0.08984375	HEK293T map
ACUAC	HEK293T	HeLa	0	2	2	0.885413493309716	-0.6328125	HEK293T map
ACUAU	HEK293T	HeLa	1	7	8	0.885413493309716	-0.07421875	HEK293T map
ACUCA	HEK293T	HeLa	0	6	6	1.84092493833715	-0.41015625	HEK293T map
ACUCG	HEK293T	HeLa	0	1	1	0.374587869543726	-0.6328125	HEK293T map
ACUCU	HEK293T	HeLa	0	8	8	2.10918892493183	-0.296875	HEK293T map
ACUGA	HEK293T	HeLa	0	4	4	1.47320015821184	-0.1640625	HEK293T map
ACUGC	HEK293T	HeLa	0	1	1	0.374587869543726	-0.12109375	HEK293T map
ACUGU	HEK293T	HeLa	0	4	4	1.47320015821184	-0.16796875	HEK293T map
AGUAA	HEK293T	HeLa	0	1	1	0.374587869543726	-0.234375	HEK293T map
AGUAC	HEK293T	HeLa	0	1	1	0.374587869543726	0.0390625	HEK293T map
AGUAU	HEK293T	HeLa	1	0	1	-1.82263670779249	-0.3125	HEK293T map
AGUCA	HEK293T	HeLa	0	2	2	0.885413493309716	-0.64453125	HEK293T map
AGUCC	HEK293T	HeLa	4	0	4	-2.9212489964606	-0.0078125	HEK293T map
AGUCG	HEK293T	HeLa	5	0	5	-3.12191969192276	-0.5859375	HEK293T map
AGUCU	HEK293T	HeLa	0	3	3	1.22188572993093	-0.6875	HEK293T map
AGUGA	HEK293T	HeLa	0	3	3	1.22188572993093	-0.6796875	HEK293T map
AGUGC	HEK293T	HeLa	0	2	2	0.885413493309716	0.01953125	HEK293T map
AGUGG	HEK293T	HeLa	7	0	7	-3.43207462022659	-0.546875	HEK293T map
AGUGU	HEK293T	HeLa	0	1	1	0.374587869543726	-0.6484375	HEK293T map
CAUAA	HEK293T	HeLa	0	2	2	0.885413493309716	-0.18359375	HEK293T map
CAUAG	HEK293T	HeLa	0	7	7	1.98402578197783	0.234375	HEK293T map
CAUAU	HEK293T	HeLa	0	7	7	1.98402578197783	0.19140625	HEK293T map
CAUCA	HEK293T	HeLa	0	1	1	0.374587869543726	-0.2734375	HEK293T map
CAUCC	HEK293T	HeLa	0	10	10	2.32049801859904	0.578125	HEK293T map
CAUCU	HEK293T	HeLa	0	6	6	1.84092493833715	-0.0703125	HEK293T map
CAUGA	HEK293T	HeLa	0	5	5	1.67387085367399	-0.53125	HEK293T map
CAUGC	HEK293T	HeLa	0	5	5	1.67387085367399	0.5625	HEK293T map
CAUGG	HEK293T	HeLa	0	6	6	1.84092493833715	-0.40234375	HEK293T map
CAUGU	HEK293T	HeLa	0	4	4	1.47320015821184	-0.421875	HEK293T map
CCUAC	HEK293T	HeLa	0	1	1	0.374587869543726	-0.109375	HEK293T map
CCUAU	HEK293T	HeLa	2	1	3	-1.23485004289037	-0.05078125	HEK293T map
CCUCG	HEK293T	HeLa	1	0	1	-1.82263670779249	-0.0859375	HEK293T map
CCUCU	HEK293T	HeLa	1	1	2	-0.724024419124384	0.00390625	HEK293T map
CCUGA	HEK293T	HeLa	0	2	2	0.885413493309716	-0.12890625	HEK293T map
CCUGC	HEK293T	HeLa	0	2	2	0.885413493309716	-0.0078125	HEK293T map
CCUGG	HEK293T	HeLa	0	1	1	0.374587869543726	-0.12890625	HEK293T map
CCUGU	HEK293T	HeLa	0	5	5	1.67387085367399	-0.09375	HEK293T map
CGUAA	HEK293T	HeLa	2	2	4	-0.724024419124384	0.2890625	HEK293T map
CGUAC	HEK293T	HeLa	0	2	2	0.885413493309716	0.55078125	HEK293T map
CGUAU	HEK293T	HeLa	1	0	1	-1.82263670779249	0.390625	HEK293T map
CGUCA	HEK293T	HeLa	0	1	1	0.374587869543726	0.22265625	HEK293T map
CGUCC	HEK293T	HeLa	1	1	2	-0.724024419124384	0.6640625	HEK293T map
CGUCG	HEK293T	HeLa	1	2	3	-0.213198795358394	0.25390625	HEK293T map
CGUGA	HEK293T	HeLa	1	5	6	0.575258565005877	0.16015625	HEK293T map
CGUGC	HEK293T	HeLa	1	7	8	0.885413493309716	-0.0078125	HEK293T map
CGUGG	HEK293T	HeLa	7	0	7	-3.43207462022659	0.04296875	HEK293T map
CGUGU	HEK293T	HeLa	0	2	2	0.885413493309716	-0.01953125	HEK293T map
GAUAA	HEK293T	HeLa	0	4	4	1.47320015821184	-0.45703125	HEK293T map
GAUAC	HEK293T	HeLa	0	3	3	1.22188572993093	0.17578125	HEK293T map
GAUAG	HEK293T	HeLa	0	2	2	0.885413493309716	0.203125	HEK293T map
GAUAU	HEK293T	HeLa	0	6	6	1.84092493833715	0.2109375	HEK293T map
GAUCA	HEK293T	HeLa	1	2	3	-0.213198795358394	0.20703125	HEK293T map
GAUCC	HEK293T	HeLa	1	7	8	0.885413493309716	0.34375	HEK293T map
GAUCG	HEK293T	HeLa	1	4	5	0.374587869543725	0.15625	HEK293T map
GAUCU	HEK293T	HeLa	0	5	5	1.67387085367399	0.2578125	HEK293T map
GAUGA	HEK293T	HeLa	1	2	3	-0.213198795358394	-0.31640625	HEK293T map
GAUGC	HEK293T	HeLa	2	2	4	-0.724024419124384	0.24609375	HEK293T map
GAUGG	HEK293T	HeLa	0	4	4	1.47320015821184	-0.19921875	HEK293T map
GAUGU	HEK293T	HeLa	0	5	5	1.67387085367399	0.0390625	HEK293T map
GCUAA	HEK293T	HeLa	0	4	4	1.47320015821184	-0.28125	HEK293T map
GCUAC	HEK293T	HeLa	0	7	7	1.98402578197783	-0.140625	HEK293T map
GCUAG	HEK293T	HeLa	1	1	2	-0.724024419124384	-0.70703125	HEK293T map
GCUAU	HEK293T	HeLa	0	5	5	1.67387085367399	-0.04296875	HEK293T map
GCUCA	HEK293T	HeLa	0	1	1	0.374587869543726	0.07421875	HEK293T map
GCUCC	HEK293T	HeLa	0	3	3	1.22188572993093	0.421875	HEK293T map
GCUCG	HEK293T	HeLa	1	2	3	-0.213198795358394	0.04296875	HEK293T map
GCUCU	HEK293T	HeLa	3	3	6	-0.724024419124384	0.26953125	HEK293T map
GCUGA	HEK293T	HeLa	2	13	15	0.962374534445845	-0.25390625	HEK293T map
GCUGC	HEK293T	HeLa	4	5	9	-0.523353723662233	-0.203125	HEK293T map
GCUGG	HEK293T	HeLa	0	3	3	1.22188572993093	-0.46875	HEK293T map
GCUGU	HEK293T	HeLa	2	5	7	0.0644329412398861	-0.26171875	HEK293T map
GGUAA	HEK293T	HeLa	0	12	12	2.49485140574382	-0.66796875	HEK293T map
GGUAC	HEK293T	HeLa	0	11	11	2.41146979680477	-0.6640625	HEK293T map
GGUAG	HEK293T	HeLa	0	1	1	0.374587869543726	-0.66796875	HEK293T map
GGUAU	HEK293T	HeLa	0	20	20	2.98954764757992	-0.41796875	HEK293T map
GGUCA	HEK293T	HeLa	2	2	4	-0.724024419124384	-0.57421875	HEK293T map
GGUCC	HEK293T	HeLa	10	0	10	-3.76854685684781	-0.12109375	HEK293T map
GGUCG	HEK293T	HeLa	5	0	5	-3.12191969192276	-0.21484375	HEK293T map
GGUCU	HEK293T	HeLa	1	3	4	0.123273441262819	-0.1875	HEK293T map
GGUGA	HEK293T	HeLa	1	16	17	1.67387085367399	-0.109375	HEK293T map
GGUGC	HEK293T	HeLa	7	13	20	-0.136237754222265	-0.046875	HEK293T map
GGUGG	HEK293T	HeLa	34	1	35	-3.85951863505353	-0.4453125	HEK293T map
GGUGU	HEK293T	HeLa	3	11	14	0.465559647749452	-0.046875	HEK293T map
UAUAA	HEK293T	HeLa	0	1	1	0.374587869543726	-0.37109375	HEK293T map
UAUAC	HEK293T	HeLa	0	4	4	1.47320015821184	0.23828125	HEK293T map
UAUAG	HEK293T	HeLa	0	9	9	2.22041456004206	0.26171875	HEK293T map
UAUAU	HEK293T	HeLa	0	1	1	0.374587869543726	0.26953125	HEK293T map
UAUCA	HEK293T	HeLa	0	3	3	1.22188572993093	-0.0546875	HEK293T map
UAUCC	HEK293T	HeLa	0	10	10	2.32049801859904	0.53125	HEK293T map
UAUCG	HEK293T	HeLa	1	0	1	-1.82263670779249	-0.01171875	HEK293T map
UAUCU	HEK293T	HeLa	0	1	1	0.374587869543726	0.265625	HEK293T map
UAUGA	HEK293T	HeLa	0	1	1	0.374587869543726	-0.46875	HEK293T map
UAUGC	HEK293T	HeLa	0	5	5	1.67387085367399	0.04296875	HEK293T map
UAUGG	HEK293T	HeLa	0	1	1	0.374587869543726	-0.140625	HEK293T map
UCUAC	HEK293T	HeLa	0	1	1	0.374587869543726	-0.28125	HEK293T map
UCUAG	HEK293T	HeLa	3	8	11	0.163278775876519	-0.33984375	HEK293T map
UCUCU	HEK293T	HeLa	0	2	2	0.885413493309716	-0.1953125	HEK293T map
UCUGA	HEK293T	HeLa	1	0	1	-1.82263670779249	-0.3125	HEK293T map
UCUGC	HEK293T	HeLa	0	1	1	0.374587869543726	-0.1015625	HEK293T map
UCUGU	HEK293T	HeLa	0	1	1	0.374587869543726	0.03125	HEK293T map
UGUAA	HEK293T	HeLa	0	2	2	0.885413493309716	-0.14453125	HEK293T map
UGUAC	HEK293T	HeLa	0	4	4	1.47320015821184	0.19921875	HEK293T map
UGUAG	HEK293T	HeLa	12	30	42	0.167973620180726	-0.078125	HEK293T map
UGUAU	HEK293T	HeLa	0	2	2	0.885413493309716	-0.06640625	HEK293T map
UGUCA	HEK293T	HeLa	1	4	5	0.374587869543725	-0.4375	HEK293T map
UGUCC	HEK293T	HeLa	5	0	5	-3.12191969192276	-0.15625	HEK293T map
UGUCG	HEK293T	HeLa	0	1	1	0.374587869543726	-0.38671875	HEK293T map
UGUCU	HEK293T	HeLa	1	4	5	0.374587869543725	-0.4296875	HEK293T map
UGUGA	HEK293T	HeLa	1	3	4	0.123273441262819	-0.4921875	HEK293T map
UGUGC	HEK293T	HeLa	1	1	2	-0.724024419124384	0.0234375	HEK293T map
UGUGG	HEK293T	HeLa	13	2	15	-2.41042337269461	-0.35546875	HEK293T map
UGUGU	HEK293T	HeLa	0	1	1	0.374587869543726	-0.4375	HEK293T map
AAUAA	HeLa	HEK293T	0	3	3	1.62225860086316	-0.1953125	HeLa map
AAUAC	HeLa	HEK293T	0	1	1	0.774960740475958	0.32421875	HeLa map
AAUAG	HeLa	HEK293T	0	2	2	1.28578636424195	0.125	HeLa map
AAUAU	HeLa	HEK293T	0	1	1	0.774960740475958	0.2421875	HeLa map
AAUCA	HeLa	HEK293T	1	3	4	0.523646312195052	0.02734375	HeLa map
AAUCC	HeLa	HEK293T	0	2	2	1.28578636424195	0.3359375	HeLa map
AAUCU	HeLa	HEK293T	0	2	2	1.28578636424195	0.234375	HeLa map
AAUGA	HeLa	HEK293T	2	3	5	0.0128206884290609	-0.51171875	HeLa map
AAUGC	HeLa	HEK293T	1	1	2	-0.323651548192151	-0.0078125	HeLa map
AAUGG	HeLa	HEK293T	3	1	4	-1.17094940857936	-0.1484375	HeLa map
AAUGU	HeLa	HEK293T	0	1	1	0.774960740475958	-0.08984375	HeLa map
ACUAA	HeLa	HEK293T	0	1	1	0.774960740475958	-0.33984375	HeLa map
ACUAC	HeLa	HEK293T	0	2	2	1.28578636424195	-0.6328125	HeLa map
ACUAU	HeLa	HEK293T	1	6	7	1.14268552060128	-0.07421875	HeLa map
ACUCA	HeLa	HEK293T	0	3	3	1.62225860086316	-0.41015625	HeLa map
ACUCC	HeLa	HEK293T	0	1	1	0.774960740475958	-0.296875	HeLa map
ACUCU	HeLa	HEK293T	0	6	6	2.24129780926939	-0.296875	HeLa map
ACUGA	HeLa	HEK293T	0	5	5	2.07424372460622	-0.1640625	HeLa map
ACUGC	HeLa	HEK293T	0	2	2	1.28578636424195	-0.12109375	HeLa map
ACUGG	HeLa	HEK293T	0	2	2	1.28578636424195	-0.234375	HeLa map
ACUGU	HeLa	HEK293T	3	3	6	-0.323651548192152	-0.16796875	HeLa map
AGUAC	HeLa	HEK293T	0	1	1	0.774960740475958	0.0390625	HeLa map
AGUAU	HeLa	HEK293T	1	1	2	-0.323651548192151	-0.3125	HeLa map
AGUCC	HeLa	HEK293T	2	1	3	-0.834477171958143	-0.0078125	HeLa map
AGUCU	HeLa	HEK293T	0	1	1	0.774960740475958	-0.6875	HeLa map
AGUGA	HeLa	HEK293T	0	1	1	0.774960740475958	-0.6796875	HeLa map
AGUGC	HeLa	HEK293T	1	0	1	-1.42226383686026	0.01953125	HeLa map
AGUGG	HeLa	HEK293T	5	0	5	-2.72154682099052	-0.546875	HeLa map
CAUAG	HeLa	HEK293T	0	3	3	1.62225860086316	0.234375	HeLa map
CAUCA	HeLa	HEK293T	0	5	5	2.07424372460622	-0.2734375	HeLa map
CAUCC	HeLa	HEK293T	2	10	12	1.11143297709717	0.578125	HeLa map
CAUCG	HeLa	HEK293T	0	2	2	1.28578636424195	-0.046875	HeLa map
CAUCU	HeLa	HEK293T	1	6	7	1.14268552060128	-0.0703125	HeLa map
CAUGA	HeLa	HEK293T	1	3	4	0.523646312195052	-0.53125	HeLa map
CAUGG	HeLa	HEK293T	0	2	2	1.28578636424195	-0.40234375	HeLa map
CAUGU	HeLa	HEK293T	1	2	3	0.187174075573839	-0.421875	HeLa map
CCUAC	HeLa	HEK293T	0	1	1	0.774960740475958	-0.109375	HeLa map
CCUAU	HeLa	HEK293T	0	2	2	1.28578636424195	-0.05078125	HeLa map
CCUCA	HeLa	HEK293T	0	5	5	2.07424372460622	-0.46875	HeLa map
CCUCG	HeLa	HEK293T	1	0	1	-1.42226383686026	-0.0859375	HeLa map
CCUCU	HeLa	HEK293T	1	1	2	-0.323651548192151	0.00390625	HeLa map
CCUGA	HeLa	HEK293T	0	2	2	1.28578636424195	-0.12890625	HeLa map
CCUGC	HeLa	HEK293T	2	1	3	-0.834477171958143	-0.0078125	HeLa map
CCUGG	HeLa	HEK293T	0	4	4	1.87357302914407	-0.12890625	HeLa map
CCUGU	HeLa	HEK293T	1	1	2	-0.323651548192151	-0.09375	HeLa map
CGUAA	HeLa	HEK293T	0	3	3	1.62225860086316	0.2890625	HeLa map
CGUAC	HeLa	HEK293T	1	0	1	-1.42226383686026	0.55078125	HeLa map
CGUAG	HeLa	HEK293T	0	3	3	1.62225860086316	0.4296875	HeLa map
CGUCA	HeLa	HEK293T	0	4	4	1.87357302914407	0.22265625	HeLa map
CGUGA	HeLa	HEK293T	8	4	12	-0.959640314912148	0.16015625	HeLa map
CGUGG	HeLa	HEK293T	2	0	2	-1.93308946062625	0.04296875	HeLa map
GAUAA	HeLa	HEK293T	0	2	2	1.28578636424195	-0.45703125	HeLa map
GAUAG	HeLa	HEK293T	0	1	1	0.774960740475958	0.203125	HeLa map
GAUAU	HeLa	HEK293T	0	2	2	1.28578636424195	0.2109375	HeLa map
GAUCA	HeLa	HEK293T	0	2	2	1.28578636424195	0.20703125	HeLa map
GAUCC	HeLa	HEK293T	3	4	7	-0.0723371199112455	0.34375	HeLa map
GAUCG	HeLa	HEK293T	1	1	2	-0.323651548192151	0.15625	HeLa map
GAUCU	HeLa	HEK293T	0	2	2	1.28578636424195	0.2578125	HeLa map
GAUGA	HeLa	HEK293T	1	4	5	0.774960740475959	-0.31640625	HeLa map
GAUGC	HeLa	HEK293T	0	2	2	1.28578636424195	0.24609375	HeLa map
GAUGG	HeLa	HEK293T	1	2	3	0.187174075573839	-0.19921875	HeLa map
GAUGU	HeLa	HEK293T	1	0	1	-1.42226383686026	0.0390625	HeLa map
GCUAA	HeLa	HEK293T	0	4	4	1.87357302914407	-0.28125	HeLa map
GCUAC	HeLa	HEK293T	0	12	12	2.89522427667605	-0.140625	HeLa map
GCUAG	HeLa	HEK293T	2	1	3	-0.834477171958143	-0.70703125	HeLa map
GCUAU	HeLa	HEK293T	0	2	2	1.28578636424195	-0.04296875	HeLa map
GCUCA	HeLa	HEK293T	0	4	4	1.87357302914407	0.07421875	HeLa map
GCUCC	HeLa	HEK293T	0	12	12	2.89522427667605	0.421875	HeLa map
GCUCG	HeLa	HEK293T	5	0	5	-2.72154682099052	0.04296875	HeLa map
GCUCU	HeLa	HEK293T	1	7	8	1.28578636424195	0.26953125	HeLa map
GCUGA	HeLa	HEK293T	10	10	20	-0.323651548192152	-0.25390625	HeLa map
GCUGC	HeLa	HEK293T	6	4	10	-0.691376328317468	-0.203125	HeLa map
GCUGG	HeLa	HEK293T	0	7	7	2.38439865291006	-0.46875	HeLa map
GCUGU	HeLa	HEK293T	7	4	11	-0.834477171958142	-0.26171875	HeLa map
GGUAA	HeLa	HEK293T	0	5	5	2.07424372460622	-0.66796875	HeLa map
GGUAC	HeLa	HEK293T	0	3	3	1.62225860086316	-0.6640625	HeLa map
GGUAU	HeLa	HEK293T	0	1	1	0.774960740475958	-0.41796875	HeLa map
GGUCA	HeLa	HEK293T	5	3	8	-0.775636671935209	-0.57421875	HeLa map
GGUCC	HeLa	HEK293T	4	1	5	-1.42226383686026	-0.12109375	HeLa map
GGUCG	HeLa	HEK293T	1	0	1	-1.42226383686026	-0.21484375	HeLa map
GGUCU	HeLa	HEK293T	2	0	2	-1.93308946062625	-0.1875	HeLa map
GGUGA	HeLa	HEK293T	4	8	12	0.312337218527845	-0.109375	HeLa map
GGUGC	HeLa	HEK293T	6	4	10	-0.691376328317468	-0.046875	HeLa map
GGUGG	HeLa	HEK293T	32	2	34	-2.88860090565369	-0.4453125	HeLa map
GGUGU	HeLa	HEK293T	4	1	5	-1.42226383686026	-0.046875	HeLa map
UAUAA	HeLa	HEK293T	0	1	1	0.774960740475958	-0.37109375	HeLa map
UAUAC	HeLa	HEK293T	0	4	4	1.87357302914407	0.23828125	HeLa map
UAUAG	HeLa	HEK293T	0	4	4	1.87357302914407	0.26171875	HeLa map
UAUAU	HeLa	HEK293T	0	4	4	1.87357302914407	0.26953125	HeLa map
UAUCA	HeLa	HEK293T	0	1	1	0.774960740475958	-0.0546875	HeLa map
UAUCC	HeLa	HEK293T	1	1	2	-0.323651548192151	0.53125	HeLa map
UAUCG	HeLa	HEK293T	1	2	3	0.187174075573839	-0.01171875	HeLa map
UAUCU	HeLa	HEK293T	0	1	1	0.774960740475958	0.265625	HeLa map
UAUGA	HeLa	HEK293T	0	2	2	1.28578636424195	-0.46875	HeLa map
UAUGC	HeLa	HEK293T	1	2	3	0.187174075573839	0.04296875	HeLa map
UCUAC	HeLa	HEK293T	1	0	1	-1.42226383686026	-0.28125	HeLa map
UCUAG	HeLa	HEK293T	2	5	7	0.464805812172118	-0.33984375	HeLa map
UCUCA	HeLa	HEK293T	0	2	2	1.28578636424195	-0.09765625	HeLa map
UCUCC	HeLa	HEK293T	0	1	1	0.774960740475958	-0.2421875	HeLa map
UCUCG	HeLa	HEK293T	0	1	1	0.774960740475958	-0.44140625	HeLa map
UCUCU	HeLa	HEK293T	1	0	1	-1.42226383686026	-0.1953125	HeLa map
UCUGA	HeLa	HEK293T	0	2	2	1.28578636424195	-0.3125	HeLa map
UCUGC	HeLa	HEK293T	0	2	2	1.28578636424195	-0.1015625	HeLa map
UCUGG	HeLa	HEK293T	0	2	2	1.28578636424195	-0.4296875	HeLa map
UCUGU	HeLa	HEK293T	1	1	2	-0.323651548192151	0.03125	HeLa map
UGUAA	HeLa	HEK293T	0	1	1	0.774960740475958	-0.14453125	HeLa map
UGUAG	HeLa	HEK293T	28	15	43	-0.932715611541555	-0.078125	HeLa map
UGUAU	HeLa	HEK293T	0	1	1	0.774960740475958	-0.06640625	HeLa map
UGUCA	HeLa	HEK293T	3	2	5	-0.660123784813365	-0.4375	HeLa map
UGUCC	HeLa	HEK293T	0	1	1	0.774960740475958	-0.15625	HeLa map
UGUCG	HeLa	HEK293T	0	1	1	0.774960740475958	-0.38671875	HeLa map
UGUCU	HeLa	HEK293T	0	3	3	1.62225860086316	-0.4296875	HeLa map
UGUGA	HeLa	HEK293T	3	2	5	-0.660123784813365	-0.4921875	HeLa map
UGUGG	HeLa	HEK293T	7	3	10	-1.08579160023905	-0.35546875	HeLa map
UGUGU	HeLa	HEK293T	0	2	2	1.28578636424195	-0.4375	HeLa map
