held_target	model	n	positives	AUROC	AUROC_CI_low	AUROC_CI_high
BACS	P0 breadth	942	206	0.603986386661039	0.574610846240865	0.635407913716129
BACS	P1 provenance	942	206	0.538792079991558	0.493081370093957	0.586466882206836
BACS	TRACE-Psi	942	206	0.742731637821866	0.704979793282331	0.779861087047574
BACS	Context only	942	206	0.663412832418742	0.616132611349295	0.708932919449874
BID	P0 breadth	1084	153	0.61985144935167	0.582450390398342	0.658274273898723
BID	P1 provenance	1084	153	0.51547285580899	0.461573927916189	0.571045442290808
BID	TRACE-Psi	1084	153	0.616211396839438	0.565964576254524	0.666853242210481
BID	Context only	1084	153	0.60187583805452	0.549343462527056	0.651768438754133
ELAP	P0 breadth	864	146	0.61070515511123	0.570950657957608	0.65186811201748
ELAP	P1 provenance	864	146	0.563165375662991	0.512811406659307	0.617411271161734
ELAP	TRACE-Psi	864	146	0.667741443125882	0.620540360076025	0.71029564883372
ELAP	Context only	864	146	0.621198534742626	0.568806454288083	0.675323607378627
