k	expected_positives	fraction_screened	fraction_recovered	expected_precision	expected_lift	boundary_score
1	0.5	0.00131406044678055	0.0119047619047619	0.5	9.05952380952381	-1.17733350290492
2	1	0.0026281208935611	0.0238095238095238	0.5	9.05952380952381	-1.17733350290492
3	1.5	0.00394218134034166	0.0357142857142857	0.5	9.05952380952381	-1.17733350290492
4	2	0.00525624178712221	0.0476190476190476	0.5	9.05952380952381	-1.17733350290492
5	2.5	0.00657030223390276	0.0595238095238095	0.5	9.05952380952381	-1.17733350290492
6	3	0.00788436268068331	0.0714285714285714	0.5	9.05952380952381	-1.17733350290492
7	3.5	0.00919842312746386	0.0833333333333333	0.5	9.05952380952381	-1.17733350290492
8	4	0.0105124835742444	0.0952380952380952	0.5	9.05952380952381	-1.17733350290492
9	4.47619047619048	0.011826544021025	0.106575963718821	0.497354497354497	9.01158982111363	-1.23352812631727
10	4.95238095238095	0.0131406044678055	0.117913832199546	0.495238095238095	8.97324263038549	-1.23352812631727
11	5.42857142857143	0.0144546649145861	0.129251700680272	0.493506493506494	8.94186765615337	-1.23352812631727
12	5.90476190476191	0.0157687253613666	0.140589569160998	0.492063492063492	8.91572184429327	-1.23352812631727
13	6.38095238095238	0.0170827858081472	0.151927437641723	0.490842490842491	8.89359846502704	-1.23352812631727
14	6.85714285714286	0.0183968462549277	0.163265306122449	0.489795918367347	8.87463556851312	-1.23352812631727
15	7.33333333333333	0.0197109067017083	0.174603174603175	0.488888888888889	8.85820105820106	-1.23352812631727
16	7.80952380952381	0.0210249671484888	0.1859410430839	0.488095238095238	8.84382086167801	-1.23352812631727
17	8.28571428571429	0.0223390275952694	0.197278911564626	0.487394957983193	8.83113245298119	-1.23352812631727
18	8.76190476190476	0.0236530880420499	0.208616780045352	0.486772486772487	8.81985386747292	-1.23352812631727
19	9.23809523809524	0.0249671484888305	0.219954648526077	0.486215538847118	8.80976250149183	-1.23352812631727
20	9.71428571428572	0.026281208935611	0.231292517006803	0.485714285714286	8.80068027210885	-1.23352812631727
21	10.1904761904762	0.0275952693823916	0.242630385487528	0.485260770975057	8.79246301695281	-1.23352812631727
22	10.6666666666667	0.0289093298291721	0.253968253968254	0.484848484848485	8.78499278499279	-1.23352812631727
23	11.1428571428571	0.0302233902759527	0.26530612244898	0.484472049689441	8.77817213842059	-1.23352812631727
24	11.6190476190476	0.0315374507227332	0.276643990929705	0.484126984126984	8.77191987906274	-1.23352812631727
25	12.0952380952381	0.0328515111695138	0.287981859410431	0.483809523809524	8.76616780045351	-1.23352812631727
26	12.5714285714286	0.0341655716162944	0.299319727891156	0.483516483516484	8.76085818942962	-1.23352812631727
27	13.047619047619	0.0354796320630749	0.310657596371882	0.483245149911817	8.75594188292601	-1.23352812631727
28	13.5238095238095	0.0367936925098555	0.321995464852608	0.482993197278912	8.75137674117266	-1.23352812631727
29	14	0.038107752956636	0.333333333333333	0.482758620689655	8.74712643678161	-1.23352812631727
30	14	0.0394218134034166	0.333333333333333	0.466666666666667	8.45555555555556	-1.26293728492988
31	15	0.0407358738501971	0.357142857142857	0.483870967741936	8.76728110599079	-1.33146693241855
32	16	0.0420499342969777	0.380952380952381	0.5	9.05952380952381	-1.39902240476027
33	16	0.0433639947437582	0.380952380952381	0.484848484848485	8.78499278499279	-1.40129312023011
34	16	0.0446780551905388	0.380952380952381	0.470588235294118	8.5266106442577	-1.40129312023011
35	16.6666666666667	0.0459921156373193	0.396825396825397	0.476190476190476	8.6281179138322	-1.4024274538254
36	17.3333333333333	0.0473061760840999	0.412698412698413	0.481481481481482	8.72398589065256	-1.4024274538254
37	18	0.0486202365308804	0.428571428571429	0.486486486486487	8.81467181467182	-1.4024274538254
38	18	0.049934296977661	0.428571428571429	0.473684210526316	8.58270676691729	-1.4286374876082
39	18.027027027027	0.0512483574244415	0.429214929214929	0.462231462231462	8.37519387519388	-1.44293473382246
40	18.0540540540541	0.0525624178712221	0.42985842985843	0.451351351351351	8.17805662805663	-1.44293473382246
41	18.0810810810811	0.0538764783180026	0.43050193050193	0.441001977587343	7.99053583199925	-1.44293473382246
42	18.1081081081081	0.0551905387647832	0.431145431145431	0.431145431145431	7.81194459765888	-1.44293473382246
43	18.1351351351351	0.0565045992115637	0.431788931788932	0.421747328724073	7.64165993235761	-1.44293473382246
44	18.1621621621622	0.0578186596583443	0.432432432432432	0.412776412776413	7.47911547911548	-1.44293473382246
45	18.1891891891892	0.0591327201051248	0.433075933075933	0.404204204204204	7.32379522379523	-1.44293473382246
46	18.2162162162162	0.0604467805519054	0.433719433719434	0.396004700352527	7.17522802305411	-1.44293473382246
47	18.2432432432432	0.0617608409986859	0.434362934362934	0.388154111558367	7.03298283085517	-1.44293473382246
48	18.2702702702703	0.0630749014454665	0.435006435006435	0.380630630630631	6.89666452166452	-1.44293473382246
49	18.2972972972973	0.0643889618922471	0.435649935649936	0.373414230557088	6.7659102250939	-1.44293473382246
50	18.3243243243243	0.0657030223390276	0.436293436293436	0.366486486486486	6.6403861003861	-1.44293473382246
51	18.3513513513514	0.0670170827858081	0.436936936936937	0.359830418653948	6.51978449037273	-1.44293473382246
52	18.3783783783784	0.0683311432325887	0.437580437580438	0.353430353430353	6.40382140382141	-1.44293473382246
53	18.4054054054054	0.0696452036793693	0.438223938223938	0.347271800101989	6.29223428280032	-1.44293473382246
54	18.4324324324324	0.0709592641261498	0.438867438867439	0.341341341341341	6.18478001811335	-1.44293473382246
55	18.4594594594595	0.0722733245729304	0.439510939510939	0.335626535626536	6.08123318123318	-1.44293473382246
56	18.4864864864865	0.0735873850197109	0.44015444015444	0.33011583011583	5.98138444567016	-1.44293473382246
57	18.5135135135135	0.0749014454664915	0.440797940797941	0.32479848269322	5.88503917451286	-1.44293473382246
58	18.5405405405405	0.076215505913272	0.441441441441441	0.319664492078285	5.79201615408512	-1.44293473382246
59	18.5675675675676	0.0775295663600526	0.442084942084942	0.314704535043518	5.70214645638375	-1.44293473382246
60	18.5945945945946	0.0788436268068331	0.442728442728443	0.30990990990991	5.61527241527242	-1.44293473382246
61	18.6216216216216	0.0801576872536137	0.443371943371943	0.305272485600355	5.53124670337785	-1.44293473382246
62	18.6486486486487	0.0814717477003942	0.444015444015444	0.300784655623365	5.4499314983186	-1.44293473382246
63	18.6756756756757	0.0827858081471748	0.444658944658945	0.296439296439296	5.37119772834059	-1.44293473382246
64	18.7027027027027	0.0840998685939553	0.445302445302445	0.29222972972973	5.29492438867439	-1.44293473382246
65	18.7297297297297	0.0854139290407359	0.445945945945946	0.288149688149688	5.22099792099792	-1.44293473382246
66	18.7567567567568	0.0867279894875164	0.446589446589447	0.284193284193284	5.14931164931165	-1.44293473382246
67	18.7837837837838	0.088042049934297	0.447232947232947	0.280354981847519	5.07976526633243	-1.44293473382246
68	18.8108108108108	0.0893561103810775	0.447876447876448	0.276629570747218	5.01226436520554	-1.44293473382246
69	18.8378378378378	0.0906701708278581	0.448519948519949	0.27301214257736	4.9467200119374	-1.44293473382246
70	18.8648648648649	0.0919842312746386	0.449163449163449	0.26949806949807	4.88304835447693	-1.44293473382246
71	18.8918918918919	0.0932982917214192	0.44980694980695	0.266082984392844	4.82117026483224	-1.44293473382246
72	18.9189189189189	0.0946123521681997	0.450450450450451	0.262762762762763	4.76101101101101	-1.44293473382246
73	18.9459459459459	0.0959264126149803	0.451093951093951	0.259533506108849	4.70249995592462	-1.44293473382246
74	18.972972972973	0.0972404730617608	0.451737451737452	0.256391526661797	4.64557028070542	-1.44293473382246
75	19	0.0985545335085414	0.452380952380952	0.253333333333333	4.59015873015873	-1.44293473382246
76	19.75	0.0998685939553219	0.470238095238095	0.259868421052632	4.70856829573935	-1.46584663636037
77	20.5	0.101182654402103	0.488095238095238	0.266233766233766	4.823902288188	-1.46584663636037
78	21.25	0.102496714848883	0.505952380952381	0.272435897435897	4.936278998779	-1.46584663636037
79	22	0.103810775295664	0.523809523809524	0.278481012658228	5.04581072935503	-1.46584663636037
80	22.75	0.105124835742444	0.541666666666667	0.284375	5.15260416666667	-1.47483015975719
81	23.5	0.106438896189225	0.55952380952381	0.290123456790123	5.25676072898295	-1.47483015975719
82	24.25	0.107752956636005	0.577380952380952	0.295731707317073	5.3583768873403	-1.47483015975719
83	25	0.109067017082786	0.595238095238095	0.301204819277108	5.45754446356856	-1.47483015975719
84	25	0.110381077529566	0.595238095238095	0.297619047619048	5.39257369614513	-1.48623710553067
85	25	0.111695137976347	0.595238095238095	0.294117647058824	5.32913165266107	-1.48623710553067
86	25	0.113009198423127	0.595238095238095	0.290697674418605	5.2671650055371	-1.48623710553067
87	25	0.114323258869908	0.595238095238095	0.28735632183908	5.20662287903667	-1.48623710553067
88	25	0.115637319316689	0.595238095238095	0.284090909090909	5.14745670995671	-1.48623710553067
89	25	0.116951379763469	0.595238095238095	0.280898876404494	5.08962011771001	-1.48623710553067
90	25	0.11826544021025	0.595238095238095	0.277777777777778	5.03306878306878	-1.48623710553067
91	25	0.11957950065703	0.595238095238095	0.274725274725275	4.97776033490319	-1.48623710553067
92	25	0.120893561103811	0.595238095238095	0.271739130434783	4.92365424430642	-1.48623710553067
93	25	0.122207621550591	0.595238095238095	0.268817204301075	4.87071172555044	-1.48623710553067
94	25	0.123521681997372	0.595238095238095	0.265957446808511	4.81889564336373	-1.48623710553067
95	25	0.124835742444152	0.595238095238095	0.263157894736842	4.76817042606516	-1.48623710553067
96	25	0.126149802890933	0.595238095238095	0.260416666666667	4.71850198412698	-1.48623710553067
97	25	0.127463863337714	0.595238095238095	0.257731958762887	4.66985763377516	-1.48623710553067
98	25	0.128777923784494	0.595238095238095	0.255102040816327	4.62220602526725	-1.48623710553067
99	25	0.130091984231275	0.595238095238095	0.252525252525253	4.57551707551708	-1.48623710553067
100	25	0.131406044678055	0.595238095238095	0.25	4.52976190476191	-1.48623710553067
101	25	0.132720105124836	0.595238095238095	0.247524752475248	4.48491277699199	-1.48623710553067
102	25	0.134034165571616	0.595238095238095	0.245098039215686	4.44094304388422	-1.4865111049982
103	25	0.135348226018397	0.595238095238095	0.242718446601942	4.39782709200185	-1.4865111049982
104	25	0.136662286465177	0.595238095238095	0.240384615384615	4.35554029304029	-1.4865111049982
105	25	0.137976346911958	0.595238095238095	0.238095238095238	4.3140589569161	-1.4865111049982
106	25	0.139290407358738	0.595238095238095	0.235849056603774	4.27336028751123	-1.4865111049982
107	25	0.140604467805519	0.595238095238095	0.233644859813084	4.23342234089898	-1.48876455230332
108	25	0.1419185282523	0.595238095238095	0.231481481481482	4.19422398589065	-1.49329702534726
109	25	0.14323258869908	0.595238095238095	0.229357798165138	4.15574486675404	-1.49329702534726
110	25	0.144546649145861	0.595238095238095	0.227272727272727	4.11796536796537	-1.49478335097809
111	25	0.145860709592641	0.595238095238095	0.225225225225225	4.08086658086658	-1.55609012941385
112	25	0.147174770039422	0.595238095238095	0.223214285714286	4.04443027210884	-1.55958119802949
113	25	0.148488830486202	0.595238095238095	0.221238938053097	4.0086388537716	-1.55958119802949
114	25	0.149802890932983	0.595238095238095	0.219298245614035	3.9734753550543	-1.55958119802949
115	25	0.151116951379763	0.595238095238095	0.217391304347826	3.93892339544513	-1.55958119802949
116	25	0.152431011826544	0.595238095238095	0.21551724137931	3.9049671592775	-1.55958119802949
117	25	0.153745072273325	0.595238095238095	0.213675213675214	3.87159137159137	-1.55958119802949
118	25	0.155059132720105	0.595238095238095	0.211864406779661	3.83878127522195	-1.55958119802949
119	25	0.156373193166886	0.595238095238095	0.210084033613445	3.80652260904362	-1.55958119802949
120	25	0.157687253613666	0.595238095238095	0.208333333333333	3.77480158730159	-1.55958119802949
121	25	0.159001314060447	0.595238095238095	0.206611570247934	3.74360487996852	-1.55958119802949
122	25	0.160315374507227	0.595238095238095	0.204918032786885	3.71291959406714	-1.55958119802949
123	25	0.161629434954008	0.595238095238095	0.203252032520325	3.68273325590399	-1.55958119802949
124	25	0.162943495400788	0.595238095238095	0.201612903225806	3.65303379416283	-1.55958119802949
125	25	0.164257555847569	0.595238095238095	0.2	3.62380952380952	-1.55958119802949
126	25	0.16557161629435	0.595238095238095	0.198412698412698	3.59504913076342	-1.55958119802949
127	25.0064516129032	0.16688567674113	0.595391705069124	0.196901193802388	3.56766210675279	-1.56350192819568
128	25.0129032258065	0.168199737187911	0.595545314900154	0.195413306451613	3.54070300499232	-1.56350192819568
129	25.0193548387097	0.169513797634691	0.595698924731183	0.19394848712178	3.51416187380178	-1.56350192819568
130	25.0258064516129	0.170827858081472	0.595852534562212	0.192506203473945	3.48802906770649	-1.56350192819568
131	25.0322580645161	0.172141918528252	0.596006144393241	0.191085939423787	3.46229523575005	-1.56350192819568
132	25.0387096774194	0.173455978975033	0.59615975422427	0.189687194525904	3.43695131033841	-1.56350192819568
133	25.0451612903226	0.174770039421813	0.5963133640553	0.188309483385884	3.41198849658709	-1.56350192819568
134	25.0516129032258	0.176084099868594	0.596466973886329	0.1869523350987	3.38739826214549	-1.56350192819568
135	25.058064516129	0.177398160315375	0.596620583717358	0.185615292712067	3.3631723274734	-1.56350192819568
136	25.0645161290323	0.178712220762155	0.596774193548387	0.184297912713473	3.33930265654649	-1.56350192819568
137	25.0709677419355	0.180026281208936	0.596927803379416	0.182999764539675	3.31578144796887	-1.56350192819568
138	25.0774193548387	0.181340341655716	0.597081413210446	0.181720430107527	3.29260112647209	-1.56350192819568
139	25.0838709677419	0.182654402102497	0.597235023041475	0.18045950336505	3.26975433478102	-1.56350192819568
140	25.0903225806452	0.183968462549277	0.597388632872504	0.179216589861751	3.2472339258284	-1.56350192819568
141	25.0967741935484	0.185282522996058	0.597542242703533	0.177991306337223	3.22503295530063	-1.56350192819568
142	25.1032258064516	0.186596583442838	0.597695852534562	0.176783280327124	3.2031446744986	-1.56350192819568
143	25.1096774193548	0.187910643889619	0.597849462365591	0.175592149785698	3.18156252349801	-1.56350192819568
144	25.1161290322581	0.189224704336399	0.598003072196621	0.174417562724014	3.16028012459464	-1.56350192819568
145	25.1225806451613	0.19053876478318	0.59815668202765	0.173259176863181	3.13929127602098	-1.56350192819568
146	25.1290322580645	0.191852825229961	0.598310291858679	0.172116659301812	3.11858994592092	-1.56350192819568
147	25.1354838709677	0.193166885676741	0.598463901689708	0.170989686197059	3.09817026657053	-1.56350192819568
148	25.141935483871	0.194480946123522	0.598617511520737	0.169877942458588	3.07802652883298	-1.56350192819568
149	25.1483870967742	0.195795006570302	0.598771121351767	0.16878112145486	3.05815317683687	-1.56350192819568
150	25.1548387096774	0.197109067017083	0.598924731182796	0.167698924731183	3.03854480286738	-1.56350192819568
151	25.1612903225806	0.198423127463863	0.599078341013825	0.166631061738945	3.0191961424604	-1.56350192819568
152	25.1677419354839	0.199737187910644	0.599231950844854	0.165577249575552	3.00010206969036	-1.56350192819568
153	25.1741935483871	0.201051248357424	0.599385560675883	0.164537212734556	2.98125759264279	-1.56350192819568
154	25.1806451612903	0.202365308804205	0.599539170506913	0.163510682865522	2.96265784906338	-1.56350192819568
155	25.1870967741936	0.203679369250986	0.599692780337942	0.162497398543184	2.94429810217531	-1.56350192819568
156	25.1935483870968	0.204993429697766	0.599846390168971	0.161497105045492	2.92617373665761	-1.56350192819568
157	25.2	0.206307490144547	0.6	0.160509554140127	2.90828025477707	-1.56350192819568
158	25.2064516129032	0.207621550591327	0.600153609831029	0.159534503879134	2.89061327266717	-1.56350192819568
159	25.2129032258065	0.208935611038108	0.600307219662058	0.158571718401298	2.87316851674734	-1.56350192819568
160	25.2193548387097	0.210249671484888	0.600460829493088	0.157620967741935	2.8559418202765	-1.56350192819568
161	25.2258064516129	0.211563731931669	0.600614439324117	0.15668202764977	2.83892912003511	-1.56350192819568
162	25.2322580645161	0.212877792378449	0.600768049155146	0.155754679410593	2.82212645313004	-1.56350192819568
163	25.2387096774194	0.21419185282523	0.600921658986175	0.154838709677419	2.80552995391705	-1.56350192819568
164	25.2451612903226	0.215505913272011	0.601075268817204	0.153933910306845	2.78913585103593	-1.56350192819568
165	25.2516129032258	0.216819973718791	0.601228878648234	0.153040078201369	2.77294046455337	-1.56350192819568
166	25.258064516129	0.218134034165572	0.601382488479263	0.152157015157404	2.75694020320915	-1.56350192819568
167	25.2645161290323	0.219448094612352	0.601536098310292	0.151284527718756	2.74113156176127	-1.56350192819568
168	25.2709677419355	0.220762155059133	0.601689708141321	0.15042242703533	2.72551111842587	-1.56350192819568
169	25.2774193548387	0.222076215505913	0.60184331797235	0.149570528726856	2.71007553240804	-1.56350192819568
170	25.2838709677419	0.223390275952694	0.60199692780338	0.148728652751423	2.69482154151983	-1.56350192819568
171	25.2903225806452	0.224704336399474	0.602150537634409	0.147896623278627	2.67974595988178	-1.56350192819568
172	25.2967741935484	0.226018396846255	0.602304147465438	0.147074268567142	2.66484567570464	-1.56350192819568
173	25.3032258064516	0.227332457293036	0.602457757296467	0.146261420846541	2.65011764914804	-1.56350192819568
174	25.3096774193548	0.228646517739816	0.602611367127496	0.145457916203189	2.63555891025302	-1.56350192819568
175	25.3161290322581	0.229960578186597	0.602764976958525	0.144663594470046	2.62116655694536	-1.56350192819568
176	25.3225806451613	0.231274638633377	0.602918586789555	0.143878299120235	2.60693775310711	-1.56350192819568
177	25.3290322580645	0.232588699080158	0.603072196620584	0.143101877164206	2.59286972671336	-1.56350192819568
178	25.3354838709677	0.233902759526938	0.603225806451613	0.142334179050381	2.5789597680319	-1.56350192819568
179	25.341935483871	0.235216819973719	0.603379416282642	0.141575058569112	2.56520522788319	-1.56350192819568
180	25.3483870967742	0.236530880420499	0.603533026113671	0.140824372759857	2.55160351595836	-1.56350192819568
181	25.3548387096774	0.23784494086728	0.603686635944701	0.140081981821422	2.53815209919291	-1.56350192819568
182	25.3612903225806	0.23915900131406	0.60384024577573	0.139347749025168	2.52484850019412	-1.56350192819568
183	25.3677419354839	0.240473061760841	0.603993855606759	0.138621540631059	2.51169029571991	-1.56350192819568
184	25.3741935483871	0.241787122207622	0.604147465437788	0.137903225806452	2.49867511520737	-1.56350192819568
185	25.3806451612903	0.243101182654402	0.604301075268817	0.137192676547515	2.48580063934903	-1.56350192819568
186	25.3870967741936	0.244415243101183	0.604454685099846	0.136489767603191	2.47306459871496	-1.56350192819568
187	25.3935483870968	0.245729303547963	0.604608294930876	0.135794376401587	2.46046477241923	-1.56350192819568
188	25.4	0.247043363994744	0.604761904761905	0.135106382978723	2.44799898682877	-1.56350192819568
189	25.4064516129032	0.248357424441524	0.604915514592934	0.134425669909541	2.43566511431335	-1.56350192819568
190	25.4129032258065	0.249671484888305	0.605069124423963	0.133752122241087	2.42346107203493	-1.56350192819568
191	25.4193548387097	0.250985545335085	0.605222734254992	0.133085627427799	2.41138482077513	-1.56350192819568
192	25.4258064516129	0.252299605781866	0.605376344086022	0.132426075268817	2.39943436379928	-1.56350192819568
193	25.4322580645161	0.253613666228647	0.605529953917051	0.131773357847234	2.38760774575583	-1.56350192819568
194	25.4387096774194	0.254927726675427	0.60568356374808	0.131127369471234	2.37590305160974	-1.56350192819568
195	25.4451612903226	0.256241787122208	0.605837173579109	0.130488006617039	2.36431840560873	-1.56350192819568
196	25.4516129032258	0.257555847568988	0.605990783410138	0.129855167873601	2.3528519702812	-1.56350192819568
197	25.458064516129	0.258869908015769	0.606144393241167	0.12922875388898	2.34150194546461	-1.56350192819568
198	25.4645161290323	0.260183968462549	0.606298003072197	0.128608667318345	2.33026656736334	-1.56350192819568
199	25.4709677419355	0.26149802890933	0.606451612903226	0.127994812773545	2.31914410763495	-1.56350192819568
200	25.4774193548387	0.26281208935611	0.606605222734255	0.127387096774194	2.30813287250384	-1.56350192819568
201	25.4838709677419	0.264126149802891	0.606758832565284	0.126785427700209	2.2972312019014	-1.56350192819568
202	25.4903225806452	0.265440210249671	0.606912442396313	0.126189715745768	2.28643746863166	-1.56350192819568
203	25.4967741935484	0.266754270696452	0.607066052227343	0.125599872874623	2.27575007756161	-1.56350192819568
204	25.5032258064516	0.268068331143233	0.607219662058372	0.125015812776724	2.2651674648354	-1.56350192819568
205	25.5096774193548	0.269382391590013	0.607373271889401	0.124437450826121	2.25468809711139	-1.56350192819568
206	25.5161290322581	0.270696452036794	0.60752688172043	0.123864704040088	2.24431047082159	-1.56350192819568
207	25.5225806451613	0.272010512483574	0.607680491551459	0.123297491039427	2.23403311145247	-1.56350192819568
208	25.5290322580645	0.273324572930355	0.607834101382488	0.122735732009926	2.22385457284651	-1.56350192819568
209	25.5354838709677	0.274638633377135	0.607987711213518	0.122179348664917	2.21377343652386	-1.56350192819568
210	25.541935483871	0.275952693823916	0.608141321044547	0.121628264208909	2.20378831102333	-1.56350192819568
211	25.5483870967742	0.277266754270697	0.608294930875576	0.121082403302247	2.19389783126215	-1.56350192819568
212	25.5548387096774	0.278580814717477	0.608448540706605	0.12054169202678	2.1841006579138	-1.56350192819568
213	25.5612903225807	0.279894875164258	0.608602150537634	0.120006057852491	2.17439547680347	-1.56350192819568
214	25.5677419354839	0.281208935611038	0.608755760368664	0.119475429605065	2.16478099832034	-1.56350192819568
215	25.5741935483871	0.282522996057819	0.608909370199693	0.118949737434359	2.15525595684635	-1.56350192819568
216	25.5806451612903	0.283837056504599	0.609062980030722	0.118428912783752	2.14581911020083	-1.56350192819568
217	25.5870967741935	0.28515111695138	0.609216589861751	0.117912888360339	2.13646923910043	-1.56350192819568
218	25.5935483870968	0.28646517739816	0.60937019969278	0.117401598105949	2.12720514663397	-1.56350192819568
219	25.6	0.287779237844941	0.60952380952381	0.11689497716895	2.11802565775169	-1.56350192819568
220	25.6064516129032	0.289093298291721	0.609677419354839	0.116392961876833	2.10892961876833	-1.56350192819568
221	25.6129032258065	0.290407358738502	0.609831029185868	0.115895489709531	2.09991589687984	-1.56350192819568
222	25.6193548387097	0.291721419185283	0.609984639016897	0.115402499273467	2.09098337969306	-1.56350192819568
223	25.6258064516129	0.293035479632063	0.610138248847926	0.114913930276291	2.08213097476804	-1.56350192819568
224	25.6322580645161	0.294349540078844	0.610291858678956	0.114429723502304	2.0733576091727	-1.56350192819568
225	25.6387096774194	0.295663600525624	0.610445468509985	0.11394982078853	2.06466222904933	-1.56350192819568
226	25.6451612903226	0.296977660972405	0.610599078341014	0.113474165001427	2.05604379919253	-1.56350192819568
227	25.6516129032258	0.298291721419185	0.610752688172043	0.113002700014211	2.04750130263844	-1.56350192819568
228	25.658064516129	0.299605781865966	0.610906298003072	0.112535370684776	2.03903374026464	-1.56350192819568
229	25.6645161290323	0.300919842312746	0.611059907834101	0.112072122834202	2.03064013040066	-1.56350192819568
230	25.6709677419355	0.302233902759527	0.611213517665131	0.111612903225806	2.02231950844854	-1.56350192819568
231	25.6774193548387	0.303547963206308	0.61136712749616	0.111157659544756	2.01407092651332	-1.56350192819568
232	25.6838709677419	0.304862023653088	0.611520737327189	0.110706340378198	2.00589345304306	-1.56350192819568
233	25.6903225806452	0.306176084099869	0.611674347158218	0.110258895195902	1.99778617247813	-1.56350192819568
234	25.6967741935484	0.307490144546649	0.611827956989247	0.109815274331403	1.98974818490948	-1.56350192819568
235	25.7032258064516	0.30880420499343	0.611981566820277	0.109375428963624	1.98177860574566	-1.56350192819568
236	25.7096774193548	0.31011826544021	0.612135176651306	0.108939311098961	1.97387656538832	-1.56350192819568
237	25.7161290322581	0.311432325886991	0.612288786482335	0.108506873553831	1.96604120891585	-1.56350192819568
238	25.7225806451613	0.312746386333771	0.612442396313364	0.108078069937653	1.95827169577508	-1.56350192819568
239	25.7290322580645	0.314060446780552	0.612596006144393	0.107652854636253	1.95056719948068	-1.56350192819568
240	25.7354838709677	0.315374507227332	0.612749615975423	0.107231182795699	1.94292690732207	-1.56350192819568
241	25.741935483871	0.316688567674113	0.612903225806452	0.106813010306519	1.93535002007763	-1.56350192819568
242	25.7483870967742	0.318002628120894	0.613056835637481	0.106398293788323	1.92783575173605	-1.56350192819568
243	25.7548387096774	0.319316688567674	0.61321044546851	0.105986990574804	1.92038332922443	-1.56350192819568
244	25.7612903225806	0.320630749014455	0.613364055299539	0.105579058699101	1.91299199214323	-1.56350192819568
245	25.7677419354839	0.321944809461235	0.613517665130568	0.105174456879526	1.9056609925076	-1.56350192819568
246	25.7741935483871	0.323258869908016	0.613671274961598	0.104773144505639	1.89838959449502	-1.56350192819568
247	25.7806451612903	0.324572930354796	0.613824884792627	0.104375081624657	1.89117707419915	-1.56350192819568
248	25.7870967741936	0.325886990801577	0.613978494623656	0.1039802289282	1.88402271938953	-1.56350192819568
249	25.7935483870968	0.327201051248357	0.614132104454685	0.103588547739344	1.87692582927717	-1.56350192819568
250	25.8	0.328515111695138	0.614285714285714	0.1032	1.86988571428571	-1.56350192819568
251	25.8064516129032	0.329829172141919	0.614439324116743	0.102814548258579	1.86290169582805	-1.56350192819568
252	25.8129032258065	0.331143232588699	0.614592933947773	0.102432155657962	1.85597310608831	-1.56350192819568
253	25.8193548387097	0.33245729303548	0.614746543778802	0.102052785923754	1.84909928780897	-1.56350192819568
254	25.8258064516129	0.33377135348226	0.614900153609831	0.101676403352807	1.842279594083	-1.56350192819568
255	25.8322580645161	0.335085413929041	0.61505376344086	0.101302972802024	1.83551338815096	-1.56350192819568
256	25.8387096774194	0.336399474375821	0.61520737327189	0.100932459677419	1.82880004320277	-1.56350192819568
257	25.8451612903226	0.337713534822602	0.615360983102919	0.100564829923434	1.82213894218413	-1.56350192819568
258	25.8516129032258	0.339027595269382	0.615514592933948	0.100200050012503	1.8155294776075	-1.56350192819568
259	25.858064516129	0.340341655716163	0.615668202764977	0.0998380869348611	1.80897105136737	-1.56350192819568
260	25.8645161290323	0.341655716162944	0.615821812596006	0.0994789081885856	1.80246307455985	-1.56350192819568
261	25.8709677419355	0.342969776609724	0.615975422427035	0.0991224817698678	1.79600496730641	-1.56350192819568
262	25.8774193548387	0.344283837056505	0.616129032258065	0.0987687761635065	1.78959615858163	-1.56350192819568
263	25.8838709677419	0.345597897503285	0.616282642089094	0.0984177603336195	1.78323608604487	-1.56350192819568
264	25.8903225806452	0.346911957950066	0.616436251920123	0.098069403714565	1.77692419587581	-1.56350192819568
265	25.8967741935484	0.348226018396846	0.616589861751152	0.0977236762020694	1.77065994261369	-1.56350192819568
266	25.9032258064516	0.349540078843627	0.616743471582181	0.0973805481445549	1.76444278900015	-1.56350192819568
267	25.9096774193548	0.350854139290407	0.61689708141321	0.0970399903346623	1.75827220582567	-1.56350192819568
268	25.9161290322581	0.352168199737188	0.61705069124424	0.0967019740009629	1.75214767177935	-1.56350192819568
269	25.9225806451613	0.353482260183968	0.617204301075269	0.0963664707998561	1.74606867330215	-1.56350192819568
270	25.9290322580645	0.354796320630749	0.617357910906298	0.0960334528076464	1.74003470444331	-1.56350192819568
271	25.9354838709677	0.35611038107753	0.617511520737327	0.0957028925127961	1.73404526671995	-1.56350192819568
272	25.941935483871	0.35742444152431	0.617665130568356	0.0953747628083491	1.72809986897985	-1.56350192819568
273	25.9483870967742	0.358738501971091	0.617818740399386	0.0950490369845209	1.72219802726715	-1.56350192819568
274	25.9548387096774	0.360052562417871	0.617972350230415	0.0947256887214504	1.71633926469104	-1.56350192819568
275	25.9612903225806	0.361366622864652	0.618125960061444	0.0944046920821114	1.71052311129731	-1.56350192819568
276	25.9677419354839	0.362680683311432	0.618279569892473	0.0940860215053763	1.70474910394265	-1.56350192819568
277	25.9741935483871	0.363994743758213	0.618433179723502	0.0937696517992314	1.69901678617179	-1.56350192819568
278	25.9806451612903	0.365308804204993	0.618586789554532	0.0934555581341379	1.69332570809712	-1.56350192819568
279	25.9870967741936	0.366622864651774	0.618740399385561	0.093143716036536	1.68767542628105	-1.56350192819568
280	25.9935483870968	0.367936925098555	0.61889400921659	0.0928341013824885	1.6820655036208	-1.56350192819568
281	26	0.369250985545335	0.619047619047619	0.0925266903914591	1.67649550923572	-1.56350192819568
282	26	0.370565045992116	0.619047619047619	0.0921985815602837	1.67055048969943	-1.56350192819569
283	26	0.371879106438896	0.619047619047619	0.0918727915194346	1.66464748443547	-1.58369343693269
284	26	0.373193166885677	0.619047619047619	0.0915492957746479	1.65878604963112	-1.59062237167317
285	26	0.374507227332457	0.619047619047619	0.0912280701754386	1.65296574770259	-1.59062237167317
286	26	0.375821287779238	0.619047619047619	0.0909090909090909	1.64718614718615	-1.62096557492735
287	27	0.377135348226018	0.642857142857143	0.0940766550522648	1.7045793927327	-1.62775460780974
288	27	0.378449408672799	0.642857142857143	0.09375	1.69866071428571	-1.63609548361482
289	27	0.37976346911958	0.642857142857143	0.0934256055363322	1.69278299555116	-1.63609548361482
290	27	0.38107752956636	0.642857142857143	0.0931034482758621	1.68694581280788	-1.63609548361482
291	27	0.382391590013141	0.642857142857143	0.0927835051546392	1.68114874815906	-1.63609548361482
292	27	0.383705650459921	0.642857142857143	0.0924657534246575	1.67539138943249	-1.63609548361482
293	27	0.385019710906702	0.642857142857143	0.0921501706484642	1.66967333008289	-1.63609548361482
294	27	0.386333771353482	0.642857142857143	0.0918367346938776	1.66399416909621	-1.63609548361482
295	27	0.387647831800263	0.642857142857143	0.0915254237288136	1.65835351089588	-1.63609548361482
296	27	0.388961892247043	0.642857142857143	0.0912162162162162	1.65275096525097	-1.63609548361482
297	27	0.390275952693824	0.642857142857143	0.0909090909090909	1.64718614718615	-1.63609548361482
298	27	0.391590013140605	0.642857142857143	0.0906040268456376	1.64165867689358	-1.63609548361482
299	27	0.392904073587385	0.642857142857143	0.0903010033444816	1.63616817964644	-1.63609548361482
300	27	0.394218134034166	0.642857142857143	0.09	1.63071428571429	-1.63609548361482
301	27	0.395532194480946	0.642857142857143	0.0897009966777409	1.62529663028002	-1.63609548361482
302	27	0.396846254927727	0.642857142857143	0.0894039735099338	1.61991485335856	-1.65541656852858
303	27	0.398160315374507	0.642857142857143	0.0891089108910891	1.61456859971711	-1.65541656852858
304	28	0.399474375821288	0.666666666666667	0.0921052631578947	1.66885964912281	-1.67323823732869
305	28.0666666666667	0.400788436268068	0.668253968253968	0.0920218579234973	1.66734842570908	-1.67859928035642
306	28.1333333333333	0.402102496714849	0.66984126984127	0.0919389978213508	1.66584707957257	-1.67859928035642
307	28.2	0.403416557161629	0.671428571428571	0.09185667752443	1.66435551419265	-1.67859928035642
308	28.2666666666667	0.40473061760841	0.673015873015873	0.0917748917748918	1.66287363430221	-1.67859928035642
309	28.3333333333333	0.40604467805519	0.674603174603175	0.0916936353829558	1.66140134586737	-1.67859928035642
310	28.4	0.407358738501971	0.676190476190476	0.0916129032258065	1.65993855606759	-1.67859928035642
311	28.4666666666667	0.408672798948752	0.677777777777778	0.0915326902465166	1.65848517327617	-1.67859928035642
312	28.5333333333333	0.409986859395532	0.679365079365079	0.0914529914529915	1.65704110704111	-1.67859928035642
313	28.6	0.411300919842313	0.680952380952381	0.0913738019169329	1.65560626806633	-1.67859928035642
314	28.6666666666667	0.412614980289093	0.682539682539683	0.0912951167728238	1.65418056819331	-1.67859928035642
315	28.7333333333333	0.413929040735874	0.684126984126984	0.0912169312169312	1.65276392038297	-1.67859928035642
316	28.8	0.415243101182654	0.685714285714286	0.0911392405063291	1.65135623869801	-1.67859928035642
317	28.8666666666667	0.416557161629435	0.687301587301587	0.091062039957939	1.64995743828551	-1.67859928035642
318	28.9333333333333	0.417871222076216	0.688888888888889	0.0909853249475891	1.64856743535989	-1.67859928035642
319	29	0.419185282522996	0.690476190476191	0.0909090909090909	1.64718614718615	-1.67859928035642
320	29	0.420499342969777	0.690476190476191	0.090625	1.64203869047619	-1.68356762332854
321	29	0.421813403416557	0.690476190476191	0.0903426791277258	1.6369233051476	-1.69316042391144
322	29	0.423127463863338	0.690476190476191	0.0900621118012422	1.6318396923987	-1.69740671314304
323	29	0.424441524310118	0.690476190476191	0.0897832817337461	1.62678755712811	-1.69933852520772
324	29	0.425755584756899	0.690476190476191	0.0895061728395062	1.62176660787772	-1.69933852520772
325	29	0.427069645203679	0.690476190476191	0.0892307692307692	1.61677655677656	-1.69933852520772
326	29	0.42838370565046	0.690476190476191	0.0889570552147239	1.61181711948583	-1.69933852520772
327	29.0625	0.429697766097241	0.691964285714286	0.0888761467889908	1.61035113586719	-1.72029014397817
328	29.125	0.431011826544021	0.693452380952381	0.0887957317073171	1.60889409117305	-1.72029014397817
329	29.1875	0.432325886990802	0.694940476190476	0.0887158054711246	1.60744590389347	-1.72029014397817
330	29.25	0.433639947437582	0.696428571428571	0.0886363636363636	1.60600649350649	-1.72029014397817
331	29.3125	0.434954007884363	0.697916666666667	0.0885574018126888	1.60457578046324	-1.72029014397817
332	29.375	0.436268068331143	0.699404761904762	0.0884789156626506	1.60315368617326	-1.72029014397817
333	29.4375	0.437582128777924	0.700892857142857	0.0884009009009009	1.60174013299013	-1.72029014397817
334	29.5	0.438896189224704	0.702380952380952	0.0883233532934132	1.60033504419732	-1.72029014397817
335	29.5625	0.440210249671485	0.703869047619048	0.0882462686567164	1.59893834399431	-1.72029014397817
336	29.625	0.441524310118265	0.705357142857143	0.0881696428571429	1.59754995748299	-1.72029014397817
337	29.6875	0.442838370565046	0.706845238095238	0.088093471810089	1.59616981065423	-1.72029014397817
338	29.75	0.444152431011827	0.708333333333333	0.08801775147929	1.59479783037475	-1.72029014397817
339	29.8125	0.445466491458607	0.709821428571429	0.0879424778761062	1.59343394437421	-1.72029014397817
340	29.875	0.446780551905388	0.711309523809524	0.0878676470588235	1.59207808123249	-1.72029014397817
341	29.9375	0.448094612352168	0.712797619047619	0.0877932551319648	1.59073017036727	-1.72029014397817
342	30	0.449408672798949	0.714285714285714	0.087719298245614	1.58939014202172	-1.72029014397817
343	30.0625	0.450722733245729	0.71577380952381	0.0876457725947522	1.58805792725253	-1.72029014397817
344	30.125	0.45203679369251	0.717261904761905	0.0875726744186047	1.58673345791805	-1.72029014397817
345	30.1875	0.45335085413929	0.71875	0.0875	1.58541666666667	-1.72029014397817
346	30.25	0.454664914586071	0.720238095238095	0.0874277456647399	1.58410748692541	-1.72029014397817
347	30.3125	0.455978975032852	0.721726190476191	0.0873559077809798	1.58280585288871	-1.72029014397817
348	30.375	0.457293035479632	0.723214285714286	0.0872844827586207	1.58151169950739	-1.72029014397817
349	30.4375	0.458607095926413	0.724702380952381	0.0872134670487106	1.58022496247783	-1.72029014397817
350	30.5	0.459921156373193	0.726190476190476	0.0871428571428572	1.57894557823129	-1.72029014397817
351	30.5625	0.461235216819974	0.727678571428571	0.0870726495726496	1.57767348392348	-1.72029014397817
352	30.625	0.462549277266754	0.729166666666667	0.0870028409090909	1.57640861742424	-1.72029014397817
353	30.6875	0.463863337713535	0.730654761904762	0.0869334277620397	1.57515091730743	-1.72029014397817
354	30.75	0.465177398160315	0.732142857142857	0.086864406779661	1.573900322841	-1.72029014397817
355	30.8125	0.466491458607096	0.733630952380952	0.0867957746478873	1.5726567739772	-1.72029014397817
356	30.875	0.467805519053877	0.735119047619048	0.0867275280898876	1.57142021134296	-1.72029014397817
357	30.9375	0.469119579500657	0.736607142857143	0.0866596638655462	1.57019057623049	-1.72029014397817
358	31	0.470433639947438	0.738095238095238	0.0865921787709497	1.56896781058792	-1.72029014397817
359	31.3333333333333	0.471747700394218	0.746031746031746	0.0872794800371402	1.58142105495866	-1.76014742017448
360	31.6666666666667	0.473061760840999	0.753968253968254	0.087962962962963	1.59380511463845	-1.76014742017448
361	32	0.474375821287779	0.761904761904762	0.0886426592797784	1.60612056456932	-1.76014742017448
362	32.25	0.47568988173456	0.767857142857143	0.0890883977900552	1.61419692186267	-1.76255889359729
363	32.5	0.47700394218134	0.773809523809524	0.0895316804407714	1.62222878131969	-1.76255889359729
364	32.75	0.478318002628121	0.779761904761905	0.0899725274725275	1.6302165096808	-1.76255889359729
365	33	0.479632063074901	0.785714285714286	0.0904109589041096	1.63816046966732	-1.76255889359729
366	33	0.480946123521682	0.785714285714286	0.0901639344262295	1.63368462138954	-1.77195576002477
367	33	0.482260183968463	0.785714285714286	0.0899182561307902	1.62923316465551	-1.77195576002477
368	33	0.483574244415243	0.785714285714286	0.0896739130434783	1.62480590062112	-1.77195576002477
369	33	0.484888304862024	0.785714285714286	0.0894308943089431	1.62040263259775	-1.77195576002477
370	33	0.486202365308804	0.785714285714286	0.0891891891891892	1.61602316602317	-1.81769177201224
371	33	0.487516425755585	0.785714285714286	0.0889487870619946	1.61166730843281	-1.81769177201224
372	33	0.488830486202365	0.785714285714286	0.0887096774193548	1.60733486943164	-1.94699017448132
373	33	0.490144546649146	0.785714285714286	0.0884718498659517	1.60302566066641	-1.94699017448132
374	33	0.491458607095926	0.785714285714286	0.0882352941176471	1.59873949579832	-1.9622549090731
375	34	0.492772667542707	0.80952380952381	0.0906666666666667	1.64279365079365	-1.98517282501605
376	34	0.494086727989488	0.80952380952381	0.0904255319148936	1.63842451874367	-2.04207032436445
377	34	0.495400788436268	0.80952380952381	0.0901856763925729	1.63407856511305	-2.04207032436445
378	35	0.496714848883049	0.833333333333333	0.0925925925925926	1.67768959435626	-2.05034622054033
379	35.2	0.498028909329829	0.838095238095238	0.0928759894459103	1.68282447543661	-2.08300725625456
380	35.4	0.49934296977661	0.842857142857143	0.0931578947368421	1.68793233082707	-2.08300725625456
381	35.6	0.50065703022339	0.847619047619048	0.0934383202099738	1.69301337332833	-2.08300725625456
382	35.8	0.501971090670171	0.852380952380952	0.093717277486911	1.69806781351284	-2.08300725625456
383	36	0.503285151116951	0.857142857142857	0.0939947780678851	1.70309585975382	-2.08300725625456
384	36	0.504599211563732	0.857142857142857	0.09375	1.69866071428571	-2.12287320570045
385	36	0.505913272010513	0.857142857142857	0.0935064935064935	1.69424860853432	-2.12287320570045
386	36	0.507227332457293	0.857142857142857	0.0932642487046632	1.68985936343449	-2.12287320570045
387	36	0.508541392904074	0.857142857142857	0.0930232558139535	1.68549280177187	-2.12287320570045
388	36	0.509855453350854	0.857142857142857	0.0927835051546392	1.68114874815906	-2.12853280090308
389	36	0.511169513797635	0.857142857142857	0.0925449871465296	1.67682702901212	-2.12853280090308
390	36	0.512483574244415	0.857142857142857	0.0923076923076923	1.67252747252747	-2.12853280090308
391	36	0.513797634691196	0.857142857142857	0.0920716112531969	1.66824990865912	-2.12853280090308
392	36	0.515111695137976	0.857142857142857	0.0918367346938776	1.66399416909621	-2.21574750167348
393	36	0.516425755584757	0.857142857142857	0.0916030534351145	1.659760087241	-2.21574750167348
394	36	0.517739816031537	0.857142857142857	0.0913705583756345	1.65554749818709	-2.21574750167348
395	36	0.519053876478318	0.857142857142857	0.0911392405063291	1.65135623869801	-2.21574750167348
396	36	0.520367936925099	0.857142857142857	0.0909090909090909	1.64718614718615	-2.21574750167348
397	36	0.521681997371879	0.857142857142857	0.0906801007556675	1.64303706369198	-2.21574750167348
398	36	0.52299605781866	0.857142857142857	0.0904522613065327	1.6389088298636	-2.21574750167348
399	36	0.52431011826544	0.857142857142857	0.0902255639097744	1.63480128893663	-2.21574750167348
400	36	0.525624178712221	0.857142857142857	0.09	1.63071428571429	-2.25499621088555
401	36	0.526938239159001	0.857142857142857	0.0897755610972569	1.62664766654792	-2.31936488669774
402	36	0.528252299605782	0.857142857142857	0.0895522388059701	1.6226012793177	-2.31936488669774
403	36	0.529566360052562	0.857142857142857	0.0893300248138958	1.61857497341368	-2.31936488669774
404	36	0.530880420499343	0.857142857142857	0.0891089108910891	1.61456859971711	-2.31936488669774
405	36	0.532194480946124	0.857142857142857	0.0888888888888889	1.61058201058201	-2.31936488669774
406	36	0.533508541392904	0.857142857142857	0.0886699507389163	1.60661505981703	-2.31936488669774
407	36	0.534822601839685	0.857142857142857	0.0884520884520885	1.6026676026676	-2.31936488669774
408	36	0.536136662286465	0.857142857142857	0.0882352941176471	1.59873949579832	-2.44170967201182
409	36	0.537450722733246	0.857142857142857	0.0880195599022005	1.59483059727559	-2.44170967201182
410	36	0.538764783180026	0.857142857142857	0.0878048780487805	1.59094076655052	-2.44869137071282
411	36	0.540078843626807	0.857142857142857	0.0875912408759124	1.58706986444213	-2.44869137071282
412	36	0.541392904073588	0.857142857142857	0.087378640776699	1.58321775312067	-2.44869137071282
413	36	0.542706964520368	0.857142857142857	0.0871670702179177	1.57938429609132	-2.44869137071282
414	36	0.544021024967148	0.857142857142857	0.0869565217391304	1.57556935817805	-2.44869137071282
415	36	0.545335085413929	0.857142857142857	0.0867469879518072	1.57177280550775	-2.44869137071282
416	36	0.54664914586071	0.857142857142857	0.0865384615384615	1.56799450549451	-2.44869137071282
417	36	0.54796320630749	0.857142857142857	0.0863309352517986	1.56423432682426	-2.44869137071282
418	36	0.549277266754271	0.857142857142857	0.0861244019138756	1.56049213943951	-2.44869137071282
419	36	0.550591327201051	0.857142857142857	0.0859188544152745	1.55676781452438	-2.44869137071282
420	36	0.551905387647832	0.857142857142857	0.0857142857142857	1.5530612244898	-2.44869137071282
421	36	0.553219448094612	0.857142857142857	0.0855106888361045	1.54937224295894	-2.44869137071282
422	36	0.554533508541393	0.857142857142857	0.0853080568720379	1.54570074475288	-2.44869137071282
423	36	0.555847568988173	0.857142857142857	0.0851063829787234	1.54204660587639	-2.44869137071282
424	36	0.557161629434954	0.857142857142857	0.0849056603773585	1.53840970350404	-2.44869137071282
425	36	0.558475689881735	0.857142857142857	0.0847058823529412	1.53478991596639	-2.44869137071282
426	36	0.559789750328515	0.857142857142857	0.0845070422535211	1.53118712273642	-2.44869137071282
427	36	0.561103810775296	0.857142857142857	0.0843091334894614	1.52760120441619	-2.44869137071282
428	36	0.562417871222076	0.857142857142857	0.0841121495327103	1.52403204272363	-2.44869137071282
429	36	0.563731931668857	0.857142857142857	0.0839160839160839	1.52047952047952	-2.44869137071282
430	36	0.565045992115637	0.857142857142857	0.0837209302325582	1.51694352159468	-2.44869137071282
431	36	0.566360052562418	0.857142857142857	0.0835266821345708	1.51342393105734	-2.44869137071282
432	36	0.567674113009199	0.857142857142857	0.0833333333333333	1.50992063492064	-2.44869137071282
433	36	0.568988173455979	0.857142857142857	0.0831408775981524	1.50643352029033	-2.44869137071282
434	36	0.57030223390276	0.857142857142857	0.0829493087557604	1.50296247531271	-2.44869137071282
435	36	0.57161629434954	0.857142857142857	0.0827586206896552	1.49950738916256	-2.44869137071282
436	36	0.572930354796321	0.857142857142857	0.0825688073394496	1.49606815203146	-2.44869137071282
437	36	0.574244415243101	0.857142857142857	0.0823798627002288	1.49264465511605	-2.44869137071282
438	36	0.575558475689882	0.857142857142857	0.0821917808219178	1.48923679060665	-2.44869137071282
439	36	0.576872536136662	0.857142857142857	0.082004555808656	1.48584445167589	-2.44869137071282
440	36	0.578186596583443	0.857142857142857	0.0818181818181818	1.48246753246753	-2.44869137071282
441	36	0.579500657030223	0.857142857142857	0.0816326530612245	1.47910592808552	-2.44869137071282
442	36	0.580814717477004	0.857142857142857	0.081447963800905	1.47575953458306	-2.44869137071282
443	36	0.582128777923785	0.857142857142857	0.0812641083521445	1.47242824895195	-2.44869137071282
444	36	0.583442838370565	0.857142857142857	0.0810810810810811	1.46911196911197	-2.44869137071282
445	36	0.584756898817346	0.857142857142857	0.0808988764044944	1.46581059390048	-2.44869137071282
446	36	0.586070959264126	0.857142857142857	0.0807174887892377	1.46252402306214	-2.44869137071282
447	36	0.587385019710907	0.857142857142857	0.0805369127516778	1.45925215723873	-2.44869137071282
448	36	0.588699080157687	0.857142857142857	0.0803571428571429	1.45599489795918	-2.44869137071282
449	36	0.590013140604468	0.857142857142857	0.0801781737193764	1.45275214762965	-2.44869137071282
450	36	0.591327201051248	0.857142857142857	0.08	1.44952380952381	-2.44869137071282
451	36	0.592641261498029	0.857142857142857	0.0798226164079823	1.4463097877732	-2.44869137071282
452	36	0.59395532194481	0.857142857142857	0.079646017699115	1.44310998735778	-2.44869137071282
453	36	0.59526938239159	0.857142857142857	0.0794701986754967	1.4399243140965	-2.44869137071282
454	36	0.596583442838371	0.857142857142857	0.079295154185022	1.43675267463814	-2.44869137071282
455	36	0.597897503285151	0.857142857142857	0.0791208791208791	1.43359497645212	-2.44869137071282
456	36	0.599211563731932	0.857142857142857	0.0789473684210526	1.43045112781955	-2.44869137071282
457	36	0.600525624178712	0.857142857142857	0.0787746170678337	1.42732103782432	-2.44869137071282
458	36	0.601839684625493	0.857142857142857	0.0786026200873363	1.42420461634435	-2.44869137071282
459	36	0.603153745072273	0.857142857142857	0.0784313725490196	1.42110177404295	-2.44869137071282
460	36	0.604467805519054	0.857142857142857	0.0782608695652174	1.41801242236025	-2.44869137071282
461	36	0.605781865965834	0.857142857142857	0.0780911062906725	1.4149364735048	-2.44869137071282
462	36	0.607095926412615	0.857142857142857	0.0779220779220779	1.41187384044527	-2.44869137071282
463	36	0.608409986859396	0.857142857142857	0.0777537796976242	1.40882443690219	-2.44869137071282
464	36	0.609724047306176	0.857142857142857	0.0775862068965517	1.4057881773399	-2.44869137071282
465	36	0.611038107752957	0.857142857142857	0.0774193548387097	1.40276497695853	-2.44869137071282
466	36	0.612352168199737	0.857142857142857	0.0772532188841202	1.39975475168608	-2.44869137071282
467	36	0.613666228646518	0.857142857142857	0.0770877944325482	1.39675741817069	-2.44869137071282
468	36	0.614980289093298	0.857142857142857	0.0769230769230769	1.39377289377289	-2.44869137071282
469	36	0.616294349540079	0.857142857142857	0.0767590618336887	1.39080109655803	-2.44869137071282
470	36	0.617608409986859	0.857142857142857	0.0765957446808511	1.38784194528875	-2.44869137071282
471	36	0.61892247043364	0.857142857142857	0.0764331210191083	1.38489535941765	-2.44869137071282
472	36	0.620236530880421	0.857142857142857	0.076271186440678	1.3819612590799	-2.44869137071282
473	36	0.621550591327201	0.857142857142857	0.0761099365750529	1.37903956508608	-2.44869137071282
474	36	0.622864651773982	0.857142857142857	0.0759493670886076	1.37613019891501	-2.44869137071282
475	36	0.624178712220762	0.857142857142857	0.0757894736842105	1.37323308270677	-2.44869137071282
476	36	0.625492772667543	0.857142857142857	0.0756302521008403	1.3703481392557	-2.44869137071282
477	36	0.626806833114323	0.857142857142857	0.0754716981132076	1.36747529200359	-2.44869137071282
478	36	0.628120893561104	0.857142857142857	0.0753138075313808	1.36461446503288	-2.44869137071282
479	36	0.629434954007884	0.857142857142857	0.0751565762004175	1.36176558305995	-2.44869137071282
480	36	0.630749014454665	0.857142857142857	0.075	1.35892857142857	-2.44869137071282
481	36	0.632063074901445	0.857142857142857	0.0748440748440749	1.35610335610336	-2.44869137071282
482	36	0.633377135348226	0.857142857142857	0.0746887966804979	1.35328986366331	-2.44869137071282
483	36	0.634691195795007	0.857142857142857	0.0745341614906832	1.35048802129547	-2.44869137071282
484	36	0.636005256241787	0.857142857142857	0.0743801652892562	1.34769775678867	-2.44869137071282
485	36	0.637319316688568	0.857142857142857	0.0742268041237113	1.34491899852725	-2.44869137071282
486	36	0.638633377135348	0.857142857142857	0.0740740740740741	1.34215167548501	-2.44869137071282
487	36	0.639947437582129	0.857142857142857	0.0739219712525667	1.33939571721913	-2.44869137071282
488	36	0.641261498028909	0.857142857142857	0.0737704918032787	1.33665105386417	-2.44869137071282
489	36	0.64257555847569	0.857142857142857	0.0736196319018405	1.33391761612621	-2.44869137071282
490	36	0.64388961892247	0.857142857142857	0.0734693877551021	1.33119533527697	-2.44869137071282
491	36	0.645203679369251	0.857142857142857	0.0733197556008147	1.32848414314809	-2.44869137071282
492	36	0.646517739816032	0.857142857142857	0.0731707317073171	1.32578397212544	-2.44869137071282
493	36	0.647831800262812	0.857142857142857	0.0730223123732252	1.32309475514344	-2.44869137071282
494	36	0.649145860709593	0.857142857142857	0.0728744939271255	1.32041642567958	-2.44869137071282
495	36	0.650459921156373	0.857142857142857	0.0727272727272727	1.31774891774892	-2.44869137071282
496	36	0.651773981603154	0.857142857142857	0.0725806451612903	1.31509216589862	-2.44869137071282
497	36	0.653088042049934	0.857142857142857	0.0724346076458753	1.31244610520264	-2.44869137071282
498	36	0.654402102496715	0.857142857142857	0.072289156626506	1.30981067125645	-2.44869137071282
499	36	0.655716162943496	0.857142857142857	0.0721442885771543	1.30718580017177	-2.44869137071282
500	36	0.657030223390276	0.857142857142857	0.072	1.30457142857143	-2.44869137071282
501	36	0.658344283837057	0.857142857142857	0.0718562874251497	1.30196749358426	-2.50089678304599
502	36	0.659658344283837	0.857142857142857	0.0717131474103586	1.29937393284007	-2.50089678304599
503	36	0.660972404730618	0.857142857142857	0.0715705765407555	1.29679068446464	-2.50089678304599
504	36.0789473684211	0.662286465177398	0.859022556390977	0.0715852130325815	1.29705588375701	-2.56442075108792
505	36.1578947368421	0.663600525624179	0.860902255639098	0.0715997915581032	1.29732003275516	-2.56442075108792
506	36.2368421052632	0.664914586070959	0.862781954887218	0.0716143124609944	1.29758313768611	-2.56442075108792
507	36.3157894736842	0.66622864651774	0.864661654135338	0.0716287760822174	1.2978452047278	-2.56442075108792
508	36.3947368421053	0.66754270696452	0.866541353383459	0.0716431827600497	1.29810624000947	-2.56442075108792
509	36.4736842105263	0.668856767411301	0.868421052631579	0.0716575328301106	1.29836624961224	-2.56442075108792
510	36.5526315789474	0.670170827858081	0.870300751879699	0.071671826625387	1.29862523956951	-2.56442075108792
511	36.6315789473684	0.671484888304862	0.87218045112782	0.0716860644762591	1.29888321586746	-2.56442075108792
512	36.7105263157895	0.672798948751643	0.87406015037594	0.0717002467105263	1.29914018444549	-2.56442075108792
513	36.7894736842105	0.674113009198423	0.87593984962406	0.0717143736534318	1.29939615119671	-2.56442075108792
514	36.8684210526316	0.675427069645204	0.877819548872181	0.0717284456276879	1.29965112196835	-2.56442075108792
515	36.9473684210526	0.676741130091984	0.879699248120301	0.0717424629535003	1.29990510256223	-2.56442075108792
516	37.0263157894737	0.678055190538765	0.881578947368421	0.0717564259485924	1.30015809873521	-2.56442075108792
517	37.1052631578947	0.679369250985545	0.883458646616541	0.0717703349282297	1.30041011619959	-2.56442075108792
518	37.1842105263158	0.680683311432326	0.885338345864662	0.0717841902052428	1.30066116062357	-2.56442075108792
519	37.2631578947368	0.681997371879107	0.887218045112782	0.0717979920900517	1.30091123763165	-2.56442075108792
520	37.3421052631579	0.683311432325887	0.889097744360902	0.0718117408906883	1.30116035280509	-2.56442075108792
521	37.4210526315789	0.684625492772668	0.890977443609023	0.0718254369128195	1.30140851168228	-2.56442075108792
522	37.5	0.685939553219448	0.892857142857143	0.0718390804597701	1.30165571975917	-2.56442075108792
523	37.5789473684211	0.687253613666229	0.894736842105263	0.071852671832545	1.30190198248969	-2.56442075108792
524	37.6578947368421	0.688567674113009	0.896616541353384	0.0718662113298513	1.30214730528612	-2.56442075108792
525	37.7368421052632	0.68988173455979	0.898496240601504	0.0718796992481203	1.30239169351951	-2.56442075108792
526	37.8157894736842	0.69119579500657	0.900375939849624	0.0718931358815289	1.30263515252008	-2.56442075108792
527	37.8947368421053	0.692509855453351	0.902255639097744	0.0719065215220214	1.30287768757758	-2.56442075108792
528	37.9736842105263	0.693823915900131	0.904135338345865	0.0719198564593301	1.30311930394167	-2.56442075108792
529	38.0526315789474	0.695137976346912	0.906015037593985	0.0719331409809969	1.30336000682235	-2.56442075108792
530	38.1315789473684	0.696452036793693	0.907894736842105	0.0719463753723933	1.30359980139027	-2.56442075108792
531	38.2105263157895	0.697766097240473	0.909774436090226	0.071959559916741	1.30383869277714	-2.56442075108792
532	38.2894736842105	0.699080157687254	0.911654135338346	0.0719726948951326	1.30407668607609	-2.56442075108792
533	38.3684210526316	0.700394218134034	0.913533834586466	0.0719857805865508	1.30431378634203	-2.56442075108792
534	38.4473684210526	0.701708278580815	0.915413533834587	0.0719988172678888	1.30454999859199	-2.56442075108792
535	38.5263157894737	0.703022339027595	0.917293233082707	0.0720118052139695	1.3047853278055	-2.56442075108792
536	38.6052631578947	0.704336399474376	0.919172932330827	0.0720247446975648	1.30501977892492	-2.56442075108792
537	38.6842105263158	0.705650459921156	0.921052631578947	0.0720376359894149	1.30525335685583	-2.56442075108792
538	38.7631578947368	0.706964520367937	0.922932330827068	0.0720504793582469	1.30548606646728	-2.56442075108792
539	38.8421052631579	0.708278580814718	0.924812030075188	0.0720632750707939	1.30571791259224	-2.56442075108792
540	38.9210526315789	0.709592641261498	0.926691729323308	0.0720760233918129	1.30594890002785	-2.56442075108792
541	39	0.710906701708279	0.928571428571429	0.0720887245841035	1.30617903353578	-2.56442075108792
542	39	0.712220762155059	0.928571428571429	0.0719557195571956	1.30376910911966	-2.63097876865493
543	39	0.71353482260184	0.928571428571429	0.0718232044198895	1.30136806103657	-2.63097876865493
544	39	0.71484888304862	0.928571428571429	0.0716911764705882	1.29897584033613	-2.63097876865493
545	39	0.716162943495401	0.928571428571429	0.0715596330275229	1.29659239842726	-2.63097876865493
546	39	0.717477003942181	0.928571428571429	0.0714285714285714	1.29421768707483	-2.63097876865493
547	39	0.718791064388962	0.928571428571429	0.0712979890310786	1.29185165839645	-2.63097876865493
548	39	0.720105124835742	0.928571428571429	0.0711678832116788	1.28949426485923	-2.63097876865493
549	39	0.721419185282523	0.928571428571429	0.0710382513661202	1.28714545927661	-3.09119398595536
550	39	0.722733245729304	0.928571428571429	0.0709090909090909	1.28480519480519	-3.09119398595536
551	39	0.724047306176084	0.928571428571429	0.0707803992740472	1.28247342494166	-3.09381028692862
552	39	0.725361366622865	0.928571428571429	0.0706521739130435	1.28015010351967	-3.09381028692862
553	39	0.726675427069645	0.928571428571429	0.0705244122965642	1.27783518470679	-3.09381028692862
554	39	0.727989487516426	0.928571428571429	0.0703971119133574	1.27552862300155	-3.09381028692862
555	39	0.729303547963206	0.928571428571429	0.0702702702702703	1.27323037323037	-3.09381028692862
556	39	0.730617608409987	0.928571428571429	0.0701438848920863	1.27094039054471	-3.09381028692862
557	39	0.731931668856768	0.928571428571429	0.0700179533213645	1.26865863041806	-3.09381028692862
558	39	0.733245729303548	0.928571428571429	0.0698924731182796	1.26638504864311	-3.09381028692862
559	39	0.734559789750329	0.928571428571429	0.0697674418604651	1.2641196013289	-3.09381028692862
560	39	0.735873850197109	0.928571428571429	0.0696428571428571	1.26186224489796	-3.09381028692862
561	39	0.73718791064389	0.928571428571429	0.0695187165775401	1.25961293608352	-3.21762468667604
562	39	0.73850197109067	0.928571428571429	0.0693950177935943	1.25737163192679	-3.21762468667604
563	39	0.739816031537451	0.928571428571429	0.0692717584369449	1.25513828977417	-3.21762468667604
564	39	0.741130091984231	0.928571428571429	0.0691489361702128	1.25291286727457	-3.21762468667604
565	39	0.742444152431012	0.928571428571429	0.0690265486725664	1.25069532237674	-3.21762468667604
566	39	0.743758212877792	0.928571428571429	0.068904593639576	1.2484856133266	-3.21762468667604
567	39	0.745072273324573	0.928571428571429	0.0687830687830688	1.24628369866465	-3.21762468667604
568	39	0.746386333771353	0.928571428571429	0.0686619718309859	1.24408953722334	-3.21762468667604
569	39	0.747700394218134	0.928571428571429	0.0685413005272408	1.24190308812453	-3.21762468667604
570	39	0.749014454664915	0.928571428571429	0.068421052631579	1.23972431077694	-3.21762468667604
571	39	0.750328515111695	0.928571428571429	0.0683012259194396	1.23755316487366	-3.21762468667604
572	39	0.751642575558476	0.928571428571429	0.0681818181818182	1.23538961038961	-3.21762468667604
573	39	0.752956636005256	0.928571428571429	0.0680628272251309	1.23323360757916	-3.21762468667604
574	39	0.754270696452037	0.928571428571429	0.0679442508710801	1.23108511697362	-3.21762468667604
575	39	0.755584756898817	0.928571428571429	0.0678260869565218	1.22894409937888	-3.21762468667604
576	39	0.756898817345598	0.928571428571429	0.0677083333333333	1.22681051587302	-3.21762468667604
577	39	0.758212877792379	0.928571428571429	0.0675909878682842	1.22468432780391	-3.21762468667604
578	39	0.759526938239159	0.928571428571429	0.0674740484429066	1.22256549678695	-3.21762468667604
579	39	0.76084099868594	0.928571428571429	0.0673575129533679	1.22045398470269	-3.21762468667604
580	39	0.76215505913272	0.928571428571429	0.0672413793103448	1.21834975369458	-3.21762468667604
581	39	0.763469119579501	0.928571428571429	0.0671256454388985	1.21625276616671	-3.21762468667604
582	39	0.764783180026281	0.928571428571429	0.0670103092783505	1.21416298478154	-3.21762468667604
583	39	0.766097240473062	0.928571428571429	0.0668953687821612	1.21208037245773	-3.21762468667604
584	39	0.767411300919842	0.928571428571429	0.0667808219178082	1.21000489236791	-3.21762468667604
585	39	0.768725361366623	0.928571428571429	0.0666666666666667	1.20793650793651	-3.21762468667604
586	39	0.770039421813404	0.928571428571429	0.0665529010238908	1.20587518283764	-3.21762468667604
587	39	0.771353482260184	0.928571428571429	0.0664395229982964	1.20382088099294	-3.21762468667604
588	39	0.772667542706965	0.928571428571429	0.0663265306122449	1.20177356656949	-3.21762468667604
589	39	0.773981603153745	0.928571428571429	0.066213921901528	1.19973320397769	-3.21762468667604
590	39	0.775295663600526	0.928571428571429	0.0661016949152542	1.19769975786925	-3.21762468667604
591	39	0.776609724047306	0.928571428571429	0.0659898477157361	1.19567319313512	-3.21762468667604
592	39	0.777923784494087	0.928571428571429	0.0658783783783784	1.19365347490347	-3.21762468667604
593	39	0.779237844940867	0.928571428571429	0.0657672849915683	1.1916405685377	-3.21762468667604
594	39	0.780551905387648	0.928571428571429	0.0656565656565657	1.18963443963444	-3.21762468667604
595	39.0769230769231	0.781865965834428	0.93040293040293	0.0656755009696186	1.18997752947333	-3.22590058285192
596	39.1538461538462	0.783180026281209	0.932234432234432	0.0656943727413526	1.19031946800403	-3.22590058285192
597	39.2307692307692	0.78449408672799	0.934065934065934	0.0657131812910708	1.19066026101202	-3.22590058285192
598	39.3076923076923	0.78580814717477	0.935897435897436	0.0657319269359403	1.19099991424406	-3.22590058285192
599	39.3846153846154	0.787122207621551	0.937728937728938	0.0657506099910107	1.19133843340855	-3.22590058285192
600	39.4615384615385	0.788436268068331	0.93956043956044	0.0657692307692308	1.19167582417582	-3.22590058285192
601	39.5384615384615	0.789750328515112	0.941391941391941	0.0657877895814668	1.19201209217848	-3.22590058285192
602	39.6153846153846	0.791064388961892	0.943223443223443	0.0658062867365193	1.19234724301169	-3.22590058285192
603	39.6923076923077	0.792378449408673	0.945054945054945	0.0658247225411405	1.19268128223352	-3.22590058285192
604	39.7692307692308	0.793692509855453	0.946886446886447	0.0658430973000509	1.19301421536521	-3.22590058285192
605	39.8461538461538	0.795006570302234	0.948717948717949	0.0658614113159568	1.1933460478915	-3.22590058285192
606	39.9230769230769	0.796320630749015	0.950549450549451	0.0658796648895659	1.19367678526094	-3.22590058285192
607	40	0.797634691195795	0.952380952380952	0.0658978583196046	1.19400643288617	-3.22590058285192
608	40.0148148148148	0.798948751642576	0.952733686067019	0.0658138401559454	1.19248410377796	-3.42606771000597
609	40.0296296296296	0.800262812089356	0.953086419753087	0.065730097914006	1.19096677410854	-3.42606771000597
610	40.0444444444444	0.801576872536137	0.953439153439153	0.0656466302367942	1.18945441929048	-3.42606771000597
611	40.0592592592593	0.802890932982917	0.95379188712522	0.0655634357762017	1.18794701489737	-3.42606771000597
612	40.0740740740741	0.804204993429698	0.954144620811288	0.0654805131929315	1.1864445366624	-3.42606771000597
613	40.0888888888889	0.805519053876478	0.954497354497354	0.0653978611564256	1.18494696047714	-3.42606771000597
614	40.1037037037037	0.806833114323259	0.954850088183422	0.0653154783447943	1.1834542623902	-3.42606771000597
615	40.1185185185185	0.80814717477004	0.955202821869489	0.0652333634447456	1.18196641860599	-3.42606771000597
616	40.1333333333333	0.80946123521682	0.955555555555556	0.0651515151515152	1.18048340548341	-3.42606771000597
617	40.1481481481482	0.810775295663601	0.955908289241622	0.0650699321687976	1.17900519953464	-3.42606771000597
618	40.162962962963	0.812089356110381	0.95626102292769	0.0649886132086779	1.1775317774239	-3.42606771000597
619	40.1777777777778	0.813403416557162	0.956613756613757	0.0649075569915634	1.17606311596619	-3.42606771000597
620	40.1925925925926	0.814717477003942	0.956966490299824	0.0648267622461171	1.17459919212607	-3.42606771000597
621	40.2074074074074	0.816031537450723	0.957319223985891	0.0647462277091907	1.17313998301653	-3.42606771000597
622	40.2222222222222	0.817345597897503	0.957671957671958	0.0646659521257592	1.17168546589768	-3.42606771000597
623	40.237037037037	0.818659658344284	0.958024691358025	0.0645859342488556	1.17023561817569	-3.42606771000597
624	40.2518518518519	0.819973718791064	0.958377425044092	0.0645061728395062	1.16879041740153	-3.42606771000597
625	40.2666666666667	0.821287779237845	0.958730158730159	0.0644266666666667	1.16734984126984	-3.42606771000597
626	40.2814814814815	0.822601839684626	0.959082892416226	0.0643474145071589	1.16591386761781	-3.42606771000597
627	40.2962962962963	0.823915900131406	0.959435626102293	0.0642684151456081	1.164482474424	-3.42606771000597
628	40.3111111111111	0.825229960578187	0.95978835978836	0.0641896673743808	1.16305563980723	-3.42606771000597
629	40.3259259259259	0.826544021024967	0.960141093474427	0.0641111699935229	1.1616333420255	-3.42606771000597
630	40.3407407407407	0.827858081471748	0.960493827160494	0.0640329218106996	1.16021555947482	-3.42606771000597
631	40.3555555555556	0.829172141918528	0.960846560846561	0.063954921641134	1.15880227068817	-3.42606771000597
632	40.3703703703704	0.830486202365309	0.961199294532628	0.0638771683075481	1.15739345433438	-3.42606771000597
633	40.3851851851852	0.831800262812089	0.961552028218695	0.063799660640103	1.1559890892171	-3.42606771000597
634	40.4	0.83311432325887	0.961904761904762	0.0637223974763407	1.1545891542737	-3.42606771000597
635	40.4148148148148	0.834428383705651	0.962257495590829	0.0636453776611257	1.15319362857421	-3.42606771000597
636	40.4296296296296	0.835742444152431	0.962610229276896	0.0635686000465875	1.15180249132031	-3.42606771000597
637	40.4444444444444	0.837056504599212	0.962962962962963	0.0634920634920635	1.15041572184429	-3.42606771000597
638	40.4592592592593	0.838370565045992	0.96331569664903	0.0634157668640427	1.14903329960801	-3.42606771000597
639	40.4740740740741	0.839684625492773	0.963668430335097	0.0633397090361097	1.14765520420189	-3.42606771000597
640	40.4888888888889	0.840998685939553	0.964021164021164	0.0632638888888889	1.14628141534392	-3.42606771000597
641	40.5037037037037	0.842312746386334	0.964373897707231	0.0631883053099902	1.14491191287863	-3.42606771000597
642	40.5185185185185	0.843626806833114	0.964726631393298	0.0631129571939541	1.14354667677617	-3.42606771000597
643	40.5333333333333	0.844940867279895	0.965079365079365	0.063037843442198	1.14218568713125	-3.42606771000597
644	40.5481481481482	0.846254927726676	0.965432098765432	0.062962962962963	1.14082892416226	-3.42606771000597
645	40.562962962963	0.847568988173456	0.965784832451499	0.0628883146712604	1.13947636821022	-3.42606771000597
646	40.5777777777778	0.848883048620237	0.966137566137566	0.0628138974888201	1.13812799973791	-3.42606771000597
647	40.5925925925926	0.850197109067017	0.966490299823633	0.062739710344038	1.13678379932888	-3.42606771000597
648	40.6074074074074	0.851511169513798	0.9668430335097	0.062665752171925	1.13544374768655	-3.42606771000597
649	40.6222222222222	0.852825229960578	0.967195767195767	0.0625920219140558	1.13410782563325	-3.42606771000597
650	40.637037037037	0.854139290407359	0.967548500881834	0.0625185185185185	1.13277601410935	-3.42606771000597
651	40.6518518518519	0.855453350854139	0.967901234567901	0.0624452409398646	1.13144829417231	-3.42606771000597
652	40.6666666666667	0.85676741130092	0.968253968253968	0.0623721881390593	1.13012464699581	-3.42606771000597
653	40.6814814814815	0.8580814717477	0.968606701940035	0.0622993590834326	1.12880505386886	-3.42606771000597
654	40.6962962962963	0.859395532194481	0.968959435626102	0.0622267527466304	1.1274894961949	-3.42606771000597
655	40.7111111111111	0.860709592641262	0.969312169312169	0.0621543681085666	1.12617795549093	-3.42606771000597
656	40.7259259259259	0.862023653088042	0.969664902998236	0.0620822041553749	1.12487041338667	-3.42606771000597
657	40.7407407407407	0.863337713534823	0.970017636684303	0.0620102598793619	1.12356685162368	-3.42606771000597
658	40.7555555555556	0.864651773981603	0.97037037037037	0.0619385342789598	1.12226725205449	-3.42606771000597
659	40.7703703703704	0.865965834428384	0.970723104056438	0.0618670263586804	1.1209715966418	-3.42606771000597
660	40.7851851851852	0.867279894875164	0.971075837742504	0.0617957351290685	1.11967986745765	-3.42606771000597
661	40.8	0.868593955321945	0.971428571428571	0.0617246596066566	1.11839204668252	-3.42606771000597
662	40.8148148148148	0.869908015768725	0.971781305114638	0.0616537988139197	1.11710811660459	-3.42606771000597
663	40.8296296296296	0.871222076215506	0.972134038800706	0.0615831517792302	1.11582805961891	-3.42606771000597
664	40.8444444444444	0.872536136662287	0.972486772486772	0.0615127175368139	1.11455185822656	-3.42606771000597
665	40.8592592592593	0.873850197109067	0.97283950617284	0.0614424951267057	1.11327949503388	-3.42606771000597
666	40.8740740740741	0.875164257555848	0.973192239858906	0.0613724835947058	1.11201095275169	-3.42606771000597
667	40.8888888888889	0.876478318002628	0.973544973544973	0.0613026819923372	1.11074621419449	-3.42606771000597
668	40.9037037037037	0.877792378449409	0.973897707231041	0.061233089376802	1.10948526227967	-3.42606771000597
669	40.9185185185185	0.879106438896189	0.974250440917108	0.0611637048109395	1.10822808002678	-3.42606771000597
670	40.9333333333333	0.88042049934297	0.974603174603175	0.0610945273631841	1.10697465055674	-3.42606771000597
671	40.9481481481482	0.88173455978975	0.974955908289242	0.0610255561075233	1.10572495709108	-3.42606771000597
672	40.962962962963	0.883048620236531	0.975308641975309	0.0609567901234568	1.10447898295121	-3.42606771000597
673	40.9777777777778	0.884362680683312	0.975661375661376	0.0608882284959551	1.10323671155766	-3.42606771000597
674	40.9925925925926	0.885676741130092	0.976014109347443	0.0608198703154193	1.10199812642938	-3.42606771000597
675	41.0074074074074	0.886990801576873	0.97636684303351	0.0607517146776406	1.10076321118296	-3.42606771000597
676	41.0222222222222	0.888304862023653	0.976719576719577	0.0606837606837607	1.09953194953195	-3.42606771000597
677	41.037037037037	0.889618922470434	0.977072310405644	0.060616007440232	1.09830432528611	-3.42606771000597
678	41.0518518518519	0.890932982917214	0.977425044091711	0.0605484540587785	1.09708032235073	-3.42606771000597
679	41.0666666666667	0.892247043363995	0.977777777777778	0.0604810996563574	1.0958599247259	-3.42606771000597
680	41.0814814814815	0.893561103810775	0.978130511463845	0.0604139433551198	1.09464311650586	-3.42606771000597
681	41.0962962962963	0.894875164257556	0.978483245149912	0.0603469842823734	1.09342988187824	-3.42606771000597
682	41.1111111111111	0.896189224704336	0.978835978835979	0.0602802215705442	1.09222020512343	-3.42606771000597
683	41.1259259259259	0.897503285151117	0.979188712522046	0.060213654357139	1.09101407061388	-3.42606771000597
684	41.1407407407407	0.898817345597898	0.979541446208113	0.0601472817847087	1.08981146281341	-3.42606771000597
685	41.1555555555556	0.900131406044678	0.97989417989418	0.060081103000811	1.0886123662766	-3.42606771000597
686	41.1703703703704	0.901445466491459	0.980246913580247	0.0600151171579743	1.08741676564806	-3.42606771000597
687	41.1851851851852	0.902759526938239	0.980599647266314	0.0599493234136611	1.08622464566181	-3.42606771000597
688	41.2	0.90407358738502	0.980952380952381	0.0598837209302326	1.08503599114064	-3.42606771000597
689	41.2148148148148	0.9053876478318	0.981305114638448	0.0598183088749127	1.08385078699544	-3.42606771000597
690	41.2296296296296	0.906701708278581	0.981657848324515	0.0597530864197531	1.08266901822457	-3.42606771000597
691	41.2444444444445	0.908015768725361	0.982010582010582	0.0596880527415983	1.08149066991325	-3.42606771000597
692	41.2592592592593	0.909329829172142	0.982363315696649	0.059623207022051	1.08031572723288	-3.42606771000597
693	41.2740740740741	0.910643889618922	0.982716049382716	0.0595585484474373	1.07914417544047	-3.42606771000597
694	41.2888888888889	0.911957950065703	0.983068783068783	0.0594940762087736	1.07797599987802	-3.42606771000597
695	41.3037037037037	0.913272010512484	0.98342151675485	0.059429789501732	1.07681118597186	-3.42606771000597
696	41.3185185185185	0.914586070959264	0.983774250440917	0.0593656875266071	1.07564971923209	-3.42606771000597
697	41.3333333333333	0.915900131406045	0.984126984126984	0.0593017694882831	1.07449158525199	-3.42606771000597
698	41.3481481481482	0.917214191852825	0.984479717813051	0.0592380345962008	1.07333676970735	-3.42606771000597
699	41.362962962963	0.918528252299606	0.984832451499118	0.0591744820643247	1.07218525835598	-3.42606771000597
700	41.3777777777778	0.919842312746386	0.985185185185185	0.0591111111111111	1.07103703703704	-3.42606771000597
701	41.3925925925926	0.921156373193167	0.985537918871252	0.0590479209594759	1.0698920916705	-3.42606771000597
702	41.4074074074074	0.922470433639947	0.985890652557319	0.0589849108367627	1.06875040825658	-3.42606771000597
703	41.4222222222222	0.923784494086728	0.986243386243386	0.0589220799747116	1.06761197287513	-3.42606771000597
704	41.437037037037	0.925098554533509	0.986596119929453	0.0588594276094276	1.06647677168511	-3.42606771000597
705	41.4518518518519	0.926412614980289	0.98694885361552	0.0587969529813501	1.06534479092399	-3.42606771000597
706	41.4666666666667	0.92772667542707	0.987301587301587	0.0587346553352219	1.06421601690724	-3.42606771000597
707	41.4814814814815	0.92904073587385	0.987654320987654	0.0586725339200587	1.06309043602773	-3.42606771000597
708	41.4962962962963	0.930354796320631	0.988007054673721	0.0586105879891191	1.06196803475523	-3.42606771000597
709	41.5111111111111	0.931668856767411	0.988359788359788	0.0585488167998746	1.06084879963582	-3.42606771000597
710	41.5259259259259	0.932982917214192	0.988712522045855	0.0584872196139802	1.0597327172914	-3.42606771000597
711	41.5407407407407	0.934296977660972	0.989065255731922	0.0584257956972444	1.05861977441912	-3.42606771000597
712	41.5555555555556	0.935611038107753	0.989417989417989	0.0583645443196005	1.05750995779086	-3.42606771000597
713	41.5703703703704	0.936925098554534	0.989770723104056	0.0583034647550777	1.05640325425272	-3.42606771000597
714	41.5851851851852	0.938239159001314	0.990123456790123	0.058242556281772	1.05529965072449	-3.42606771000597
715	41.6	0.939553219448095	0.990476190476191	0.0581818181818182	1.05419913419913	-3.42606771000597
716	41.6148148148148	0.940867279894875	0.990828924162257	0.0581212497413615	1.05310169174229	-3.42606771000597
717	41.6296296296296	0.942181340341656	0.991181657848325	0.0580608502505295	1.05200731049174	-3.42606771000597
718	41.6444444444444	0.943495400788436	0.991534391534392	0.0580006190034045	1.05091597765692	-3.42606771000597
719	41.6592592592593	0.944809461235217	0.991887125220459	0.0579405552979962	1.04982768051845	-3.42606771000597
720	41.6740740740741	0.946123521681997	0.992239858906525	0.057880658436214	1.04874240642759	-3.42606771000597
721	41.6888888888889	0.947437582128778	0.992592592592593	0.0578209277238404	1.04766014280577	-3.42606771000597
722	41.7037037037037	0.948751642575558	0.99294532627866	0.0577613624705037	1.04658087714413	-3.42606771000597
723	41.7185185185185	0.950065703022339	0.993298059964727	0.0577019619896522	1.04550459700298	-3.42606771000597
724	41.7333333333333	0.95137976346912	0.993650793650794	0.0576427255985267	1.0444312900114	-3.42606771000597
725	41.7481481481482	0.9526938239159	0.994003527336861	0.0575836526181354	1.04336094386669	-3.42606771000597
726	41.762962962963	0.954007884362681	0.994356261022928	0.0575247423732272	1.04229354633395	-3.42606771000597
727	41.7777777777778	0.955321944809461	0.994708994708995	0.0574659941922665	1.04122908524559	-3.42606771000597
728	41.7925925925926	0.956636005256242	0.995061728395062	0.0574074074074074	1.04016754850088	-3.42606771000597
729	41.8074074074074	0.957950065703022	0.995414462081129	0.0573489813544683	1.03910892406549	-3.42606771000597
730	41.8222222222222	0.959264126149803	0.995767195767196	0.0572907153729072	1.03805319997101	-3.42606771000597
731	41.837037037037	0.960578186596583	0.996119929453263	0.0572326088057962	1.03700036431455	-3.42606771000597
732	41.8518518518519	0.961892247043364	0.99647266313933	0.0571746609997976	1.03595040525824	-3.42606771000597
733	41.8666666666667	0.963206307490145	0.996825396825397	0.0571168713051387	1.03490331102882	-3.42606771000597
734	41.8814814814815	0.964520367936925	0.997178130511464	0.0570592390755879	1.0338590699172	-3.42606771000597
735	41.8962962962963	0.965834428383706	0.997530864197531	0.0570017636684303	1.03281767027799	-3.42606771000597
736	41.9111111111111	0.967148488830486	0.997883597883598	0.0569444444444445	1.0317791005291	-3.42606771000597
737	41.9259259259259	0.968462549277267	0.998236331569665	0.0568872807678778	1.03074334915131	-3.42606771000597
738	41.9407407407407	0.969776609724047	0.998589065255732	0.0568302720064238	1.02971040468782	-3.42606771000597
739	41.9555555555556	0.971090670170828	0.998941798941799	0.0567734175311983	1.02868025574386	-3.42606771000597
740	41.9703703703704	0.972404730617608	0.999294532627866	0.0567167167167167	1.02765289098622	-3.42606771000597
741	41.9851851851852	0.973718791064389	0.999647266313933	0.0566601689408707	1.02662829914292	-3.42606771000597
742	42	0.97503285151117	1	0.0566037735849057	1.0256064690027	-3.42606771000597
743	42	0.97634691195795	1	0.0565275908479139	1.02422611036339	-3.61611002000725
744	42	0.977660972404731	1	0.0564516129032258	1.02284946236559	-4.09134525584272
745	42	0.978975032851511	1	0.0563758389261745	1.02147651006711	-4.09134525584272
746	42	0.980289093298292	1	0.0563002680965148	1.0201072386059	-4.09134525584272
747	42	0.981603153745072	1	0.0562248995983936	1.01874163319946	-4.09134525584272
748	42	0.982917214191853	1	0.0561497326203209	1.01737967914439	-4.09134525584272
749	42	0.984231274638633	1	0.0560747663551402	1.01602136181575	-4.09134525584272
750	42	0.985545335085414	1	0.056	1.01466666666667	-4.09134525584272
751	42	0.986859395532194	1	0.0559254327563249	1.0133155792277	-4.09134525584272
752	42	0.988173455978975	1	0.0558510638297872	1.01196808510638	-4.09134525584272
753	42	0.989487516425756	1	0.0557768924302789	1.01062416998672	-4.09134525584272
754	42	0.990801576872536	1	0.0557029177718833	1.00928381962865	-4.09134525584272
755	42	0.992115637319317	1	0.0556291390728477	1.00794701986755	-4.09134525584272
756	42	0.993429697766097	1	0.0555555555555556	1.00661375661376	-4.09134525584272
757	42	0.994743758212878	1	0.0554821664464993	1.00528401585205	-4.09134525584272
758	42	0.996057818659658	1	0.0554089709762533	1.00395778364116	-4.09134525584272
759	42	0.997371879106439	1	0.0553359683794466	1.00263504611331	-4.09134525584272
760	42	0.998685939553219	1	0.0552631578947368	1.00131578947368	-4.09134525584272
761	42	1	1	0.0551905387647832	1	-4.09134525584272
