threshold	recall	precision
Inf	0	1
-1.17733350290492	0.0952380952380952	0.5
-1.23352812631727	0.333333333333333	0.482758620689655
-1.26293728492988	0.333333333333333	0.466666666666667
-1.33146693241855	0.357142857142857	0.483870967741936
-1.39902240476027	0.380952380952381	0.5
-1.40129312023011	0.380952380952381	0.470588235294118
-1.4024274538254	0.428571428571429	0.486486486486487
-1.4286374876082	0.428571428571429	0.473684210526316
-1.44293473382246	0.452380952380952	0.253333333333333
-1.46584663636037	0.523809523809524	0.278481012658228
-1.47483015975719	0.595238095238095	0.301204819277108
-1.48623710553067	0.595238095238095	0.247524752475248
-1.4865111049982	0.595238095238095	0.235849056603774
-1.48876455230332	0.595238095238095	0.233644859813084
-1.49329702534726	0.595238095238095	0.229357798165138
-1.49478335097809	0.595238095238095	0.227272727272727
-1.55609012941385	0.595238095238095	0.225225225225225
-1.55958119802949	0.595238095238095	0.198412698412698
-1.56350192819568	0.619047619047619	0.0925266903914591
-1.56350192819569	0.619047619047619	0.0921985815602837
-1.58369343693269	0.619047619047619	0.0918727915194346
-1.59062237167317	0.619047619047619	0.0912280701754386
-1.62096557492735	0.619047619047619	0.0909090909090909
-1.62775460780974	0.642857142857143	0.0940766550522648
-1.63609548361482	0.642857142857143	0.0897009966777409
-1.65541656852858	0.642857142857143	0.0891089108910891
-1.67323823732869	0.666666666666667	0.0921052631578947
-1.67859928035642	0.690476190476191	0.0909090909090909
-1.68356762332854	0.690476190476191	0.090625
-1.69316042391144	0.690476190476191	0.0903426791277258
-1.69740671314304	0.690476190476191	0.0900621118012422
-1.69933852520772	0.690476190476191	0.0889570552147239
-1.72029014397817	0.738095238095238	0.0865921787709497
-1.76014742017448	0.761904761904762	0.0886426592797784
-1.76255889359729	0.785714285714286	0.0904109589041096
-1.77195576002477	0.785714285714286	0.0894308943089431
-1.81769177201224	0.785714285714286	0.0889487870619946
-1.94699017448132	0.785714285714286	0.0884718498659517
-1.9622549090731	0.785714285714286	0.0882352941176471
-1.98517282501605	0.80952380952381	0.0906666666666667
-2.04207032436445	0.80952380952381	0.0901856763925729
-2.05034622054033	0.833333333333333	0.0925925925925926
-2.08300725625456	0.857142857142857	0.0939947780678851
-2.12287320570045	0.857142857142857	0.0930232558139535
-2.12853280090308	0.857142857142857	0.0920716112531969
-2.21574750167348	0.857142857142857	0.0902255639097744
-2.25499621088555	0.857142857142857	0.09
-2.31936488669774	0.857142857142857	0.0884520884520885
-2.44170967201182	0.857142857142857	0.0880195599022005
-2.44869137071282	0.857142857142857	0.072
-2.50089678304599	0.857142857142857	0.0715705765407555
-2.56442075108792	0.928571428571429	0.0720887245841035
-2.63097876865493	0.928571428571429	0.0711678832116788
-3.09119398595536	0.928571428571429	0.0709090909090909
-3.09381028692862	0.928571428571429	0.0696428571428571
-3.21762468667604	0.928571428571429	0.0656565656565657
-3.22590058285192	0.952380952380952	0.0658978583196046
-3.42606771000597	1	0.0566037735849057
-3.61611002000725	1	0.0565275908479139
-4.09134525584272	1	0.0551905387647832
