budget	expected_hits	fraction_screened	positive_recovery	random_expected_hits	random_recovery
0	0	0	0	0	0
1	0.5	0.00131406044678055	0.0119047619047619	0.0551905387647832	0.00131406044678055
2	1	0.0026281208935611	0.0238095238095238	0.110381077529566	0.0026281208935611
3	1.5	0.00394218134034166	0.0357142857142857	0.16557161629435	0.00394218134034166
4	2	0.00525624178712221	0.0476190476190476	0.220762155059133	0.00525624178712221
5	2.5	0.00657030223390276	0.0595238095238095	0.275952693823916	0.00657030223390276
6	3	0.00788436268068331	0.0714285714285714	0.331143232588699	0.00788436268068331
7	3.5	0.00919842312746386	0.0833333333333333	0.386333771353482	0.00919842312746386
8	4	0.0105124835742444	0.0952380952380952	0.441524310118265	0.0105124835742444
9	4.47619047619048	0.011826544021025	0.106575963718821	0.496714848883049	0.011826544021025
10	4.95238095238095	0.0131406044678055	0.117913832199546	0.551905387647832	0.0131406044678055
11	5.42857142857143	0.0144546649145861	0.129251700680272	0.607095926412615	0.0144546649145861
12	5.90476190476191	0.0157687253613666	0.140589569160998	0.662286465177398	0.0157687253613666
13	6.38095238095238	0.0170827858081472	0.151927437641723	0.717477003942181	0.0170827858081472
14	6.85714285714286	0.0183968462549277	0.163265306122449	0.772667542706965	0.0183968462549277
15	7.33333333333333	0.0197109067017083	0.174603174603175	0.827858081471748	0.0197109067017083
16	7.80952380952381	0.0210249671484888	0.1859410430839	0.883048620236531	0.0210249671484888
17	8.28571428571429	0.0223390275952694	0.197278911564626	0.938239159001314	0.0223390275952694
18	8.76190476190476	0.0236530880420499	0.208616780045352	0.993429697766097	0.0236530880420499
19	9.23809523809524	0.0249671484888305	0.219954648526077	1.04862023653088	0.0249671484888305
20	9.71428571428572	0.026281208935611	0.231292517006803	1.10381077529566	0.026281208935611
21	10.1904761904762	0.0275952693823916	0.242630385487528	1.15900131406045	0.0275952693823916
22	10.6666666666667	0.0289093298291721	0.253968253968254	1.21419185282523	0.0289093298291721
23	11.1428571428571	0.0302233902759527	0.26530612244898	1.26938239159001	0.0302233902759527
24	11.6190476190476	0.0315374507227332	0.276643990929705	1.3245729303548	0.0315374507227332
25	12.0952380952381	0.0328515111695138	0.287981859410431	1.37976346911958	0.0328515111695138
26	12.5714285714286	0.0341655716162944	0.299319727891156	1.43495400788436	0.0341655716162944
27	13.047619047619	0.0354796320630749	0.310657596371882	1.49014454664915	0.0354796320630749
28	13.5238095238095	0.0367936925098555	0.321995464852608	1.54533508541393	0.0367936925098555
29	14	0.038107752956636	0.333333333333333	1.60052562417871	0.038107752956636
30	14	0.0394218134034166	0.333333333333333	1.6557161629435	0.0394218134034166
31	15	0.0407358738501971	0.357142857142857	1.71090670170828	0.0407358738501971
32	16	0.0420499342969777	0.380952380952381	1.76609724047306	0.0420499342969777
33	16	0.0433639947437582	0.380952380952381	1.82128777923784	0.0433639947437582
34	16	0.0446780551905388	0.380952380952381	1.87647831800263	0.0446780551905388
35	16.6666666666667	0.0459921156373193	0.396825396825397	1.93166885676741	0.0459921156373193
36	17.3333333333333	0.0473061760840999	0.412698412698413	1.98685939553219	0.0473061760840999
37	18	0.0486202365308804	0.428571428571429	2.04204993429698	0.0486202365308804
38	18	0.049934296977661	0.428571428571429	2.09724047306176	0.049934296977661
39	18.027027027027	0.0512483574244415	0.429214929214929	2.15243101182654	0.0512483574244415
40	18.0540540540541	0.0525624178712221	0.42985842985843	2.20762155059133	0.0525624178712221
41	18.0810810810811	0.0538764783180026	0.43050193050193	2.26281208935611	0.0538764783180026
42	18.1081081081081	0.0551905387647832	0.431145431145431	2.31800262812089	0.0551905387647832
43	18.1351351351351	0.0565045992115637	0.431788931788932	2.37319316688568	0.0565045992115637
44	18.1621621621622	0.0578186596583443	0.432432432432432	2.42838370565046	0.0578186596583443
45	18.1891891891892	0.0591327201051248	0.433075933075933	2.48357424441524	0.0591327201051248
46	18.2162162162162	0.0604467805519054	0.433719433719434	2.53876478318003	0.0604467805519054
47	18.2432432432432	0.0617608409986859	0.434362934362934	2.59395532194481	0.0617608409986859
48	18.2702702702703	0.0630749014454665	0.435006435006435	2.64914586070959	0.0630749014454665
49	18.2972972972973	0.0643889618922471	0.435649935649936	2.70433639947438	0.0643889618922471
50	18.3243243243243	0.0657030223390276	0.436293436293436	2.75952693823916	0.0657030223390276
51	18.3513513513514	0.0670170827858081	0.436936936936937	2.81471747700394	0.0670170827858081
52	18.3783783783784	0.0683311432325887	0.437580437580438	2.86990801576873	0.0683311432325887
53	18.4054054054054	0.0696452036793693	0.438223938223938	2.92509855453351	0.0696452036793693
54	18.4324324324324	0.0709592641261498	0.438867438867439	2.98028909329829	0.0709592641261498
55	18.4594594594595	0.0722733245729304	0.439510939510939	3.03547963206308	0.0722733245729304
56	18.4864864864865	0.0735873850197109	0.44015444015444	3.09067017082786	0.0735873850197109
57	18.5135135135135	0.0749014454664915	0.440797940797941	3.14586070959264	0.0749014454664915
58	18.5405405405405	0.076215505913272	0.441441441441441	3.20105124835742	0.076215505913272
59	18.5675675675676	0.0775295663600526	0.442084942084942	3.25624178712221	0.0775295663600526
60	18.5945945945946	0.0788436268068331	0.442728442728443	3.31143232588699	0.0788436268068331
61	18.6216216216216	0.0801576872536137	0.443371943371943	3.36662286465177	0.0801576872536137
62	18.6486486486487	0.0814717477003942	0.444015444015444	3.42181340341656	0.0814717477003942
63	18.6756756756757	0.0827858081471748	0.444658944658945	3.47700394218134	0.0827858081471748
64	18.7027027027027	0.0840998685939553	0.445302445302445	3.53219448094612	0.0840998685939553
65	18.7297297297297	0.0854139290407359	0.445945945945946	3.58738501971091	0.0854139290407359
66	18.7567567567568	0.0867279894875164	0.446589446589447	3.64257555847569	0.0867279894875164
67	18.7837837837838	0.088042049934297	0.447232947232947	3.69776609724047	0.088042049934297
68	18.8108108108108	0.0893561103810775	0.447876447876448	3.75295663600526	0.0893561103810775
69	18.8378378378378	0.0906701708278581	0.448519948519949	3.80814717477004	0.0906701708278581
70	18.8648648648649	0.0919842312746386	0.449163449163449	3.86333771353482	0.0919842312746386
71	18.8918918918919	0.0932982917214192	0.44980694980695	3.91852825229961	0.0932982917214192
72	18.9189189189189	0.0946123521681997	0.450450450450451	3.97371879106439	0.0946123521681997
73	18.9459459459459	0.0959264126149803	0.451093951093951	4.02890932982917	0.0959264126149803
74	18.972972972973	0.0972404730617608	0.451737451737452	4.08409986859396	0.0972404730617608
75	19	0.0985545335085414	0.452380952380952	4.13929040735874	0.0985545335085414
76	19.75	0.0998685939553219	0.470238095238095	4.19448094612352	0.0998685939553219
77	20.5	0.101182654402103	0.488095238095238	4.24967148488831	0.101182654402103
78	21.25	0.102496714848883	0.505952380952381	4.30486202365309	0.102496714848883
79	22	0.103810775295664	0.523809523809524	4.36005256241787	0.103810775295664
80	22.75	0.105124835742444	0.541666666666667	4.41524310118265	0.105124835742444
81	23.5	0.106438896189225	0.55952380952381	4.47043363994744	0.106438896189225
82	24.25	0.107752956636005	0.577380952380952	4.52562417871222	0.107752956636005
83	25	0.109067017082786	0.595238095238095	4.580814717477	0.109067017082786
84	25	0.110381077529566	0.595238095238095	4.63600525624179	0.110381077529566
85	25	0.111695137976347	0.595238095238095	4.69119579500657	0.111695137976347
86	25	0.113009198423127	0.595238095238095	4.74638633377135	0.113009198423127
87	25	0.114323258869908	0.595238095238095	4.80157687253614	0.114323258869908
88	25	0.115637319316689	0.595238095238095	4.85676741130092	0.115637319316689
89	25	0.116951379763469	0.595238095238095	4.9119579500657	0.116951379763469
90	25	0.11826544021025	0.595238095238095	4.96714848883049	0.11826544021025
91	25	0.11957950065703	0.595238095238095	5.02233902759527	0.11957950065703
92	25	0.120893561103811	0.595238095238095	5.07752956636005	0.120893561103811
93	25	0.122207621550591	0.595238095238095	5.13272010512484	0.122207621550591
94	25	0.123521681997372	0.595238095238095	5.18791064388962	0.123521681997372
95	25	0.124835742444152	0.595238095238095	5.2431011826544	0.124835742444152
96	25	0.126149802890933	0.595238095238095	5.29829172141919	0.126149802890933
97	25	0.127463863337714	0.595238095238095	5.35348226018397	0.127463863337714
98	25	0.128777923784494	0.595238095238095	5.40867279894875	0.128777923784494
99	25	0.130091984231275	0.595238095238095	5.46386333771353	0.130091984231275
100	25	0.131406044678055	0.595238095238095	5.51905387647832	0.131406044678055
101	25	0.132720105124836	0.595238095238095	5.5742444152431	0.132720105124836
102	25	0.134034165571616	0.595238095238095	5.62943495400788	0.134034165571616
103	25	0.135348226018397	0.595238095238095	5.68462549277267	0.135348226018397
104	25	0.136662286465177	0.595238095238095	5.73981603153745	0.136662286465177
105	25	0.137976346911958	0.595238095238095	5.79500657030223	0.137976346911958
106	25	0.139290407358738	0.595238095238095	5.85019710906702	0.139290407358738
107	25	0.140604467805519	0.595238095238095	5.9053876478318	0.140604467805519
108	25	0.1419185282523	0.595238095238095	5.96057818659658	0.1419185282523
109	25	0.14323258869908	0.595238095238095	6.01576872536137	0.14323258869908
110	25	0.144546649145861	0.595238095238095	6.07095926412615	0.144546649145861
111	25	0.145860709592641	0.595238095238095	6.12614980289093	0.145860709592641
112	25	0.147174770039422	0.595238095238095	6.18134034165572	0.147174770039422
113	25	0.148488830486202	0.595238095238095	6.2365308804205	0.148488830486202
114	25	0.149802890932983	0.595238095238095	6.29172141918528	0.149802890932983
115	25	0.151116951379763	0.595238095238095	6.34691195795007	0.151116951379763
116	25	0.152431011826544	0.595238095238095	6.40210249671485	0.152431011826544
117	25	0.153745072273325	0.595238095238095	6.45729303547963	0.153745072273325
118	25	0.155059132720105	0.595238095238095	6.51248357424442	0.155059132720105
119	25	0.156373193166886	0.595238095238095	6.5676741130092	0.156373193166886
120	25	0.157687253613666	0.595238095238095	6.62286465177398	0.157687253613666
121	25	0.159001314060447	0.595238095238095	6.67805519053877	0.159001314060447
122	25	0.160315374507227	0.595238095238095	6.73324572930355	0.160315374507227
123	25	0.161629434954008	0.595238095238095	6.78843626806833	0.161629434954008
124	25	0.162943495400788	0.595238095238095	6.84362680683312	0.162943495400788
125	25	0.164257555847569	0.595238095238095	6.8988173455979	0.164257555847569
126	25	0.16557161629435	0.595238095238095	6.95400788436268	0.16557161629435
127	25.0064516129032	0.16688567674113	0.595391705069124	7.00919842312746	0.16688567674113
128	25.0129032258065	0.168199737187911	0.595545314900154	7.06438896189225	0.168199737187911
129	25.0193548387097	0.169513797634691	0.595698924731183	7.11957950065703	0.169513797634691
130	25.0258064516129	0.170827858081472	0.595852534562212	7.17477003942181	0.170827858081472
131	25.0322580645161	0.172141918528252	0.596006144393241	7.2299605781866	0.172141918528252
132	25.0387096774194	0.173455978975033	0.59615975422427	7.28515111695138	0.173455978975033
133	25.0451612903226	0.174770039421813	0.5963133640553	7.34034165571616	0.174770039421813
134	25.0516129032258	0.176084099868594	0.596466973886329	7.39553219448095	0.176084099868594
135	25.058064516129	0.177398160315375	0.596620583717358	7.45072273324573	0.177398160315375
136	25.0645161290323	0.178712220762155	0.596774193548387	7.50591327201051	0.178712220762155
137	25.0709677419355	0.180026281208936	0.596927803379416	7.5611038107753	0.180026281208936
138	25.0774193548387	0.181340341655716	0.597081413210446	7.61629434954008	0.181340341655716
139	25.0838709677419	0.182654402102497	0.597235023041475	7.67148488830486	0.182654402102497
140	25.0903225806452	0.183968462549277	0.597388632872504	7.72667542706965	0.183968462549277
141	25.0967741935484	0.185282522996058	0.597542242703533	7.78186596583443	0.185282522996058
142	25.1032258064516	0.186596583442838	0.597695852534562	7.83705650459921	0.186596583442838
143	25.1096774193548	0.187910643889619	0.597849462365591	7.89224704336399	0.187910643889619
144	25.1161290322581	0.189224704336399	0.598003072196621	7.94743758212878	0.189224704336399
145	25.1225806451613	0.19053876478318	0.59815668202765	8.00262812089356	0.19053876478318
146	25.1290322580645	0.191852825229961	0.598310291858679	8.05781865965834	0.191852825229961
147	25.1354838709677	0.193166885676741	0.598463901689708	8.11300919842313	0.193166885676741
148	25.141935483871	0.194480946123522	0.598617511520737	8.16819973718791	0.194480946123522
149	25.1483870967742	0.195795006570302	0.598771121351767	8.22339027595269	0.195795006570302
150	25.1548387096774	0.197109067017083	0.598924731182796	8.27858081471748	0.197109067017083
151	25.1612903225806	0.198423127463863	0.599078341013825	8.33377135348226	0.198423127463863
152	25.1677419354839	0.199737187910644	0.599231950844854	8.38896189224704	0.199737187910644
153	25.1741935483871	0.201051248357424	0.599385560675883	8.44415243101183	0.201051248357424
154	25.1806451612903	0.202365308804205	0.599539170506913	8.49934296977661	0.202365308804205
155	25.1870967741936	0.203679369250986	0.599692780337942	8.55453350854139	0.203679369250986
156	25.1935483870968	0.204993429697766	0.599846390168971	8.60972404730618	0.204993429697766
157	25.2	0.206307490144547	0.6	8.66491458607096	0.206307490144547
158	25.2064516129032	0.207621550591327	0.600153609831029	8.72010512483574	0.207621550591327
159	25.2129032258065	0.208935611038108	0.600307219662058	8.77529566360053	0.208935611038108
160	25.2193548387097	0.210249671484888	0.600460829493088	8.83048620236531	0.210249671484888
161	25.2258064516129	0.211563731931669	0.600614439324117	8.88567674113009	0.211563731931669
162	25.2322580645161	0.212877792378449	0.600768049155146	8.94086727989487	0.212877792378449
163	25.2387096774194	0.21419185282523	0.600921658986175	8.99605781865966	0.21419185282523
164	25.2451612903226	0.215505913272011	0.601075268817204	9.05124835742444	0.215505913272011
165	25.2516129032258	0.216819973718791	0.601228878648234	9.10643889618922	0.216819973718791
166	25.258064516129	0.218134034165572	0.601382488479263	9.16162943495401	0.218134034165572
167	25.2645161290323	0.219448094612352	0.601536098310292	9.21681997371879	0.219448094612352
168	25.2709677419355	0.220762155059133	0.601689708141321	9.27201051248357	0.220762155059133
169	25.2774193548387	0.222076215505913	0.60184331797235	9.32720105124836	0.222076215505913
170	25.2838709677419	0.223390275952694	0.60199692780338	9.38239159001314	0.223390275952694
171	25.2903225806452	0.224704336399474	0.602150537634409	9.43758212877792	0.224704336399474
172	25.2967741935484	0.226018396846255	0.602304147465438	9.49277266754271	0.226018396846255
173	25.3032258064516	0.227332457293036	0.602457757296467	9.54796320630749	0.227332457293036
174	25.3096774193548	0.228646517739816	0.602611367127496	9.60315374507227	0.228646517739816
175	25.3161290322581	0.229960578186597	0.602764976958525	9.65834428383706	0.229960578186597
176	25.3225806451613	0.231274638633377	0.602918586789555	9.71353482260184	0.231274638633377
177	25.3290322580645	0.232588699080158	0.603072196620584	9.76872536136662	0.232588699080158
178	25.3354838709677	0.233902759526938	0.603225806451613	9.82391590013141	0.233902759526938
179	25.341935483871	0.235216819973719	0.603379416282642	9.87910643889619	0.235216819973719
180	25.3483870967742	0.236530880420499	0.603533026113671	9.93429697766097	0.236530880420499
181	25.3548387096774	0.23784494086728	0.603686635944701	9.98948751642576	0.23784494086728
182	25.3612903225806	0.23915900131406	0.60384024577573	10.0446780551905	0.23915900131406
183	25.3677419354839	0.240473061760841	0.603993855606759	10.0998685939553	0.240473061760841
184	25.3741935483871	0.241787122207622	0.604147465437788	10.1550591327201	0.241787122207622
185	25.3806451612903	0.243101182654402	0.604301075268817	10.2102496714849	0.243101182654402
186	25.3870967741936	0.244415243101183	0.604454685099846	10.2654402102497	0.244415243101183
187	25.3935483870968	0.245729303547963	0.604608294930876	10.3206307490145	0.245729303547963
188	25.4	0.247043363994744	0.604761904761905	10.3758212877792	0.247043363994744
189	25.4064516129032	0.248357424441524	0.604915514592934	10.431011826544	0.248357424441524
190	25.4129032258065	0.249671484888305	0.605069124423963	10.4862023653088	0.249671484888305
191	25.4193548387097	0.250985545335085	0.605222734254992	10.5413929040736	0.250985545335085
192	25.4258064516129	0.252299605781866	0.605376344086022	10.5965834428384	0.252299605781866
193	25.4322580645161	0.253613666228647	0.605529953917051	10.6517739816032	0.253613666228647
194	25.4387096774194	0.254927726675427	0.60568356374808	10.7069645203679	0.254927726675427
195	25.4451612903226	0.256241787122208	0.605837173579109	10.7621550591327	0.256241787122208
196	25.4516129032258	0.257555847568988	0.605990783410138	10.8173455978975	0.257555847568988
197	25.458064516129	0.258869908015769	0.606144393241167	10.8725361366623	0.258869908015769
198	25.4645161290323	0.260183968462549	0.606298003072197	10.9277266754271	0.260183968462549
199	25.4709677419355	0.26149802890933	0.606451612903226	10.9829172141919	0.26149802890933
200	25.4774193548387	0.26281208935611	0.606605222734255	11.0381077529566	0.26281208935611
201	25.4838709677419	0.264126149802891	0.606758832565284	11.0932982917214	0.264126149802891
202	25.4903225806452	0.265440210249671	0.606912442396313	11.1484888304862	0.265440210249671
203	25.4967741935484	0.266754270696452	0.607066052227343	11.203679369251	0.266754270696452
204	25.5032258064516	0.268068331143233	0.607219662058372	11.2588699080158	0.268068331143233
205	25.5096774193548	0.269382391590013	0.607373271889401	11.3140604467806	0.269382391590013
206	25.5161290322581	0.270696452036794	0.60752688172043	11.3692509855453	0.270696452036794
207	25.5225806451613	0.272010512483574	0.607680491551459	11.4244415243101	0.272010512483574
208	25.5290322580645	0.273324572930355	0.607834101382488	11.4796320630749	0.273324572930355
209	25.5354838709677	0.274638633377135	0.607987711213518	11.5348226018397	0.274638633377135
210	25.541935483871	0.275952693823916	0.608141321044547	11.5900131406045	0.275952693823916
211	25.5483870967742	0.277266754270697	0.608294930875576	11.6452036793693	0.277266754270697
212	25.5548387096774	0.278580814717477	0.608448540706605	11.700394218134	0.278580814717477
213	25.5612903225807	0.279894875164258	0.608602150537634	11.7555847568988	0.279894875164258
214	25.5677419354839	0.281208935611038	0.608755760368664	11.8107752956636	0.281208935611038
215	25.5741935483871	0.282522996057819	0.608909370199693	11.8659658344284	0.282522996057819
216	25.5806451612903	0.283837056504599	0.609062980030722	11.9211563731932	0.283837056504599
217	25.5870967741935	0.28515111695138	0.609216589861751	11.976346911958	0.28515111695138
218	25.5935483870968	0.28646517739816	0.60937019969278	12.0315374507227	0.28646517739816
219	25.6	0.287779237844941	0.60952380952381	12.0867279894875	0.287779237844941
220	25.6064516129032	0.289093298291721	0.609677419354839	12.1419185282523	0.289093298291721
221	25.6129032258065	0.290407358738502	0.609831029185868	12.1971090670171	0.290407358738502
222	25.6193548387097	0.291721419185283	0.609984639016897	12.2522996057819	0.291721419185283
223	25.6258064516129	0.293035479632063	0.610138248847926	12.3074901445467	0.293035479632063
224	25.6322580645161	0.294349540078844	0.610291858678956	12.3626806833114	0.294349540078844
225	25.6387096774194	0.295663600525624	0.610445468509985	12.4178712220762	0.295663600525624
226	25.6451612903226	0.296977660972405	0.610599078341014	12.473061760841	0.296977660972405
227	25.6516129032258	0.298291721419185	0.610752688172043	12.5282522996058	0.298291721419185
228	25.658064516129	0.299605781865966	0.610906298003072	12.5834428383706	0.299605781865966
229	25.6645161290323	0.300919842312746	0.611059907834101	12.6386333771353	0.300919842312746
230	25.6709677419355	0.302233902759527	0.611213517665131	12.6938239159001	0.302233902759527
231	25.6774193548387	0.303547963206308	0.61136712749616	12.7490144546649	0.303547963206308
232	25.6838709677419	0.304862023653088	0.611520737327189	12.8042049934297	0.304862023653088
233	25.6903225806452	0.306176084099869	0.611674347158218	12.8593955321945	0.306176084099869
234	25.6967741935484	0.307490144546649	0.611827956989247	12.9145860709593	0.307490144546649
235	25.7032258064516	0.30880420499343	0.611981566820277	12.969776609724	0.30880420499343
236	25.7096774193548	0.31011826544021	0.612135176651306	13.0249671484888	0.31011826544021
237	25.7161290322581	0.311432325886991	0.612288786482335	13.0801576872536	0.311432325886991
238	25.7225806451613	0.312746386333771	0.612442396313364	13.1353482260184	0.312746386333771
239	25.7290322580645	0.314060446780552	0.612596006144393	13.1905387647832	0.314060446780552
240	25.7354838709677	0.315374507227332	0.612749615975423	13.245729303548	0.315374507227332
241	25.741935483871	0.316688567674113	0.612903225806452	13.3009198423127	0.316688567674113
242	25.7483870967742	0.318002628120894	0.613056835637481	13.3561103810775	0.318002628120894
243	25.7548387096774	0.319316688567674	0.61321044546851	13.4113009198423	0.319316688567674
244	25.7612903225806	0.320630749014455	0.613364055299539	13.4664914586071	0.320630749014455
245	25.7677419354839	0.321944809461235	0.613517665130568	13.5216819973719	0.321944809461235
246	25.7741935483871	0.323258869908016	0.613671274961598	13.5768725361367	0.323258869908016
247	25.7806451612903	0.324572930354796	0.613824884792627	13.6320630749014	0.324572930354796
248	25.7870967741936	0.325886990801577	0.613978494623656	13.6872536136662	0.325886990801577
249	25.7935483870968	0.327201051248357	0.614132104454685	13.742444152431	0.327201051248357
250	25.8	0.328515111695138	0.614285714285714	13.7976346911958	0.328515111695138
251	25.8064516129032	0.329829172141919	0.614439324116743	13.8528252299606	0.329829172141919
252	25.8129032258065	0.331143232588699	0.614592933947773	13.9080157687254	0.331143232588699
253	25.8193548387097	0.33245729303548	0.614746543778802	13.9632063074901	0.33245729303548
254	25.8258064516129	0.33377135348226	0.614900153609831	14.0183968462549	0.33377135348226
255	25.8322580645161	0.335085413929041	0.61505376344086	14.0735873850197	0.335085413929041
256	25.8387096774194	0.336399474375821	0.61520737327189	14.1287779237845	0.336399474375821
257	25.8451612903226	0.337713534822602	0.615360983102919	14.1839684625493	0.337713534822602
258	25.8516129032258	0.339027595269382	0.615514592933948	14.2391590013141	0.339027595269382
259	25.858064516129	0.340341655716163	0.615668202764977	14.2943495400788	0.340341655716163
260	25.8645161290323	0.341655716162944	0.615821812596006	14.3495400788436	0.341655716162944
261	25.8709677419355	0.342969776609724	0.615975422427035	14.4047306176084	0.342969776609724
262	25.8774193548387	0.344283837056505	0.616129032258065	14.4599211563732	0.344283837056505
263	25.8838709677419	0.345597897503285	0.616282642089094	14.515111695138	0.345597897503285
264	25.8903225806452	0.346911957950066	0.616436251920123	14.5703022339028	0.346911957950066
265	25.8967741935484	0.348226018396846	0.616589861751152	14.6254927726675	0.348226018396846
266	25.9032258064516	0.349540078843627	0.616743471582181	14.6806833114323	0.349540078843627
267	25.9096774193548	0.350854139290407	0.61689708141321	14.7358738501971	0.350854139290407
268	25.9161290322581	0.352168199737188	0.61705069124424	14.7910643889619	0.352168199737188
269	25.9225806451613	0.353482260183968	0.617204301075269	14.8462549277267	0.353482260183968
270	25.9290322580645	0.354796320630749	0.617357910906298	14.9014454664915	0.354796320630749
271	25.9354838709677	0.35611038107753	0.617511520737327	14.9566360052562	0.35611038107753
272	25.941935483871	0.35742444152431	0.617665130568356	15.011826544021	0.35742444152431
273	25.9483870967742	0.358738501971091	0.617818740399386	15.0670170827858	0.358738501971091
274	25.9548387096774	0.360052562417871	0.617972350230415	15.1222076215506	0.360052562417871
275	25.9612903225806	0.361366622864652	0.618125960061444	15.1773981603154	0.361366622864652
276	25.9677419354839	0.362680683311432	0.618279569892473	15.2325886990802	0.362680683311432
277	25.9741935483871	0.363994743758213	0.618433179723502	15.2877792378449	0.363994743758213
278	25.9806451612903	0.365308804204993	0.618586789554532	15.3429697766097	0.365308804204993
279	25.9870967741936	0.366622864651774	0.618740399385561	15.3981603153745	0.366622864651774
280	25.9935483870968	0.367936925098555	0.61889400921659	15.4533508541393	0.367936925098555
281	26	0.369250985545335	0.619047619047619	15.5085413929041	0.369250985545335
282	26	0.370565045992116	0.619047619047619	15.5637319316689	0.370565045992116
283	26	0.371879106438896	0.619047619047619	15.6189224704336	0.371879106438896
284	26	0.373193166885677	0.619047619047619	15.6741130091984	0.373193166885677
285	26	0.374507227332457	0.619047619047619	15.7293035479632	0.374507227332457
286	26	0.375821287779238	0.619047619047619	15.784494086728	0.375821287779238
287	27	0.377135348226018	0.642857142857143	15.8396846254928	0.377135348226018
288	27	0.378449408672799	0.642857142857143	15.8948751642576	0.378449408672799
289	27	0.37976346911958	0.642857142857143	15.9500657030223	0.37976346911958
290	27	0.38107752956636	0.642857142857143	16.0052562417871	0.38107752956636
291	27	0.382391590013141	0.642857142857143	16.0604467805519	0.382391590013141
292	27	0.383705650459921	0.642857142857143	16.1156373193167	0.383705650459921
293	27	0.385019710906702	0.642857142857143	16.1708278580815	0.385019710906702
294	27	0.386333771353482	0.642857142857143	16.2260183968463	0.386333771353482
295	27	0.387647831800263	0.642857142857143	16.281208935611	0.387647831800263
296	27	0.388961892247043	0.642857142857143	16.3363994743758	0.388961892247043
297	27	0.390275952693824	0.642857142857143	16.3915900131406	0.390275952693824
298	27	0.391590013140605	0.642857142857143	16.4467805519054	0.391590013140605
299	27	0.392904073587385	0.642857142857143	16.5019710906702	0.392904073587385
300	27	0.394218134034166	0.642857142857143	16.557161629435	0.394218134034166
301	27	0.395532194480946	0.642857142857143	16.6123521681997	0.395532194480946
302	27	0.396846254927727	0.642857142857143	16.6675427069645	0.396846254927727
303	27	0.398160315374507	0.642857142857143	16.7227332457293	0.398160315374507
304	28	0.399474375821288	0.666666666666667	16.7779237844941	0.399474375821288
305	28.0666666666667	0.400788436268068	0.668253968253968	16.8331143232589	0.400788436268068
306	28.1333333333333	0.402102496714849	0.66984126984127	16.8883048620237	0.402102496714849
307	28.2	0.403416557161629	0.671428571428571	16.9434954007884	0.403416557161629
308	28.2666666666667	0.40473061760841	0.673015873015873	16.9986859395532	0.40473061760841
309	28.3333333333333	0.40604467805519	0.674603174603175	17.053876478318	0.40604467805519
310	28.4	0.407358738501971	0.676190476190476	17.1090670170828	0.407358738501971
311	28.4666666666667	0.408672798948752	0.677777777777778	17.1642575558476	0.408672798948752
312	28.5333333333333	0.409986859395532	0.679365079365079	17.2194480946124	0.409986859395532
313	28.6	0.411300919842313	0.680952380952381	17.2746386333771	0.411300919842313
314	28.6666666666667	0.412614980289093	0.682539682539683	17.3298291721419	0.412614980289093
315	28.7333333333333	0.413929040735874	0.684126984126984	17.3850197109067	0.413929040735874
316	28.8	0.415243101182654	0.685714285714286	17.4402102496715	0.415243101182654
317	28.8666666666667	0.416557161629435	0.687301587301587	17.4954007884363	0.416557161629435
318	28.9333333333333	0.417871222076216	0.688888888888889	17.5505913272011	0.417871222076216
319	29	0.419185282522996	0.690476190476191	17.6057818659658	0.419185282522996
320	29	0.420499342969777	0.690476190476191	17.6609724047306	0.420499342969777
321	29	0.421813403416557	0.690476190476191	17.7161629434954	0.421813403416557
322	29	0.423127463863338	0.690476190476191	17.7713534822602	0.423127463863338
323	29	0.424441524310118	0.690476190476191	17.826544021025	0.424441524310118
324	29	0.425755584756899	0.690476190476191	17.8817345597898	0.425755584756899
325	29	0.427069645203679	0.690476190476191	17.9369250985545	0.427069645203679
326	29	0.42838370565046	0.690476190476191	17.9921156373193	0.42838370565046
327	29.0625	0.429697766097241	0.691964285714286	18.0473061760841	0.429697766097241
328	29.125	0.431011826544021	0.693452380952381	18.1024967148489	0.431011826544021
329	29.1875	0.432325886990802	0.694940476190476	18.1576872536137	0.432325886990802
330	29.25	0.433639947437582	0.696428571428571	18.2128777923785	0.433639947437582
331	29.3125	0.434954007884363	0.697916666666667	18.2680683311432	0.434954007884363
332	29.375	0.436268068331143	0.699404761904762	18.323258869908	0.436268068331143
333	29.4375	0.437582128777924	0.700892857142857	18.3784494086728	0.437582128777924
334	29.5	0.438896189224704	0.702380952380952	18.4336399474376	0.438896189224704
335	29.5625	0.440210249671485	0.703869047619048	18.4888304862024	0.440210249671485
336	29.625	0.441524310118265	0.705357142857143	18.5440210249671	0.441524310118265
337	29.6875	0.442838370565046	0.706845238095238	18.5992115637319	0.442838370565046
338	29.75	0.444152431011827	0.708333333333333	18.6544021024967	0.444152431011827
339	29.8125	0.445466491458607	0.709821428571429	18.7095926412615	0.445466491458607
340	29.875	0.446780551905388	0.711309523809524	18.7647831800263	0.446780551905388
341	29.9375	0.448094612352168	0.712797619047619	18.8199737187911	0.448094612352168
342	30	0.449408672798949	0.714285714285714	18.8751642575559	0.449408672798949
343	30.0625	0.450722733245729	0.71577380952381	18.9303547963206	0.450722733245729
344	30.125	0.45203679369251	0.717261904761905	18.9855453350854	0.45203679369251
345	30.1875	0.45335085413929	0.71875	19.0407358738502	0.45335085413929
346	30.25	0.454664914586071	0.720238095238095	19.095926412615	0.454664914586071
347	30.3125	0.455978975032852	0.721726190476191	19.1511169513798	0.455978975032852
348	30.375	0.457293035479632	0.723214285714286	19.2063074901445	0.457293035479632
349	30.4375	0.458607095926413	0.724702380952381	19.2614980289093	0.458607095926413
350	30.5	0.459921156373193	0.726190476190476	19.3166885676741	0.459921156373193
351	30.5625	0.461235216819974	0.727678571428571	19.3718791064389	0.461235216819974
352	30.625	0.462549277266754	0.729166666666667	19.4270696452037	0.462549277266754
353	30.6875	0.463863337713535	0.730654761904762	19.4822601839685	0.463863337713535
354	30.75	0.465177398160315	0.732142857142857	19.5374507227332	0.465177398160315
355	30.8125	0.466491458607096	0.733630952380952	19.592641261498	0.466491458607096
356	30.875	0.467805519053877	0.735119047619048	19.6478318002628	0.467805519053877
357	30.9375	0.469119579500657	0.736607142857143	19.7030223390276	0.469119579500657
358	31	0.470433639947438	0.738095238095238	19.7582128777924	0.470433639947438
359	31.3333333333333	0.471747700394218	0.746031746031746	19.8134034165572	0.471747700394218
360	31.6666666666667	0.473061760840999	0.753968253968254	19.8685939553219	0.473061760840999
361	32	0.474375821287779	0.761904761904762	19.9237844940867	0.474375821287779
362	32.25	0.47568988173456	0.767857142857143	19.9789750328515	0.47568988173456
363	32.5	0.47700394218134	0.773809523809524	20.0341655716163	0.47700394218134
364	32.75	0.478318002628121	0.779761904761905	20.0893561103811	0.478318002628121
365	33	0.479632063074901	0.785714285714286	20.1445466491459	0.479632063074901
366	33	0.480946123521682	0.785714285714286	20.1997371879106	0.480946123521682
367	33	0.482260183968463	0.785714285714286	20.2549277266754	0.482260183968463
368	33	0.483574244415243	0.785714285714286	20.3101182654402	0.483574244415243
369	33	0.484888304862024	0.785714285714286	20.365308804205	0.484888304862024
370	33	0.486202365308804	0.785714285714286	20.4204993429698	0.486202365308804
371	33	0.487516425755585	0.785714285714286	20.4756898817346	0.487516425755585
372	33	0.488830486202365	0.785714285714286	20.5308804204993	0.488830486202365
373	33	0.490144546649146	0.785714285714286	20.5860709592641	0.490144546649146
374	33	0.491458607095926	0.785714285714286	20.6412614980289	0.491458607095926
375	34	0.492772667542707	0.80952380952381	20.6964520367937	0.492772667542707
376	34	0.494086727989488	0.80952380952381	20.7516425755585	0.494086727989488
377	34	0.495400788436268	0.80952380952381	20.8068331143233	0.495400788436268
378	35	0.496714848883049	0.833333333333333	20.862023653088	0.496714848883049
379	35.2	0.498028909329829	0.838095238095238	20.9172141918528	0.498028909329829
380	35.4	0.49934296977661	0.842857142857143	20.9724047306176	0.49934296977661
381	35.6	0.50065703022339	0.847619047619048	21.0275952693824	0.50065703022339
382	35.8	0.501971090670171	0.852380952380952	21.0827858081472	0.501971090670171
383	36	0.503285151116951	0.857142857142857	21.137976346912	0.503285151116951
384	36	0.504599211563732	0.857142857142857	21.1931668856767	0.504599211563732
385	36	0.505913272010513	0.857142857142857	21.2483574244415	0.505913272010513
386	36	0.507227332457293	0.857142857142857	21.3035479632063	0.507227332457293
387	36	0.508541392904074	0.857142857142857	21.3587385019711	0.508541392904074
388	36	0.509855453350854	0.857142857142857	21.4139290407359	0.509855453350854
389	36	0.511169513797635	0.857142857142857	21.4691195795007	0.511169513797635
390	36	0.512483574244415	0.857142857142857	21.5243101182654	0.512483574244415
391	36	0.513797634691196	0.857142857142857	21.5795006570302	0.513797634691196
392	36	0.515111695137976	0.857142857142857	21.634691195795	0.515111695137976
393	36	0.516425755584757	0.857142857142857	21.6898817345598	0.516425755584757
394	36	0.517739816031537	0.857142857142857	21.7450722733246	0.517739816031537
395	36	0.519053876478318	0.857142857142857	21.8002628120894	0.519053876478318
396	36	0.520367936925099	0.857142857142857	21.8554533508541	0.520367936925099
397	36	0.521681997371879	0.857142857142857	21.9106438896189	0.521681997371879
398	36	0.52299605781866	0.857142857142857	21.9658344283837	0.52299605781866
399	36	0.52431011826544	0.857142857142857	22.0210249671485	0.52431011826544
400	36	0.525624178712221	0.857142857142857	22.0762155059133	0.525624178712221
401	36	0.526938239159001	0.857142857142857	22.1314060446781	0.526938239159001
402	36	0.528252299605782	0.857142857142857	22.1865965834428	0.528252299605782
403	36	0.529566360052562	0.857142857142857	22.2417871222076	0.529566360052562
404	36	0.530880420499343	0.857142857142857	22.2969776609724	0.530880420499343
405	36	0.532194480946124	0.857142857142857	22.3521681997372	0.532194480946124
406	36	0.533508541392904	0.857142857142857	22.407358738502	0.533508541392904
407	36	0.534822601839685	0.857142857142857	22.4625492772668	0.534822601839685
408	36	0.536136662286465	0.857142857142857	22.5177398160315	0.536136662286465
409	36	0.537450722733246	0.857142857142857	22.5729303547963	0.537450722733246
410	36	0.538764783180026	0.857142857142857	22.6281208935611	0.538764783180026
411	36	0.540078843626807	0.857142857142857	22.6833114323259	0.540078843626807
412	36	0.541392904073588	0.857142857142857	22.7385019710907	0.541392904073588
413	36	0.542706964520368	0.857142857142857	22.7936925098555	0.542706964520368
414	36	0.544021024967148	0.857142857142857	22.8488830486202	0.544021024967148
415	36	0.545335085413929	0.857142857142857	22.904073587385	0.545335085413929
416	36	0.54664914586071	0.857142857142857	22.9592641261498	0.54664914586071
417	36	0.54796320630749	0.857142857142857	23.0144546649146	0.54796320630749
418	36	0.549277266754271	0.857142857142857	23.0696452036794	0.549277266754271
419	36	0.550591327201051	0.857142857142857	23.1248357424442	0.550591327201051
420	36	0.551905387647832	0.857142857142857	23.1800262812089	0.551905387647832
421	36	0.553219448094612	0.857142857142857	23.2352168199737	0.553219448094612
422	36	0.554533508541393	0.857142857142857	23.2904073587385	0.554533508541393
423	36	0.555847568988173	0.857142857142857	23.3455978975033	0.555847568988173
424	36	0.557161629434954	0.857142857142857	23.4007884362681	0.557161629434954
425	36	0.558475689881735	0.857142857142857	23.4559789750329	0.558475689881735
426	36	0.559789750328515	0.857142857142857	23.5111695137976	0.559789750328515
427	36	0.561103810775296	0.857142857142857	23.5663600525624	0.561103810775296
428	36	0.562417871222076	0.857142857142857	23.6215505913272	0.562417871222076
429	36	0.563731931668857	0.857142857142857	23.676741130092	0.563731931668857
430	36	0.565045992115637	0.857142857142857	23.7319316688568	0.565045992115637
431	36	0.566360052562418	0.857142857142857	23.7871222076216	0.566360052562418
432	36	0.567674113009199	0.857142857142857	23.8423127463863	0.567674113009199
433	36	0.568988173455979	0.857142857142857	23.8975032851511	0.568988173455979
434	36	0.57030223390276	0.857142857142857	23.9526938239159	0.57030223390276
435	36	0.57161629434954	0.857142857142857	24.0078843626807	0.57161629434954
436	36	0.572930354796321	0.857142857142857	24.0630749014455	0.572930354796321
437	36	0.574244415243101	0.857142857142857	24.1182654402103	0.574244415243101
438	36	0.575558475689882	0.857142857142857	24.173455978975	0.575558475689882
439	36	0.576872536136662	0.857142857142857	24.2286465177398	0.576872536136662
440	36	0.578186596583443	0.857142857142857	24.2838370565046	0.578186596583443
441	36	0.579500657030223	0.857142857142857	24.3390275952694	0.579500657030223
442	36	0.580814717477004	0.857142857142857	24.3942181340342	0.580814717477004
443	36	0.582128777923785	0.857142857142857	24.449408672799	0.582128777923785
444	36	0.583442838370565	0.857142857142857	24.5045992115637	0.583442838370565
445	36	0.584756898817346	0.857142857142857	24.5597897503285	0.584756898817346
446	36	0.586070959264126	0.857142857142857	24.6149802890933	0.586070959264126
447	36	0.587385019710907	0.857142857142857	24.6701708278581	0.587385019710907
448	36	0.588699080157687	0.857142857142857	24.7253613666229	0.588699080157687
449	36	0.590013140604468	0.857142857142857	24.7805519053876	0.590013140604468
450	36	0.591327201051248	0.857142857142857	24.8357424441524	0.591327201051248
451	36	0.592641261498029	0.857142857142857	24.8909329829172	0.592641261498029
452	36	0.59395532194481	0.857142857142857	24.946123521682	0.59395532194481
453	36	0.59526938239159	0.857142857142857	25.0013140604468	0.59526938239159
454	36	0.596583442838371	0.857142857142857	25.0565045992116	0.596583442838371
455	36	0.597897503285151	0.857142857142857	25.1116951379764	0.597897503285151
456	36	0.599211563731932	0.857142857142857	25.1668856767411	0.599211563731932
457	36	0.600525624178712	0.857142857142857	25.2220762155059	0.600525624178712
458	36	0.601839684625493	0.857142857142857	25.2772667542707	0.601839684625493
459	36	0.603153745072273	0.857142857142857	25.3324572930355	0.603153745072273
460	36	0.604467805519054	0.857142857142857	25.3876478318003	0.604467805519054
461	36	0.605781865965834	0.857142857142857	25.442838370565	0.605781865965834
462	36	0.607095926412615	0.857142857142857	25.4980289093298	0.607095926412615
463	36	0.608409986859396	0.857142857142857	25.5532194480946	0.608409986859396
464	36	0.609724047306176	0.857142857142857	25.6084099868594	0.609724047306176
465	36	0.611038107752957	0.857142857142857	25.6636005256242	0.611038107752957
466	36	0.612352168199737	0.857142857142857	25.718791064389	0.612352168199737
467	36	0.613666228646518	0.857142857142857	25.7739816031537	0.613666228646518
468	36	0.614980289093298	0.857142857142857	25.8291721419185	0.614980289093298
469	36	0.616294349540079	0.857142857142857	25.8843626806833	0.616294349540079
470	36	0.617608409986859	0.857142857142857	25.9395532194481	0.617608409986859
471	36	0.61892247043364	0.857142857142857	25.9947437582129	0.61892247043364
472	36	0.620236530880421	0.857142857142857	26.0499342969777	0.620236530880421
473	36	0.621550591327201	0.857142857142857	26.1051248357424	0.621550591327201
474	36	0.622864651773982	0.857142857142857	26.1603153745072	0.622864651773982
475	36	0.624178712220762	0.857142857142857	26.215505913272	0.624178712220762
476	36	0.625492772667543	0.857142857142857	26.2706964520368	0.625492772667543
477	36	0.626806833114323	0.857142857142857	26.3258869908016	0.626806833114323
478	36	0.628120893561104	0.857142857142857	26.3810775295664	0.628120893561104
479	36	0.629434954007884	0.857142857142857	26.4362680683311	0.629434954007884
480	36	0.630749014454665	0.857142857142857	26.4914586070959	0.630749014454665
481	36	0.632063074901445	0.857142857142857	26.5466491458607	0.632063074901445
482	36	0.633377135348226	0.857142857142857	26.6018396846255	0.633377135348226
483	36	0.634691195795007	0.857142857142857	26.6570302233903	0.634691195795007
484	36	0.636005256241787	0.857142857142857	26.7122207621551	0.636005256241787
485	36	0.637319316688568	0.857142857142857	26.7674113009198	0.637319316688568
486	36	0.638633377135348	0.857142857142857	26.8226018396846	0.638633377135348
487	36	0.639947437582129	0.857142857142857	26.8777923784494	0.639947437582129
488	36	0.641261498028909	0.857142857142857	26.9329829172142	0.641261498028909
489	36	0.64257555847569	0.857142857142857	26.988173455979	0.64257555847569
490	36	0.64388961892247	0.857142857142857	27.0433639947438	0.64388961892247
491	36	0.645203679369251	0.857142857142857	27.0985545335085	0.645203679369251
492	36	0.646517739816032	0.857142857142857	27.1537450722733	0.646517739816032
493	36	0.647831800262812	0.857142857142857	27.2089356110381	0.647831800262812
494	36	0.649145860709593	0.857142857142857	27.2641261498029	0.649145860709593
495	36	0.650459921156373	0.857142857142857	27.3193166885677	0.650459921156373
496	36	0.651773981603154	0.857142857142857	27.3745072273325	0.651773981603154
497	36	0.653088042049934	0.857142857142857	27.4296977660972	0.653088042049934
498	36	0.654402102496715	0.857142857142857	27.484888304862	0.654402102496715
499	36	0.655716162943496	0.857142857142857	27.5400788436268	0.655716162943496
500	36	0.657030223390276	0.857142857142857	27.5952693823916	0.657030223390276
501	36	0.658344283837057	0.857142857142857	27.6504599211564	0.658344283837057
502	36	0.659658344283837	0.857142857142857	27.7056504599212	0.659658344283837
503	36	0.660972404730618	0.857142857142857	27.7608409986859	0.660972404730618
504	36.0789473684211	0.662286465177398	0.859022556390977	27.8160315374507	0.662286465177398
505	36.1578947368421	0.663600525624179	0.860902255639098	27.8712220762155	0.663600525624179
506	36.2368421052632	0.664914586070959	0.862781954887218	27.9264126149803	0.664914586070959
507	36.3157894736842	0.66622864651774	0.864661654135338	27.9816031537451	0.66622864651774
508	36.3947368421053	0.66754270696452	0.866541353383459	28.0367936925099	0.66754270696452
509	36.4736842105263	0.668856767411301	0.868421052631579	28.0919842312746	0.668856767411301
510	36.5526315789474	0.670170827858081	0.870300751879699	28.1471747700394	0.670170827858081
511	36.6315789473684	0.671484888304862	0.87218045112782	28.2023653088042	0.671484888304862
512	36.7105263157895	0.672798948751643	0.87406015037594	28.257555847569	0.672798948751643
513	36.7894736842105	0.674113009198423	0.87593984962406	28.3127463863338	0.674113009198423
514	36.8684210526316	0.675427069645204	0.877819548872181	28.3679369250986	0.675427069645204
515	36.9473684210526	0.676741130091984	0.879699248120301	28.4231274638633	0.676741130091984
516	37.0263157894737	0.678055190538765	0.881578947368421	28.4783180026281	0.678055190538765
517	37.1052631578947	0.679369250985545	0.883458646616541	28.5335085413929	0.679369250985545
518	37.1842105263158	0.680683311432326	0.885338345864662	28.5886990801577	0.680683311432326
519	37.2631578947368	0.681997371879107	0.887218045112782	28.6438896189225	0.681997371879107
520	37.3421052631579	0.683311432325887	0.889097744360902	28.6990801576873	0.683311432325887
521	37.4210526315789	0.684625492772668	0.890977443609023	28.754270696452	0.684625492772668
522	37.5	0.685939553219448	0.892857142857143	28.8094612352168	0.685939553219448
523	37.5789473684211	0.687253613666229	0.894736842105263	28.8646517739816	0.687253613666229
524	37.6578947368421	0.688567674113009	0.896616541353384	28.9198423127464	0.688567674113009
525	37.7368421052632	0.68988173455979	0.898496240601504	28.9750328515112	0.68988173455979
526	37.8157894736842	0.69119579500657	0.900375939849624	29.030223390276	0.69119579500657
527	37.8947368421053	0.692509855453351	0.902255639097744	29.0854139290407	0.692509855453351
528	37.9736842105263	0.693823915900131	0.904135338345865	29.1406044678055	0.693823915900131
529	38.0526315789474	0.695137976346912	0.906015037593985	29.1957950065703	0.695137976346912
530	38.1315789473684	0.696452036793693	0.907894736842105	29.2509855453351	0.696452036793693
531	38.2105263157895	0.697766097240473	0.909774436090226	29.3061760840999	0.697766097240473
532	38.2894736842105	0.699080157687254	0.911654135338346	29.3613666228647	0.699080157687254
533	38.3684210526316	0.700394218134034	0.913533834586466	29.4165571616294	0.700394218134034
534	38.4473684210526	0.701708278580815	0.915413533834587	29.4717477003942	0.701708278580815
535	38.5263157894737	0.703022339027595	0.917293233082707	29.526938239159	0.703022339027595
536	38.6052631578947	0.704336399474376	0.919172932330827	29.5821287779238	0.704336399474376
537	38.6842105263158	0.705650459921156	0.921052631578947	29.6373193166886	0.705650459921156
538	38.7631578947368	0.706964520367937	0.922932330827068	29.6925098554534	0.706964520367937
539	38.8421052631579	0.708278580814718	0.924812030075188	29.7477003942181	0.708278580814718
540	38.9210526315789	0.709592641261498	0.926691729323308	29.8028909329829	0.709592641261498
541	39	0.710906701708279	0.928571428571429	29.8580814717477	0.710906701708279
542	39	0.712220762155059	0.928571428571429	29.9132720105125	0.712220762155059
543	39	0.71353482260184	0.928571428571429	29.9684625492773	0.71353482260184
544	39	0.71484888304862	0.928571428571429	30.0236530880421	0.71484888304862
545	39	0.716162943495401	0.928571428571429	30.0788436268068	0.716162943495401
546	39	0.717477003942181	0.928571428571429	30.1340341655716	0.717477003942181
547	39	0.718791064388962	0.928571428571429	30.1892247043364	0.718791064388962
548	39	0.720105124835742	0.928571428571429	30.2444152431012	0.720105124835742
549	39	0.721419185282523	0.928571428571429	30.299605781866	0.721419185282523
550	39	0.722733245729304	0.928571428571429	30.3547963206308	0.722733245729304
551	39	0.724047306176084	0.928571428571429	30.4099868593955	0.724047306176084
552	39	0.725361366622865	0.928571428571429	30.4651773981603	0.725361366622865
553	39	0.726675427069645	0.928571428571429	30.5203679369251	0.726675427069645
554	39	0.727989487516426	0.928571428571429	30.5755584756899	0.727989487516426
555	39	0.729303547963206	0.928571428571429	30.6307490144547	0.729303547963206
556	39	0.730617608409987	0.928571428571429	30.6859395532195	0.730617608409987
557	39	0.731931668856768	0.928571428571429	30.7411300919842	0.731931668856768
558	39	0.733245729303548	0.928571428571429	30.796320630749	0.733245729303548
559	39	0.734559789750329	0.928571428571429	30.8515111695138	0.734559789750329
560	39	0.735873850197109	0.928571428571429	30.9067017082786	0.735873850197109
561	39	0.73718791064389	0.928571428571429	30.9618922470434	0.73718791064389
562	39	0.73850197109067	0.928571428571429	31.0170827858082	0.73850197109067
563	39	0.739816031537451	0.928571428571429	31.0722733245729	0.739816031537451
564	39	0.741130091984231	0.928571428571429	31.1274638633377	0.741130091984231
565	39	0.742444152431012	0.928571428571429	31.1826544021025	0.742444152431012
566	39	0.743758212877792	0.928571428571429	31.2378449408673	0.743758212877792
567	39	0.745072273324573	0.928571428571429	31.2930354796321	0.745072273324573
568	39	0.746386333771353	0.928571428571429	31.3482260183969	0.746386333771353
569	39	0.747700394218134	0.928571428571429	31.4034165571616	0.747700394218134
570	39	0.749014454664915	0.928571428571429	31.4586070959264	0.749014454664915
571	39	0.750328515111695	0.928571428571429	31.5137976346912	0.750328515111695
572	39	0.751642575558476	0.928571428571429	31.568988173456	0.751642575558476
573	39	0.752956636005256	0.928571428571429	31.6241787122208	0.752956636005256
574	39	0.754270696452037	0.928571428571429	31.6793692509855	0.754270696452037
575	39	0.755584756898817	0.928571428571429	31.7345597897503	0.755584756898817
576	39	0.756898817345598	0.928571428571429	31.7897503285151	0.756898817345598
577	39	0.758212877792379	0.928571428571429	31.8449408672799	0.758212877792379
578	39	0.759526938239159	0.928571428571429	31.9001314060447	0.759526938239159
579	39	0.76084099868594	0.928571428571429	31.9553219448095	0.76084099868594
580	39	0.76215505913272	0.928571428571429	32.0105124835743	0.76215505913272
581	39	0.763469119579501	0.928571428571429	32.065703022339	0.763469119579501
582	39	0.764783180026281	0.928571428571429	32.1208935611038	0.764783180026281
583	39	0.766097240473062	0.928571428571429	32.1760840998686	0.766097240473062
584	39	0.767411300919842	0.928571428571429	32.2312746386334	0.767411300919842
585	39	0.768725361366623	0.928571428571429	32.2864651773982	0.768725361366623
586	39	0.770039421813404	0.928571428571429	32.3416557161629	0.770039421813404
587	39	0.771353482260184	0.928571428571429	32.3968462549277	0.771353482260184
588	39	0.772667542706965	0.928571428571429	32.4520367936925	0.772667542706965
589	39	0.773981603153745	0.928571428571429	32.5072273324573	0.773981603153745
590	39	0.775295663600526	0.928571428571429	32.5624178712221	0.775295663600526
591	39	0.776609724047306	0.928571428571429	32.6176084099869	0.776609724047306
592	39	0.777923784494087	0.928571428571429	32.6727989487516	0.777923784494087
593	39	0.779237844940867	0.928571428571429	32.7279894875164	0.779237844940867
594	39	0.780551905387648	0.928571428571429	32.7831800262812	0.780551905387648
595	39.0769230769231	0.781865965834428	0.93040293040293	32.838370565046	0.781865965834428
596	39.1538461538462	0.783180026281209	0.932234432234432	32.8935611038108	0.783180026281209
597	39.2307692307692	0.78449408672799	0.934065934065934	32.9487516425756	0.78449408672799
598	39.3076923076923	0.78580814717477	0.935897435897436	33.0039421813403	0.78580814717477
599	39.3846153846154	0.787122207621551	0.937728937728938	33.0591327201051	0.787122207621551
600	39.4615384615385	0.788436268068331	0.93956043956044	33.1143232588699	0.788436268068331
601	39.5384615384615	0.789750328515112	0.941391941391941	33.1695137976347	0.789750328515112
602	39.6153846153846	0.791064388961892	0.943223443223443	33.2247043363995	0.791064388961892
603	39.6923076923077	0.792378449408673	0.945054945054945	33.2798948751643	0.792378449408673
604	39.7692307692308	0.793692509855453	0.946886446886447	33.335085413929	0.793692509855453
605	39.8461538461538	0.795006570302234	0.948717948717949	33.3902759526938	0.795006570302234
606	39.9230769230769	0.796320630749015	0.950549450549451	33.4454664914586	0.796320630749015
607	40	0.797634691195795	0.952380952380952	33.5006570302234	0.797634691195795
608	40.0148148148148	0.798948751642576	0.952733686067019	33.5558475689882	0.798948751642576
609	40.0296296296296	0.800262812089356	0.953086419753087	33.611038107753	0.800262812089356
610	40.0444444444444	0.801576872536137	0.953439153439153	33.6662286465177	0.801576872536137
611	40.0592592592593	0.802890932982917	0.95379188712522	33.7214191852825	0.802890932982917
612	40.0740740740741	0.804204993429698	0.954144620811288	33.7766097240473	0.804204993429698
613	40.0888888888889	0.805519053876478	0.954497354497354	33.8318002628121	0.805519053876478
614	40.1037037037037	0.806833114323259	0.954850088183422	33.8869908015769	0.806833114323259
615	40.1185185185185	0.80814717477004	0.955202821869489	33.9421813403417	0.80814717477004
616	40.1333333333333	0.80946123521682	0.955555555555556	33.9973718791064	0.80946123521682
617	40.1481481481482	0.810775295663601	0.955908289241622	34.0525624178712	0.810775295663601
618	40.162962962963	0.812089356110381	0.95626102292769	34.107752956636	0.812089356110381
619	40.1777777777778	0.813403416557162	0.956613756613757	34.1629434954008	0.813403416557162
620	40.1925925925926	0.814717477003942	0.956966490299824	34.2181340341656	0.814717477003942
621	40.2074074074074	0.816031537450723	0.957319223985891	34.2733245729304	0.816031537450723
622	40.2222222222222	0.817345597897503	0.957671957671958	34.3285151116951	0.817345597897503
623	40.237037037037	0.818659658344284	0.958024691358025	34.3837056504599	0.818659658344284
624	40.2518518518519	0.819973718791064	0.958377425044092	34.4388961892247	0.819973718791064
625	40.2666666666667	0.821287779237845	0.958730158730159	34.4940867279895	0.821287779237845
626	40.2814814814815	0.822601839684626	0.959082892416226	34.5492772667543	0.822601839684626
627	40.2962962962963	0.823915900131406	0.959435626102293	34.6044678055191	0.823915900131406
628	40.3111111111111	0.825229960578187	0.95978835978836	34.6596583442838	0.825229960578187
629	40.3259259259259	0.826544021024967	0.960141093474427	34.7148488830486	0.826544021024967
630	40.3407407407407	0.827858081471748	0.960493827160494	34.7700394218134	0.827858081471748
631	40.3555555555556	0.829172141918528	0.960846560846561	34.8252299605782	0.829172141918528
632	40.3703703703704	0.830486202365309	0.961199294532628	34.880420499343	0.830486202365309
633	40.3851851851852	0.831800262812089	0.961552028218695	34.9356110381078	0.831800262812089
634	40.4	0.83311432325887	0.961904761904762	34.9908015768725	0.83311432325887
635	40.4148148148148	0.834428383705651	0.962257495590829	35.0459921156373	0.834428383705651
636	40.4296296296296	0.835742444152431	0.962610229276896	35.1011826544021	0.835742444152431
637	40.4444444444444	0.837056504599212	0.962962962962963	35.1563731931669	0.837056504599212
638	40.4592592592593	0.838370565045992	0.96331569664903	35.2115637319317	0.838370565045992
639	40.4740740740741	0.839684625492773	0.963668430335097	35.2667542706965	0.839684625492773
640	40.4888888888889	0.840998685939553	0.964021164021164	35.3219448094612	0.840998685939553
641	40.5037037037037	0.842312746386334	0.964373897707231	35.377135348226	0.842312746386334
642	40.5185185185185	0.843626806833114	0.964726631393298	35.4323258869908	0.843626806833114
643	40.5333333333333	0.844940867279895	0.965079365079365	35.4875164257556	0.844940867279895
644	40.5481481481482	0.846254927726676	0.965432098765432	35.5427069645204	0.846254927726676
645	40.562962962963	0.847568988173456	0.965784832451499	35.5978975032852	0.847568988173456
646	40.5777777777778	0.848883048620237	0.966137566137566	35.6530880420499	0.848883048620237
647	40.5925925925926	0.850197109067017	0.966490299823633	35.7082785808147	0.850197109067017
648	40.6074074074074	0.851511169513798	0.9668430335097	35.7634691195795	0.851511169513798
649	40.6222222222222	0.852825229960578	0.967195767195767	35.8186596583443	0.852825229960578
650	40.637037037037	0.854139290407359	0.967548500881834	35.8738501971091	0.854139290407359
651	40.6518518518519	0.855453350854139	0.967901234567901	35.9290407358739	0.855453350854139
652	40.6666666666667	0.85676741130092	0.968253968253968	35.9842312746386	0.85676741130092
653	40.6814814814815	0.8580814717477	0.968606701940035	36.0394218134034	0.8580814717477
654	40.6962962962963	0.859395532194481	0.968959435626102	36.0946123521682	0.859395532194481
655	40.7111111111111	0.860709592641262	0.969312169312169	36.149802890933	0.860709592641262
656	40.7259259259259	0.862023653088042	0.969664902998236	36.2049934296978	0.862023653088042
657	40.7407407407407	0.863337713534823	0.970017636684303	36.2601839684626	0.863337713534823
658	40.7555555555556	0.864651773981603	0.97037037037037	36.3153745072273	0.864651773981603
659	40.7703703703704	0.865965834428384	0.970723104056438	36.3705650459921	0.865965834428384
660	40.7851851851852	0.867279894875164	0.971075837742504	36.4257555847569	0.867279894875164
661	40.8	0.868593955321945	0.971428571428571	36.4809461235217	0.868593955321945
662	40.8148148148148	0.869908015768725	0.971781305114638	36.5361366622865	0.869908015768725
663	40.8296296296296	0.871222076215506	0.972134038800706	36.5913272010513	0.871222076215506
664	40.8444444444444	0.872536136662287	0.972486772486772	36.646517739816	0.872536136662287
665	40.8592592592593	0.873850197109067	0.97283950617284	36.7017082785808	0.873850197109067
666	40.8740740740741	0.875164257555848	0.973192239858906	36.7568988173456	0.875164257555848
667	40.8888888888889	0.876478318002628	0.973544973544973	36.8120893561104	0.876478318002628
668	40.9037037037037	0.877792378449409	0.973897707231041	36.8672798948752	0.877792378449409
669	40.9185185185185	0.879106438896189	0.974250440917108	36.9224704336399	0.879106438896189
670	40.9333333333333	0.88042049934297	0.974603174603175	36.9776609724047	0.88042049934297
671	40.9481481481482	0.88173455978975	0.974955908289242	37.0328515111695	0.88173455978975
672	40.962962962963	0.883048620236531	0.975308641975309	37.0880420499343	0.883048620236531
673	40.9777777777778	0.884362680683312	0.975661375661376	37.1432325886991	0.884362680683312
674	40.9925925925926	0.885676741130092	0.976014109347443	37.1984231274639	0.885676741130092
675	41.0074074074074	0.886990801576873	0.97636684303351	37.2536136662287	0.886990801576873
676	41.0222222222222	0.888304862023653	0.976719576719577	37.3088042049934	0.888304862023653
677	41.037037037037	0.889618922470434	0.977072310405644	37.3639947437582	0.889618922470434
678	41.0518518518519	0.890932982917214	0.977425044091711	37.419185282523	0.890932982917214
679	41.0666666666667	0.892247043363995	0.977777777777778	37.4743758212878	0.892247043363995
680	41.0814814814815	0.893561103810775	0.978130511463845	37.5295663600526	0.893561103810775
681	41.0962962962963	0.894875164257556	0.978483245149912	37.5847568988173	0.894875164257556
682	41.1111111111111	0.896189224704336	0.978835978835979	37.6399474375821	0.896189224704336
683	41.1259259259259	0.897503285151117	0.979188712522046	37.6951379763469	0.897503285151117
684	41.1407407407407	0.898817345597898	0.979541446208113	37.7503285151117	0.898817345597898
685	41.1555555555556	0.900131406044678	0.97989417989418	37.8055190538765	0.900131406044678
686	41.1703703703704	0.901445466491459	0.980246913580247	37.8607095926413	0.901445466491459
687	41.1851851851852	0.902759526938239	0.980599647266314	37.915900131406	0.902759526938239
688	41.2	0.90407358738502	0.980952380952381	37.9710906701708	0.90407358738502
689	41.2148148148148	0.9053876478318	0.981305114638448	38.0262812089356	0.9053876478318
690	41.2296296296296	0.906701708278581	0.981657848324515	38.0814717477004	0.906701708278581
691	41.2444444444445	0.908015768725361	0.982010582010582	38.1366622864652	0.908015768725361
692	41.2592592592593	0.909329829172142	0.982363315696649	38.19185282523	0.909329829172142
693	41.2740740740741	0.910643889618922	0.982716049382716	38.2470433639947	0.910643889618922
694	41.2888888888889	0.911957950065703	0.983068783068783	38.3022339027595	0.911957950065703
695	41.3037037037037	0.913272010512484	0.98342151675485	38.3574244415243	0.913272010512484
696	41.3185185185185	0.914586070959264	0.983774250440917	38.4126149802891	0.914586070959264
697	41.3333333333333	0.915900131406045	0.984126984126984	38.4678055190539	0.915900131406045
698	41.3481481481482	0.917214191852825	0.984479717813051	38.5229960578187	0.917214191852825
699	41.362962962963	0.918528252299606	0.984832451499118	38.5781865965834	0.918528252299606
700	41.3777777777778	0.919842312746386	0.985185185185185	38.6333771353482	0.919842312746386
701	41.3925925925926	0.921156373193167	0.985537918871252	38.688567674113	0.921156373193167
702	41.4074074074074	0.922470433639947	0.985890652557319	38.7437582128778	0.922470433639947
703	41.4222222222222	0.923784494086728	0.986243386243386	38.7989487516426	0.923784494086728
704	41.437037037037	0.925098554533509	0.986596119929453	38.8541392904074	0.925098554533509
705	41.4518518518519	0.926412614980289	0.98694885361552	38.9093298291721	0.926412614980289
706	41.4666666666667	0.92772667542707	0.987301587301587	38.9645203679369	0.92772667542707
707	41.4814814814815	0.92904073587385	0.987654320987654	39.0197109067017	0.92904073587385
708	41.4962962962963	0.930354796320631	0.988007054673721	39.0749014454665	0.930354796320631
709	41.5111111111111	0.931668856767411	0.988359788359788	39.1300919842313	0.931668856767411
710	41.5259259259259	0.932982917214192	0.988712522045855	39.1852825229961	0.932982917214192
711	41.5407407407407	0.934296977660972	0.989065255731922	39.2404730617608	0.934296977660972
712	41.5555555555556	0.935611038107753	0.989417989417989	39.2956636005256	0.935611038107753
713	41.5703703703704	0.936925098554534	0.989770723104056	39.3508541392904	0.936925098554534
714	41.5851851851852	0.938239159001314	0.990123456790123	39.4060446780552	0.938239159001314
715	41.6	0.939553219448095	0.990476190476191	39.46123521682	0.939553219448095
716	41.6148148148148	0.940867279894875	0.990828924162257	39.5164257555848	0.940867279894875
717	41.6296296296296	0.942181340341656	0.991181657848325	39.5716162943495	0.942181340341656
718	41.6444444444444	0.943495400788436	0.991534391534392	39.6268068331143	0.943495400788436
719	41.6592592592593	0.944809461235217	0.991887125220459	39.6819973718791	0.944809461235217
720	41.6740740740741	0.946123521681997	0.992239858906525	39.7371879106439	0.946123521681997
721	41.6888888888889	0.947437582128778	0.992592592592593	39.7923784494087	0.947437582128778
722	41.7037037037037	0.948751642575558	0.99294532627866	39.8475689881735	0.948751642575558
723	41.7185185185185	0.950065703022339	0.993298059964727	39.9027595269382	0.950065703022339
724	41.7333333333333	0.95137976346912	0.993650793650794	39.957950065703	0.95137976346912
725	41.7481481481482	0.9526938239159	0.994003527336861	40.0131406044678	0.9526938239159
726	41.762962962963	0.954007884362681	0.994356261022928	40.0683311432326	0.954007884362681
727	41.7777777777778	0.955321944809461	0.994708994708995	40.1235216819974	0.955321944809461
728	41.7925925925926	0.956636005256242	0.995061728395062	40.1787122207622	0.956636005256242
729	41.8074074074074	0.957950065703022	0.995414462081129	40.2339027595269	0.957950065703022
730	41.8222222222222	0.959264126149803	0.995767195767196	40.2890932982917	0.959264126149803
731	41.837037037037	0.960578186596583	0.996119929453263	40.3442838370565	0.960578186596583
732	41.8518518518519	0.961892247043364	0.99647266313933	40.3994743758213	0.961892247043364
733	41.8666666666667	0.963206307490145	0.996825396825397	40.4546649145861	0.963206307490145
734	41.8814814814815	0.964520367936925	0.997178130511464	40.5098554533509	0.964520367936925
735	41.8962962962963	0.965834428383706	0.997530864197531	40.5650459921156	0.965834428383706
736	41.9111111111111	0.967148488830486	0.997883597883598	40.6202365308804	0.967148488830486
737	41.9259259259259	0.968462549277267	0.998236331569665	40.6754270696452	0.968462549277267
738	41.9407407407407	0.969776609724047	0.998589065255732	40.73061760841	0.969776609724047
739	41.9555555555556	0.971090670170828	0.998941798941799	40.7858081471748	0.971090670170828
740	41.9703703703704	0.972404730617608	0.999294532627866	40.8409986859396	0.972404730617608
741	41.9851851851852	0.973718791064389	0.999647266313933	40.8961892247043	0.973718791064389
742	42	0.97503285151117	1	40.9513797634691	0.97503285151117
743	42	0.97634691195795	1	41.0065703022339	0.97634691195795
744	42	0.977660972404731	1	41.0617608409987	0.977660972404731
745	42	0.978975032851511	1	41.1169513797635	0.978975032851511
746	42	0.980289093298292	1	41.1721419185283	0.980289093298292
747	42	0.981603153745072	1	41.227332457293	0.981603153745072
748	42	0.982917214191853	1	41.2825229960578	0.982917214191853
749	42	0.984231274638633	1	41.3377135348226	0.984231274638633
750	42	0.985545335085414	1	41.3929040735874	0.985545335085414
751	42	0.986859395532194	1	41.4480946123522	0.986859395532194
752	42	0.988173455978975	1	41.5032851511169	0.988173455978975
753	42	0.989487516425756	1	41.5584756898817	0.989487516425756
754	42	0.990801576872536	1	41.6136662286465	0.990801576872536
755	42	0.992115637319317	1	41.6688567674113	0.992115637319317
756	42	0.993429697766097	1	41.7240473061761	0.993429697766097
757	42	0.994743758212878	1	41.7792378449409	0.994743758212878
758	42	0.996057818659658	1	41.8344283837057	0.996057818659658
759	42	0.997371879106439	1	41.8896189224704	0.997371879106439
760	42	0.998685939553219	1	41.9448094612352	0.998685939553219
761	42	1	1	42	1
