motif	HEK293T_log_ratio	HEK293T_n	HeLa_log_ratio	HeLa_n	pooled_n
"AAUAA"	1.67387085367399	5	1.62225860086316	3	8
"AAUAC"	0.885413493309716	2	0.774960740475958	1	3
"AAUAG"	1.22188572993093	3	1.28578636424195	2	5
"AAUAU"	0.885413493309716	2	0.774960740475958	1	3
"AAUCA"	1.22188572993093	3	0.523646312195052	4	7
"AAUCC"	2.10918892493183	8	1.28578636424195	2	10
"AAUCU"	1.22188572993093	3	1.28578636424195	2	5
"AAUGA"	0.374587869543726	1	0.0128206884290609	5	6
"AAUGC"	1.22188572993093	3	-0.323651548192151	2	5
"AAUGG"	0.231487025903052	8	-1.17094940857936	4	12
"AAUGU"	0.885413493309716	2	0.774960740475958	1	3
"ACUAC"	0.885413493309716	2	1.28578636424195	2	4
"ACUAU"	0.885413493309716	8	1.14268552060128	7	15
"ACUCA"	1.84092493833715	6	1.62225860086316	3	9
"ACUCU"	2.10918892493183	8	2.24129780926939	6	14
"ACUGA"	1.47320015821184	4	2.07424372460622	5	9
"ACUGC"	0.374587869543726	1	1.28578636424195	2	3
"ACUGU"	1.47320015821184	4	-0.323651548192152	6	10
"AGUAC"	0.374587869543726	1	0.774960740475958	1	2
"AGUAU"	-1.82263670779249	1	-0.323651548192151	2	3
"AGUCC"	-2.9212489964606	4	-0.834477171958143	3	7
"AGUCU"	1.22188572993093	3	0.774960740475958	1	4
"AGUGA"	1.22188572993093	3	0.774960740475958	1	4
"AGUGC"	0.885413493309716	2	-1.42226383686026	1	3
"AGUGG"	-3.43207462022659	7	-2.72154682099052	5	12
"CAUAG"	1.98402578197783	7	1.62225860086316	3	10
"CAUCA"	0.374587869543726	1	2.07424372460622	5	6
"CAUCC"	2.32049801859904	10	1.11143297709717	12	22
"CAUCU"	1.84092493833715	6	1.14268552060128	7	13
"CAUGA"	1.67387085367399	5	0.523646312195052	4	9
"CAUGG"	1.84092493833715	6	1.28578636424195	2	8
"CAUGU"	1.47320015821184	4	0.187174075573839	3	7
"CCUAC"	0.374587869543726	1	0.774960740475958	1	2
"CCUAU"	-1.23485004289037	3	1.28578636424195	2	5
"CCUCG"	-1.82263670779249	1	-1.42226383686026	1	2
"CCUCU"	-0.724024419124384	2	-0.323651548192151	2	4
"CCUGA"	0.885413493309716	2	1.28578636424195	2	4
"CCUGC"	0.885413493309716	2	-0.834477171958143	3	5
"CCUGG"	0.374587869543726	1	1.87357302914407	4	5
"CCUGU"	1.67387085367399	5	-0.323651548192151	2	7
"CGUAA"	-0.724024419124384	4	1.62225860086316	3	7
"CGUAC"	0.885413493309716	2	-1.42226383686026	1	3
"CGUCA"	0.374587869543726	1	1.87357302914407	4	5
"CGUGA"	0.575258565005877	6	-0.959640314912148	12	18
"CGUGG"	-3.43207462022659	7	-1.93308946062625	2	9
"GAUAA"	1.47320015821184	4	1.28578636424195	2	6
"GAUAG"	0.885413493309716	2	0.774960740475958	1	3
"GAUAU"	1.84092493833715	6	1.28578636424195	2	8
"GAUCA"	-0.213198795358394	3	1.28578636424195	2	5
"GAUCC"	0.885413493309716	8	-0.0723371199112455	7	15
"GAUCG"	0.374587869543725	5	-0.323651548192151	2	7
"GAUCU"	1.67387085367399	5	1.28578636424195	2	7
"GAUGA"	-0.213198795358394	3	0.774960740475959	5	8
"GAUGC"	-0.724024419124384	4	1.28578636424195	2	6
"GAUGG"	1.47320015821184	4	0.187174075573839	3	7
"GAUGU"	1.67387085367399	5	-1.42226383686026	1	6
"GCUAA"	1.47320015821184	4	1.87357302914407	4	8
"GCUAC"	1.98402578197783	7	2.89522427667605	12	19
"GCUAG"	-0.724024419124384	2	-0.834477171958143	3	5
"GCUAU"	1.67387085367399	5	1.28578636424195	2	7
"GCUCA"	0.374587869543726	1	1.87357302914407	4	5
"GCUCC"	1.22188572993093	3	2.89522427667605	12	15
"GCUCG"	-0.213198795358394	3	-2.72154682099052	5	8
"GCUCU"	-0.724024419124384	6	1.28578636424195	8	14
"GCUGA"	0.962374534445845	15	-0.323651548192152	20	35
"GCUGC"	-0.523353723662233	9	-0.691376328317468	10	19
"GCUGG"	1.22188572993093	3	2.38439865291006	7	10
"GCUGU"	0.0644329412398861	7	-0.834477171958142	11	18
"GGUAA"	2.49485140574382	12	2.07424372460622	5	17
"GGUAC"	2.41146979680477	11	1.62225860086316	3	14
"GGUAU"	2.98954764757992	20	0.774960740475958	1	21
"GGUCA"	-0.724024419124384	4	-0.775636671935209	8	12
"GGUCC"	-3.76854685684781	10	-1.42226383686026	5	15
"GGUCG"	-3.12191969192276	5	-1.42226383686026	1	6
"GGUCU"	0.123273441262819	4	-1.93308946062625	2	6
"GGUGA"	1.67387085367399	17	0.312337218527845	12	29
"GGUGC"	-0.136237754222265	20	-0.691376328317468	10	30
"GGUGG"	-3.85951863505353	35	-2.88860090565369	34	69
"GGUGU"	0.465559647749452	14	-1.42226383686026	5	19
"UAUAA"	0.374587869543726	1	0.774960740475958	1	2
"UAUAC"	1.47320015821184	4	1.87357302914407	4	8
"UAUAG"	2.22041456004206	9	1.87357302914407	4	13
"UAUAU"	0.374587869543726	1	1.87357302914407	4	5
"UAUCA"	1.22188572993093	3	0.774960740475958	1	4
"UAUCC"	2.32049801859904	10	-0.323651548192151	2	12
"UAUCG"	-1.82263670779249	1	0.187174075573839	3	4
"UAUCU"	0.374587869543726	1	0.774960740475958	1	2
"UAUGA"	0.374587869543726	1	1.28578636424195	2	3
"UAUGC"	1.67387085367399	5	0.187174075573839	3	8
"UCUAC"	0.374587869543726	1	-1.42226383686026	1	2
"UCUAG"	0.163278775876519	11	0.464805812172118	7	18
"UCUCU"	0.885413493309716	2	-1.42226383686026	1	3
"UCUGA"	-1.82263670779249	1	1.28578636424195	2	3
"UCUGC"	0.374587869543726	1	1.28578636424195	2	3
"UCUGU"	0.374587869543726	1	-0.323651548192151	2	3
"UGUAA"	0.885413493309716	2	0.774960740475958	1	3
"UGUAG"	0.167973620180726	42	-0.932715611541555	43	85
"UGUAU"	0.885413493309716	2	0.774960740475958	1	3
"UGUCA"	0.374587869543725	5	-0.660123784813365	5	10
"UGUCC"	-3.12191969192276	5	0.774960740475958	1	6
"UGUCG"	0.374587869543726	1	0.774960740475958	1	2
"UGUCU"	0.374587869543725	5	1.62225860086316	3	8
"UGUGA"	0.123273441262819	4	-0.660123784813365	5	9
"UGUGG"	-2.41042337269461	15	-1.08579160023905	10	25
"UGUGU"	0.374587869543726	1	1.28578636424195	2	3
